Real-time,Station1,Station2
12/15/2017 0:00,63.27,63.93
12/15/2017 1:00,59.17,62.52
12/15/2017 2:00,56.67,60.25
12/15/2017 3:00, ,61.49
12/15/2017 4:00,64.06,66.67
12/15/2017 5:00,64.75,70.3
12/15/2017 6:00,69.21,72.92
12/15/2017 7:00,70.9,74.48
12/15/2017 8:00,71.05,73.92
12/15/2017 9:00,69.89,71.36
12/15/2017 10:00,69.37,70.8
12/15/2017 11:00,69.84,65.98
12/15/2017 12:00,65.84,65.1
12/15/2017 13:00,63.86,63.81
12/15/2017 14:00,64.96,64.85
12/15/2017 15:00,66.36,72.45
12/15/2017 16:00,71.47,72.1
12/15/2017 17:00,66.92,68.97
12/15/2017 18:00,66.64,66.69
12/15/2017 19:00,73.49,68.01
12/15/2017 20:00,76.98,76.26
12/15/2017 21:00,75.96,68.81
12/15/2017 22:00,68.51,66.86
12/15/2017 23:00,60.7,59.89
12/16/2017 0:00,64.59,64.66
12/16/2017 1:00,63.25,64.51
12/16/2017 2:00,63.5,67.08
12/16/2017 3:00,63.49,67.5
12/16/2017 4:00,64.27,71.3
12/16/2017 5:00,66.02,73.62
12/16/2017 6:00,67.32,73.51
12/16/2017 7:00,69.58,75.4
12/16/2017 8:00,70.01,77.81
12/16/2017 9:00,69.61,77.93
12/16/2017 10:00,68.64,75.69
12/16/2017 11:00,67.3,76.69
12/16/2017 12:00,65.6,75.06
12/16/2017 13:00,65.91,73.24
12/16/2017 14:00,67.63,75.25
12/16/2017 15:00,68.42,79.34
12/16/2017 16:00,69.74,71.01
12/16/2017 17:00,67.53,72.55
12/16/2017 18:00,65.63,71.16
12/16/2017 19:00,60.62,67.83
12/16/2017 20:00,64.52,71.67
12/16/2017 21:00,63.02,69.99
12/16/2017 22:00,63.47,71.22
12/16/2017 23:00,67.39,72.94
12/17/2017 0:00,69.41,74.46
12/17/2017 1:00,72.97,75.28
12/17/2017 2:00, ,76
12/17/2017 3:00,75.28,74.23
12/17/2017 4:00,75.85,74.57
12/17/2017 5:00,77.26,74.63
12/17/2017 6:00,76.95,76.14
12/17/2017 7:00,75.22,76.34
12/17/2017 8:00,67.99,76.24
12/17/2017 9:00,68.52,77.72
12/17/2017 10:00,66.87,76.78
12/17/2017 11:00,69.43,75.24
12/17/2017 12:00,70.2,75.06
12/17/2017 13:00,70.74,76.82
12/17/2017 14:00,68.99,77.41
12/17/2017 15:00,70.5,76.29
12/17/2017 16:00,72.63,77.12
12/17/2017 17:00,73.14,76.31
12/17/2017 18:00,71.94,77.06
12/17/2017 19:00,73.13,75.43
12/17/2017 20:00,72.38,75.55
12/17/2017 21:00,76.08,76.07
12/17/2017 22:00,76.18,76.67
12/17/2017 23:00,76.96,78.24
12/18/2017 0:00,77.39,77.78
12/18/2017 1:00,73.31,77.79
12/18/2017 2:00,73.01,79.07
12/18/2017 3:00,74.23, 
12/18/2017 4:00,76.1,79.92
12/18/2017 5:00,75.93,81.2
12/18/2017 6:00,75.4,81.9
12/18/2017 7:00,76.01,81
12/18/2017 8:00,75.08,79.44
12/18/2017 9:00,72.79, 
12/18/2017 10:00,76.66, 
12/18/2017 11:00, ,79.77
12/18/2017 12:00,73.75,78.57
12/18/2017 13:00,75.43,81.6
12/18/2017 14:00,76.43,80.5
12/18/2017 15:00,76.04,79.93
12/18/2017 16:00,74.03,77.92
12/18/2017 17:00,77.91,83.4
12/18/2017 18:00,79.32,78.44
12/18/2017 19:00,81.5,77.42
12/18/2017 20:00,81,85
12/18/2017 21:00,80.9,81.2
12/18/2017 22:00,79.13,82.5
12/18/2017 23:00,78.21,76.63
12/19/2017 0:00,77.74,73.82
12/19/2017 1:00,78.28,74.88
12/19/2017 2:00,73.31,72.29
12/19/2017 3:00,72.83,74.57
12/19/2017 4:00,73.39,72.84
12/19/2017 5:00,70.91,72.98
12/19/2017 6:00,69.83,76.23
12/19/2017 7:00,68.03,75.91
12/19/2017 8:00,68.32,72.86
12/19/2017 9:00,66.88, 
12/19/2017 10:00,66.64,71.17
12/19/2017 11:00,66.68,73.78
12/19/2017 12:00,65.95,72.97
12/19/2017 13:00,68.81,75.38
12/19/2017 14:00,72.07,78.11
12/19/2017 15:00,73.95,79.33
12/19/2017 16:00,71.24,81.2
12/19/2017 17:00,68.12,78.22
12/19/2017 18:00,64.39,71.58
12/19/2017 19:00,73.11,70.18
12/19/2017 20:00,67.88,56.5
12/19/2017 21:00,65.86,58.67
12/19/2017 22:00,74.62,69.91
12/19/2017 23:00,79.1,90.8
12/20/2017 0:00,72.75,80.2
12/20/2017 1:00,68.51,75.94
12/20/2017 2:00,68.78,73.44
12/20/2017 3:00,67.59,70.56
12/20/2017 4:00,66.11,70.98
12/20/2017 5:00,67.88,72.22
12/20/2017 6:00,68.33,73.73
12/20/2017 7:00,67.4,72.27
12/20/2017 8:00,67.78,72.4
12/20/2017 9:00,72.73,73.29
12/20/2017 10:00,74.53,77.37
12/20/2017 11:00,75.23,77.33
12/20/2017 12:00,75.63,78.68
12/20/2017 13:00,74.44,79.49
12/20/2017 14:00,75.19,81.4
12/20/2017 15:00,79.12,87.2
12/20/2017 16:00,79.61,88.3
12/20/2017 17:00,82.8,90.6
12/20/2017 18:00,85.9,91.9
12/20/2017 19:00,83.9,89.5
12/20/2017 20:00,84.2,89.2
12/20/2017 21:00,82.1,87.6
12/20/2017 22:00,76.76,72.71
12/20/2017 23:00,72.43,70.94
12/21/2017 0:00,64.38,72.1
12/21/2017 1:00,64.88,67.4
12/21/2017 2:00,67.56,72.92
12/21/2017 3:00,67.03, 
12/21/2017 4:00,69.1,76.07
12/21/2017 5:00,74.32, 
12/21/2017 6:00,72.09,79.93
12/21/2017 7:00,73.24,78.34
12/21/2017 8:00,68.38,73.78
12/21/2017 9:00,70.17, 
12/21/2017 10:00,69.9, 
12/21/2017 11:00,64.24,73.58
12/21/2017 12:00,67.97,74.31
12/21/2017 13:00,66.42,70.8
12/21/2017 14:00,67.86,73.04
12/21/2017 15:00,67.95,73.89
12/21/2017 16:00,74.95,80.4
12/21/2017 17:00,76.39,82.8
12/21/2017 18:00,75.54,78.01
12/21/2017 19:00,75.92,81.3
12/21/2017 20:00,69.63,76.48
12/21/2017 21:00,65.72,70.46
12/21/2017 22:00,66.93,71.17
12/21/2017 23:00,63.97,69.27
12/22/2017 0:00,63.06,67.39
12/22/2017 1:00, ,70.31
12/22/2017 2:00,67.88,73.96
12/22/2017 3:00,72.28,76.64
12/22/2017 4:00,74.32,79.1
12/22/2017 5:00,71.5,78.8
12/22/2017 6:00,73.44,77.7
12/22/2017 7:00,73.07,77.14
12/22/2017 8:00,72.64,75.13
12/22/2017 9:00,72.26,76.72
12/22/2017 10:00,71.19,76.83
12/22/2017 11:00,72.25,80.5
12/22/2017 12:00,72.35,80.2
12/22/2017 13:00,77.21,83
12/22/2017 14:00,77.08,81.9
12/22/2017 15:00,78.18,82.3
12/22/2017 16:00,70.13,81.5
12/22/2017 17:00,86.3,76.7
12/22/2017 18:00,88.9,87.5
12/22/2017 19:00,92.6,89.6
12/22/2017 20:00,96.8,93.1
12/22/2017 21:00,90.5,84.6
12/22/2017 22:00,87.1,81.6
12/22/2017 23:00,89.3,89.8
12/23/2017 0:00,82.7,84.9
12/23/2017 1:00,80.5,81.8
12/23/2017 2:00,79.59,83.2
12/23/2017 3:00,79.22,79.16
12/23/2017 4:00,80.2,76.87
12/23/2017 5:00,81.1,81.1
12/23/2017 6:00,86.5,89.1
12/23/2017 7:00,87.3,90.4
12/23/2017 8:00,87.6,91.2
12/23/2017 9:00,83.6,89.6
12/23/2017 10:00,81.4,88.8
12/23/2017 11:00,83.5,88.8
12/23/2017 12:00,81.4,89.7
12/23/2017 13:00,81.3,87
12/23/2017 14:00,81.2,87.6
12/23/2017 15:00,80.4,87.5
12/23/2017 16:00,82.5,89.6
12/23/2017 17:00,83.3,89.5
12/23/2017 18:00,86,94.9
12/23/2017 19:00,87.1,95.1
12/23/2017 20:00,88.4,96
12/23/2017 21:00,90.9,95.9
12/23/2017 22:00,91.3,95.5
12/23/2017 23:00,91.1,94.3
12/24/2017 0:00,90.4,94.2
12/24/2017 1:00,90.2,93.7
12/24/2017 2:00,86.4,92.9
12/24/2017 3:00, ,92.8
12/24/2017 4:00,85.4,92.2
12/24/2017 5:00,83.2,91.2
12/24/2017 6:00,85.9,91.5
12/24/2017 7:00,80.4,91
12/24/2017 8:00,86.6,91.1
12/24/2017 9:00,82, 
12/24/2017 10:00,82.5,91.5
12/24/2017 11:00,87.3,92.1
12/24/2017 12:00,88.7,92.2
12/24/2017 13:00,89.1,91.6
12/24/2017 14:00,89.4,93.2
12/24/2017 15:00,87.9,93.2
12/24/2017 16:00,89.2,92
12/24/2017 17:00,90.7,88.8
12/24/2017 18:00,92,88.5
12/24/2017 19:00,93.1,88
12/24/2017 20:00,92.4,89.2
12/24/2017 21:00,91.8,94.5
12/24/2017 22:00,94.1,96.5
12/24/2017 23:00,92.7,97.5
12/25/2017 0:00,93.3,97.8
12/25/2017 1:00,93.6, 
12/25/2017 2:00,92.5,97.3
12/25/2017 3:00,92.4,96.6
12/25/2017 4:00,91.9,96.3
12/25/2017 5:00,94,96
12/25/2017 6:00,87.1,94.9
12/25/2017 7:00,82.3,93.8
12/25/2017 8:00,88.5,91.9
12/25/2017 9:00,87.2,92.2
12/25/2017 10:00,82.9,91.5
12/25/2017 11:00,87.9,93.1
12/25/2017 12:00,88.5,94.4
12/25/2017 13:00,82.3,91.2
12/25/2017 14:00,80.3,88.4
12/25/2017 15:00,81.3, 
12/25/2017 16:00,86.2,91.3
12/25/2017 17:00,86.5,95.1
12/25/2017 18:00,87.4,95.4
12/25/2017 19:00,86.6,94
12/25/2017 20:00,85.8,91.3
12/25/2017 21:00,82.2,89.5
12/25/2017 22:00,79.64,81.6
12/25/2017 23:00,82.4,88.6
12/26/2017 0:00,85.6,88.8
12/26/2017 1:00,82.1,85
12/26/2017 2:00,80.5, 
12/26/2017 3:00,79.4,85.7
12/26/2017 4:00,75.12,83.5
12/26/2017 5:00,76.64,81
12/26/2017 6:00,76.15,80.7
12/26/2017 7:00,74.35,80.4
12/26/2017 8:00,72.49,81.2
12/26/2017 9:00,74.32,78.59
12/26/2017 10:00,73.38,77.94
12/26/2017 11:00,69.93,76.25
12/26/2017 12:00,69.49,74.62
12/26/2017 13:00,68.88,75.21
12/26/2017 14:00,68.99,77.84
12/26/2017 15:00,72.58,79.7
12/26/2017 16:00,73.89,78.36
12/26/2017 17:00,74.3,80.9
12/26/2017 18:00,77.55,83.8
12/26/2017 19:00,78.31,85
12/26/2017 20:00,81,86
12/26/2017 21:00,80.7,87.7
12/26/2017 22:00,82.6,89.3
12/26/2017 23:00,84.6, 
12/27/2017 0:00,84,88.2
12/27/2017 1:00, ,86.9
12/27/2017 2:00,80.5,85.1
12/27/2017 3:00,79.85,86.7
12/27/2017 4:00,74.71,83.2
12/27/2017 5:00,74.27,81.9
12/27/2017 6:00,74.83,82.4
12/27/2017 7:00,75.68,78.99
12/27/2017 8:00,73.89,78.01
12/27/2017 9:00, ,81.1
12/27/2017 10:00,73.04, 
12/27/2017 11:00,78.57,84.7
12/27/2017 12:00,77.07,85.6
12/27/2017 13:00,75.8,82.6
12/27/2017 14:00,72.05,80.3
12/27/2017 15:00,76.67,82.8
12/27/2017 16:00,78.45,82.2
12/27/2017 17:00,76.53,82.2
12/27/2017 18:00,75.85,81.8
12/27/2017 19:00,78.79,80.2
12/27/2017 20:00,78.92,85.7
12/27/2017 21:00,78.57,84.6
12/27/2017 22:00,83.2,86.6
12/27/2017 23:00,81.4,90.1
12/28/2017 0:00,82.2,89
12/28/2017 1:00,86.3,94.7
12/28/2017 2:00,85.9,93.3
12/28/2017 3:00,83.5,87.8
12/28/2017 4:00,80.3,84.1
12/28/2017 5:00,76.64,79.08
12/28/2017 6:00,74.62,80.7
12/28/2017 7:00,76.05,81.5
12/28/2017 8:00,73.38,78.87
12/28/2017 9:00,74.47,81.2
12/28/2017 10:00,74.66,80.8
12/28/2017 11:00,74.15,77.55
12/28/2017 12:00,78.95,75.63
12/28/2017 13:00,75.12,79.77
12/28/2017 14:00,85.6,83.1
12/28/2017 15:00,83.7,83
12/28/2017 16:00,80.3,82.4
12/28/2017 17:00,86.3,84.9
12/28/2017 18:00,86.8,88.3
12/28/2017 19:00,88,87.4
12/28/2017 20:00,82.4,89
12/28/2017 21:00,86.1,89.3
12/28/2017 22:00,83.4,88.7
12/28/2017 23:00,83.5,91.3
12/29/2017 0:00,88.3,90.4
12/29/2017 1:00,86.8,91.2
12/29/2017 2:00,89.3,90.7
12/29/2017 3:00,86.8,90
12/29/2017 4:00,87.8,93.5
12/29/2017 5:00,87,92
12/29/2017 6:00,85.8,92.2
12/29/2017 7:00,79.76,86.5
12/29/2017 8:00,81.6,86.4
12/29/2017 9:00,78.45,82
12/29/2017 10:00,75.88,83.5
12/29/2017 11:00,77.43,83.1
12/29/2017 12:00,71.3,80.5
12/29/2017 13:00,73.54,80.2
12/29/2017 14:00,72.68,81.9
12/29/2017 15:00,70.83,82.3
12/29/2017 16:00,73.34,83.1
12/29/2017 17:00,73.35,82.6
12/29/2017 18:00,78.73,89.4
12/29/2017 19:00,82.8,87.8
12/29/2017 20:00,86.1,88.6
12/29/2017 21:00,85.8,89.9
12/29/2017 22:00,82.6,88.5
12/29/2017 23:00,84.8,91.2
12/30/2017 0:00,86.2,94.5
12/30/2017 1:00,87.1,94
12/30/2017 2:00,88.2,96.4
12/30/2017 3:00,88.5, 
12/30/2017 4:00,87.3,90.9
12/30/2017 5:00,84.9,90.6
12/30/2017 6:00,85,89.5
12/30/2017 7:00,81.7,89.8
12/30/2017 8:00,81.9,87.1
12/30/2017 9:00,78.69,84.2
12/30/2017 10:00,78.57,87.7
12/30/2017 11:00,77.05,84.7
12/30/2017 12:00,78.56,81.7
12/30/2017 13:00,75.97,85.6
12/30/2017 14:00,80.9,86.9
12/30/2017 15:00,79.77,91.5
12/30/2017 16:00,78.77,93.6
12/30/2017 17:00,83.1,90.2
12/30/2017 18:00,84.9,92.7
12/30/2017 19:00,86.2,94.8
12/30/2017 20:00,86.4,96.2
12/30/2017 21:00,90.2,95.8
12/30/2017 22:00,90.8,95.3
12/30/2017 23:00,91.3,94.7
12/31/2017 0:00,90.2,94
12/31/2017 1:00,89.5,93.7
12/31/2017 2:00,89.9,93.7
12/31/2017 3:00,89.2,93.6
12/31/2017 4:00,88,93.2
12/31/2017 5:00,87.7,92.9
12/31/2017 6:00,86.6,92.1
12/31/2017 7:00,82.3,92.3
12/31/2017 8:00,81.6,91.3
12/31/2017 9:00,80.7,90.5
12/31/2017 10:00,81.1,90.9
12/31/2017 11:00,79.28,90.5
12/31/2017 12:00,76.83,84.3
12/31/2017 13:00,73.79,80.6
12/31/2017 14:00,74.14,81.6
12/31/2017 15:00,76.63,81.3
12/31/2017 16:00,79.33,84.3
12/31/2017 17:00,80.7,86.8
12/31/2017 18:00,84.9,90.3
12/31/2017 19:00,87,91.7
12/31/2017 20:00,86.5,93.8
12/31/2017 21:00,87,97.4
12/31/2017 22:00,89,95.8
12/31/2017 23:00,87.9,92.8
1/1/2018 0:00, , 
1/1/2018 1:00, ,89.8
1/1/2018 2:00,82.8,89.9
1/1/2018 3:00,78.83,86.3
1/1/2018 4:00,79.05,86.1
1/1/2018 5:00,79.31,87.9
1/1/2018 6:00,83.6,86.2
1/1/2018 7:00,77.48,85.1
1/1/2018 8:00,83,91.9
1/1/2018 9:00,83.6,85.9
1/1/2018 10:00,79.19,81.5
1/1/2018 11:00,81.3,81.9
1/1/2018 12:00,75.91,80.9
1/1/2018 13:00,75.17,79.09
1/1/2018 14:00,79.17,84.9
1/1/2018 15:00,81.6,88.8
1/1/2018 16:00,83.2,85.9
1/1/2018 17:00,81.8,90.1
1/1/2018 18:00,84.3,91.8
1/1/2018 19:00,85.6,91.1
1/1/2018 20:00,83.8,90
1/1/2018 21:00,85.4,93.5
1/1/2018 22:00,86.7,89.9
1/1/2018 23:00,85.1,89.8
1/2/2018 0:00,89,93.8
1/2/2018 1:00,87.3,93.2
1/2/2018 2:00,90,93.3
1/2/2018 3:00,83.7,87.6
1/2/2018 4:00,83.8,89.1
1/2/2018 5:00,79.43,85.6
1/2/2018 6:00,78.13,83.4
1/2/2018 7:00,76.24,83.9
1/2/2018 8:00,76.24,82.6
1/2/2018 9:00,77.91,84.2
1/2/2018 10:00,79.11,84.3
1/2/2018 11:00,79.4,83.2
1/2/2018 12:00,77.34,81.3
1/2/2018 13:00,76.12,79.82
1/2/2018 14:00,73.93,79.73
1/2/2018 15:00,74.47,81.6
1/2/2018 16:00,76.35,80.5
1/2/2018 17:00,78.26,85.5
1/2/2018 18:00,79.17,85.1
1/2/2018 19:00,81,85.5
1/2/2018 20:00,77.58, 
1/2/2018 21:00,77.55,81.2
1/2/2018 22:00,75.92,79.16
1/2/2018 23:00,76.55,79.99
1/3/2018 0:00,77.57,81.4
1/3/2018 1:00,74.39,78.85
1/3/2018 2:00,74.39,79.62
1/3/2018 3:00,73.92,78.71
1/3/2018 4:00,78.82,78.71
1/3/2018 5:00,78.99,80.2
1/3/2018 6:00,81,80.6
1/3/2018 7:00,80.1, 
1/3/2018 8:00,85.9,93.1
1/3/2018 9:00, ,93.8
1/3/2018 10:00,89,94.3
1/3/2018 11:00,90.3,94.9
1/3/2018 12:00,92.7,95.6
1/3/2018 13:00,94.4,95.8
1/3/2018 14:00,93.9,95.5
1/3/2018 15:00,93.4,91.7
1/3/2018 16:00,92.6,90
1/3/2018 17:00,93.4,91.5
1/3/2018 18:00,93.3,92.2
1/3/2018 19:00,95.3,96.3
1/3/2018 20:00,95.7,97.3
1/3/2018 21:00,96.2,97.5
1/3/2018 22:00,95.9,97.3
1/3/2018 23:00,96.3,97.2
1/4/2018 0:00,96.1,97.2
1/4/2018 1:00,95.9,97
1/4/2018 2:00,95.5,96.9
1/4/2018 3:00,95.2,96.7
1/4/2018 4:00,94.5,96.4
1/4/2018 5:00,93.8,96.1
1/4/2018 6:00,93.4,95.8
1/4/2018 7:00,92.9,95.6
1/4/2018 8:00,92.7,95.7
1/4/2018 9:00,92.3,95.3
1/4/2018 10:00,92.4,95.1
1/4/2018 11:00,92.1,94.1
1/4/2018 12:00,93,94.8
1/4/2018 13:00,92.3,94.8
1/4/2018 14:00,93.4,95.3
1/4/2018 15:00,93.8,95.8
1/4/2018 16:00,93.1,96.3
1/4/2018 17:00,94.3,96.6
1/4/2018 18:00,94.7,96.7
1/4/2018 19:00,94.4,96.9
1/4/2018 20:00,94.5,97
1/4/2018 21:00,95.4,97
1/4/2018 22:00,94.5,97
1/4/2018 23:00,94.3,96.8
1/5/2018 0:00,94.2,96.6
1/5/2018 1:00,93.6,96.5
1/5/2018 2:00,92.8,96.4
1/5/2018 3:00,91.8,96.1
1/5/2018 4:00,90.8,95.4
1/5/2018 5:00,89.8,94.4
1/5/2018 6:00,86.2,94.1
1/5/2018 7:00,84.7,93.5
1/5/2018 8:00,80.3,93.7
1/5/2018 9:00,68.19,92.2
1/5/2018 10:00,65.1,88.4
1/5/2018 11:00,83.1,84.9
1/5/2018 12:00,81.6, 
1/5/2018 13:00,85,87
1/5/2018 14:00,73.26,80
1/5/2018 15:00,87.9,80.7
1/5/2018 16:00,86.9,81.5
1/5/2018 17:00,86.6,81
1/5/2018 18:00,87.9,62.16
1/5/2018 19:00,91.4,75.98
1/5/2018 20:00,86.9,83.7
1/5/2018 21:00,90.9,97.7
1/5/2018 22:00,94.7,96.6
1/5/2018 23:00,94.4,96.2
1/6/2018 0:00,92.3,96.1
1/6/2018 1:00,91.8,96
1/6/2018 2:00,91.8,95.8
1/6/2018 3:00,92,95.5
1/6/2018 4:00,88,95.2
1/6/2018 5:00,86,94.3
1/6/2018 6:00,84.2,93.6
1/6/2018 7:00,83.7,93
1/6/2018 8:00,83,92.6
1/6/2018 9:00, ,93.3
1/6/2018 10:00,87.6,93.1
1/6/2018 11:00,88,94
1/6/2018 12:00,86.5,91.9
1/6/2018 13:00,86.4,88.7
1/6/2018 14:00,83,84.2
1/6/2018 15:00,88.1,89.5
1/6/2018 16:00,90.3,90.2
1/6/2018 17:00,95,90.7
1/6/2018 18:00,94.9,93.2
1/6/2018 19:00,95.5,95.1
1/6/2018 20:00,97.1,94.5
1/6/2018 21:00,97.8,95.3
1/6/2018 22:00,97.5,97.4
1/6/2018 23:00,96,94.4
1/7/2018 0:00,95.6,95.3
1/7/2018 1:00,96.2,95.7
1/7/2018 2:00,96.6,94.6
1/7/2018 3:00,94.2,94.7
1/7/2018 4:00,92.4,94.3
1/7/2018 5:00,93,93.5
1/7/2018 6:00,87.5,92.4
1/7/2018 7:00,88.9,92
1/7/2018 8:00,83.4,91.4
1/7/2018 9:00,82.3,85.7
1/7/2018 10:00,79.74, 
1/7/2018 11:00,81.5,85.4
1/7/2018 12:00,84.2,87.8
1/7/2018 13:00,84.2,88.1
1/7/2018 14:00,86.1,89
1/7/2018 15:00,87.1,89.8
1/7/2018 16:00,86.7,88.8
1/7/2018 17:00,84.2,88.1
1/7/2018 18:00,82.6,87.3
1/7/2018 19:00,84.3,86.7
1/7/2018 20:00,82.4,86.8
1/7/2018 21:00,83.2,87.6
1/7/2018 22:00,84.7,88.9
1/7/2018 23:00,86.5,89.7
1/8/2018 0:00,87.1,89.6
1/8/2018 1:00,85.9,88.6
1/8/2018 2:00,86.4,88.1
1/8/2018 3:00,83.8,82
1/8/2018 4:00,70.74,67.94
1/8/2018 5:00,66.83,65.05
1/8/2018 6:00,67.17,62.18
1/8/2018 7:00,67.91,55.61
1/8/2018 8:00,71.38,59.64
1/8/2018 9:00,74.82,56.7
1/8/2018 10:00,81.2,70.33
1/8/2018 11:00,80.7,79.79
1/8/2018 12:00,74.83,80.2
1/8/2018 13:00,73.66,79.13
1/8/2018 14:00,79.14,80.4
1/8/2018 15:00,84,83
1/8/2018 16:00,86.5,87.7
1/8/2018 17:00,85.1,89.5
1/8/2018 18:00,89.2,93.2
1/8/2018 19:00,89.7,93.7
1/8/2018 20:00,88.6,92.6
1/8/2018 21:00,84,71.08
1/8/2018 22:00,89.3,81.4
1/8/2018 23:00,89.4,97.6
1/9/2018 0:00,91.5,94.7
1/9/2018 1:00,91.2, 
1/9/2018 2:00,90.9,93.2
1/9/2018 3:00,90.3,92.4
1/9/2018 4:00,88.2,91.2
1/9/2018 5:00,80.6,90.3
1/9/2018 6:00,78.42,89.8
1/9/2018 7:00,76.61,86.7
1/9/2018 8:00,73.78,84.5
1/9/2018 9:00,69.85,85.3
1/9/2018 10:00,67.41,82.5
1/9/2018 11:00,72.29,70.24
1/9/2018 12:00,73.13,66.5
1/9/2018 13:00,79.2,60.94
1/9/2018 14:00,79.03,64.06
1/9/2018 15:00,79.05,76.07
1/9/2018 16:00,69.37,78.42
1/9/2018 17:00,83.7,81.8
1/9/2018 18:00,83.4,88.6
1/9/2018 19:00,91.8,81.3
1/9/2018 20:00,93.4,82.7
1/9/2018 21:00,88.2,79.65
1/9/2018 22:00,91.3,95
1/9/2018 23:00,87,70.03
1/10/2018 0:00,86.8,75.17
1/10/2018 1:00,84.6,80.8
1/10/2018 2:00,77.97,75.06
1/10/2018 3:00,73.5,73.41
1/10/2018 4:00,77.11,82.3
1/10/2018 5:00,85.1,93.8
1/10/2018 6:00,86,91.5
1/10/2018 7:00,86.9,90.4
1/10/2018 8:00,86.4,89.6
1/10/2018 9:00,86.8,90.6
1/10/2018 10:00,87.7,90.9
1/10/2018 11:00,87.9,90.9
1/10/2018 12:00,86.8,91.6
1/10/2018 13:00,87.1,91.9
1/10/2018 14:00,88.2,91.2
1/10/2018 15:00,87.4,91.9
1/10/2018 16:00,90.1,92.1
1/10/2018 17:00,91.4,92
1/10/2018 18:00,88.7,92.4
1/10/2018 19:00,91,92.2
1/10/2018 20:00,94,92.6
1/10/2018 21:00,96.7,92.7
1/10/2018 22:00,93.6,91.9
1/10/2018 23:00,90.4,91.9
1/11/2018 0:00,89.6,92
1/11/2018 1:00,89.3,90.9
1/11/2018 2:00,91.3,91.9
1/11/2018 3:00,91.5,91.7
1/11/2018 4:00,89.8,91.6
1/11/2018 5:00,89.2,90.4
1/11/2018 6:00,87.5,90.3
1/11/2018 7:00,80,89.9
1/11/2018 8:00,80.3,89.8
1/11/2018 9:00,78.7,89.5
1/11/2018 10:00,76.49,89
1/11/2018 11:00,71.26,89.8
1/11/2018 12:00,71.13,90.3
1/11/2018 13:00,74.2,91.1
1/11/2018 14:00,71.25,89
1/11/2018 15:00,75.06,83.5
1/11/2018 16:00,74.3,82.6
1/11/2018 17:00,74.12,80.8
1/11/2018 18:00,73.72,77.62
1/11/2018 19:00,76.1,75.1
1/11/2018 20:00,81.5,83.1
1/11/2018 21:00,85,81.3
1/11/2018 22:00,84.5,86.4
1/11/2018 23:00,83.3,86.4
1/12/2018 0:00,83.9,90.8
1/12/2018 1:00,82.1,89.5
1/12/2018 2:00,82.8,89.4
1/12/2018 3:00,78.84,85
1/12/2018 4:00,83.2,95.5
1/12/2018 5:00,78.77,86.8
1/12/2018 6:00,76.75,87.5
1/12/2018 7:00,76.65,83.5
1/12/2018 8:00,74.59,72.22
1/12/2018 9:00,66.79,74.25
1/12/2018 10:00,69.63,82.1
1/12/2018 11:00,71.46,77.11
1/12/2018 12:00,65.21,74.45
1/12/2018 13:00,66.53,75.81
1/12/2018 14:00,67.38,72.08
1/12/2018 15:00,66.7,76.78
1/12/2018 16:00,70.33,75.98
1/12/2018 17:00,69.41,74.83
1/12/2018 18:00,74.16,74.9
1/12/2018 19:00,72.89,76.8
1/12/2018 20:00,78.36,78.4
1/12/2018 21:00,75.9,82.5
1/12/2018 22:00,82.7,92.7
1/12/2018 23:00,88.3, 
1/13/2018 0:00,91.8,96.3
1/13/2018 1:00, ,94.7
1/13/2018 2:00,92.1,94.2
1/13/2018 3:00,91.7,93.7
1/13/2018 4:00,92.2,93.5
1/13/2018 5:00,86.8,92.6
1/13/2018 6:00,85.1,92.3
1/13/2018 7:00,80.9,92.2
1/13/2018 8:00,83.9,92.4
1/13/2018 9:00,86.6,92.2
1/13/2018 10:00,85.1,91.8
1/13/2018 11:00,85.5,92.4
1/13/2018 12:00,87.9,92
1/13/2018 13:00,88.1,92.5
1/13/2018 14:00,88.6,93
1/13/2018 15:00,89.4,93.4
1/13/2018 16:00,86.7,93.5
1/13/2018 17:00,84.3,93.2
1/13/2018 18:00,79.64,90.8
1/13/2018 19:00,79.47,85.3
1/13/2018 20:00,79.93,83.9
1/13/2018 21:00,79.76,86.1
1/13/2018 22:00,80.8,87.3
1/13/2018 23:00,85.1,89.5
1/14/2018 0:00,80.3,86.1
1/14/2018 1:00,80.6,89.8
1/14/2018 2:00,80.3,87.7
1/14/2018 3:00,80.4,86.6
1/14/2018 4:00,80.7,83.1
1/14/2018 5:00,80.5,83.9
1/14/2018 6:00,78.55,79.79
1/14/2018 7:00,80.3,84.5
1/14/2018 8:00,78.9,84
1/14/2018 9:00,77.51,81.2
1/14/2018 10:00,75.85,81.6
1/14/2018 11:00,83.1,84.7
1/14/2018 12:00,82.3,86.4
1/14/2018 13:00,80.9,84.8
1/14/2018 14:00,79.64,85
1/14/2018 15:00,82.5,89.1
1/14/2018 16:00,83.7,90.1
1/14/2018 17:00,87.8,92.5
1/14/2018 18:00,89,93.9
1/14/2018 19:00,91.1,94.8
1/14/2018 20:00,91.4,94.9
1/14/2018 21:00,92.2,94.9
1/14/2018 22:00,91.5,94.8
1/14/2018 23:00,92.1,94.7
1/15/2018 0:00,91.9,94.8
1/15/2018 1:00,91.6,94.8
1/15/2018 2:00,91.3,94.6
1/15/2018 3:00,91.4,94.4
1/15/2018 4:00,90.6,94.3
1/15/2018 5:00,89.5,94
1/15/2018 6:00,89.2,93.8
1/15/2018 7:00,89.4, 
1/15/2018 8:00,88.5,93.4
1/15/2018 9:00,88.3,93.7
1/15/2018 10:00,89.6,93.5
1/15/2018 11:00,88.2,93.1
1/15/2018 12:00,87.6,93.2
1/15/2018 13:00,89.7,94.1
1/15/2018 14:00,90.5,94.8
1/15/2018 15:00,90.3,95.1
1/15/2018 16:00,90.3,95.6
1/15/2018 17:00,91.3,95.8
1/15/2018 18:00,92.6,96.1
1/15/2018 19:00,92.8,96.3
1/15/2018 20:00,92.4,96.4
1/15/2018 21:00,92.8,96.5
1/15/2018 22:00,93.1,96.4
1/15/2018 23:00,93.2,96.3
1/16/2018 0:00,92.7, 
1/16/2018 1:00,93.4,96.3
1/16/2018 2:00,92.4,96.2
1/16/2018 3:00,92.6,96.3
1/16/2018 4:00,91.7,96.3
1/16/2018 5:00,90.9,96.2
1/16/2018 6:00,90,96
1/16/2018 7:00,90.1,95.9
1/16/2018 8:00,87.9,96
1/16/2018 9:00,85.1,95.9
1/16/2018 10:00,83.3,96.1
1/16/2018 11:00,84.4,96.1
1/16/2018 12:00,80.7,96
1/16/2018 13:00,81.2,96.1
1/16/2018 14:00,79.27,96.2
1/16/2018 15:00,80.5, 
1/16/2018 16:00,82.4,96.3
1/16/2018 17:00,84.1,96.7
1/16/2018 18:00,84.6,94.6
1/16/2018 19:00,90.5,94.8
1/16/2018 20:00,84.5,94
1/16/2018 21:00,91.4,93.3
1/16/2018 22:00,96.1,94.5
1/16/2018 23:00,95.9,93.4
1/17/2018 0:00,95.1,91.9
1/17/2018 1:00,93.9,94.4
1/17/2018 2:00,94.3,92.1
1/17/2018 3:00, ,90.9
1/17/2018 4:00,68.75,90.7
1/17/2018 5:00,72.98,90.3
1/17/2018 6:00,73.23,90.7
1/17/2018 7:00,73.89,90.9
1/17/2018 8:00,78.69,90.9
1/17/2018 9:00,81.5,90.4
1/17/2018 10:00,81.4,90.2
1/17/2018 11:00,83,91.4
1/17/2018 12:00,83.4,91.9
1/17/2018 13:00,84.8,93.4
1/17/2018 14:00,84.8,94.5
1/17/2018 15:00,87,94.5
1/17/2018 16:00,87.4,94.5
1/17/2018 17:00,88.6,95.2
1/17/2018 18:00,89.5,95.5
1/17/2018 19:00,90.4,95.9
1/17/2018 20:00,91.1,96
1/17/2018 21:00,91.7,95.8
1/17/2018 22:00,93.2,95.9
1/17/2018 23:00,95,95.9
1/18/2018 0:00,91,95.8
1/18/2018 1:00,90.5,95.5
1/18/2018 2:00,89.8,95.5
1/18/2018 3:00,91.3,95.5
1/18/2018 4:00,95.1,95.3
1/18/2018 5:00,90,95.2
1/18/2018 6:00,86.5,94.6
1/18/2018 7:00,86.8,94.4
1/18/2018 8:00,84.5,94.5
1/18/2018 9:00,83.3, 
1/18/2018 10:00,83.2,93.6
1/18/2018 11:00,84.7,93.4
1/18/2018 12:00,82.3,93.4
1/18/2018 13:00,83.4,93.4
1/18/2018 14:00,84.1,93.3
1/18/2018 15:00,83.7,93.5
1/18/2018 16:00,87.1,93.7
1/18/2018 17:00,85.6,93.5
1/18/2018 18:00,86.9,94.4
1/18/2018 19:00,91.7,94.5
1/18/2018 20:00,91.1,94.5
1/18/2018 21:00,90.3,94.2
1/18/2018 22:00, ,94.4
1/18/2018 23:00,94.3,95
1/19/2018 0:00,93.5,93.4
1/19/2018 1:00,93.3,91.8
1/19/2018 2:00,92.2,91.3
1/19/2018 3:00,90.5,90.8
1/19/2018 4:00,90.2,91.1
1/19/2018 5:00,89,91.3
1/19/2018 6:00,82.2,88.9
1/19/2018 7:00,78.54,86.4
1/19/2018 8:00,70.57,84.3
1/19/2018 9:00,63.01,81
1/19/2018 10:00,57.28,77.78
1/19/2018 11:00,50.17,71.34
1/19/2018 12:00,62.23,66.68
1/19/2018 13:00,54.89,66
1/19/2018 14:00,71.8,69.98
1/19/2018 15:00,75.72,81.1
1/19/2018 16:00,76.44,74.83
1/19/2018 17:00,75.73,74.85
1/19/2018 18:00,65.44,75.97
1/19/2018 19:00,84.3,87.2
1/19/2018 20:00,87.7,79.63
1/19/2018 21:00,79.76,76.75
1/19/2018 22:00,72.02,81.9
1/19/2018 23:00,76.41,88.3
1/20/2018 0:00,93.7,90.5
1/20/2018 1:00,92,83.7
1/20/2018 2:00,93.8,91.9
1/20/2018 3:00,92.5,91.4
1/20/2018 4:00,90.1,91.1
1/20/2018 5:00,89.7,89.8
1/20/2018 6:00,87.1,90.1
1/20/2018 7:00,85.2,89.9
1/20/2018 8:00,82.2,89.8
1/20/2018 9:00,78.66,89.7
1/20/2018 10:00,79.72,88.7
1/20/2018 11:00,77.51,88.6
1/20/2018 12:00,82.4,86.3
1/20/2018 13:00,83.9,88.4
1/20/2018 14:00,87.8,88.9
1/20/2018 15:00,90.3,90.3
1/20/2018 16:00,91.2,92.6
1/20/2018 17:00,91.4,94.5
1/20/2018 18:00,93.1,93.7
1/20/2018 19:00,93.4,94
1/20/2018 20:00,94.4,94.1
1/20/2018 21:00,95,94.1
1/20/2018 22:00,95.5,94.3
1/20/2018 23:00,94.7,93.2
1/21/2018 0:00,89.1,93.2
1/21/2018 1:00,89.4,93.4
1/21/2018 2:00,89.3,93.4
1/21/2018 3:00,88.8,93
1/21/2018 4:00,87.2,92.7
1/21/2018 5:00,87.6,92.6
1/21/2018 6:00,88.2,92.3
1/21/2018 7:00,87.6,91.8
1/21/2018 8:00,86.5,91.4
1/21/2018 9:00,85.4,90.6
1/21/2018 10:00,83,90.6
1/21/2018 11:00,80.9,89.8
1/21/2018 12:00,81.6,90.9
1/21/2018 13:00,76.97,88.9
1/21/2018 14:00,71.76,84.2
1/21/2018 15:00, ,88.7
1/21/2018 16:00,82.1,90.8
1/21/2018 17:00,85.3,91.6
1/21/2018 18:00,87.8,89.7
1/21/2018 19:00,84.6,90.5
1/21/2018 20:00,87.1,92.7
1/21/2018 21:00,85.3,93.4
1/21/2018 22:00,91.4,95.2
1/21/2018 23:00,92.2,95.2
1/22/2018 0:00,90.4,94
1/22/2018 1:00,90.8, 
1/22/2018 2:00,89.2,93.3
1/22/2018 3:00,90,93.6
1/22/2018 4:00,93.2,92.9
1/22/2018 5:00,94.2,93.1
1/22/2018 6:00,93.1,92.3
1/22/2018 7:00,89.7,92.1
1/22/2018 8:00,89.6,91.2
1/22/2018 9:00,88.8,90.6
1/22/2018 10:00,87.1,89.5
1/22/2018 11:00,85.4,88
1/22/2018 12:00,82.6,88.7
1/22/2018 13:00,83.5,88.5
1/22/2018 14:00,84.4,86.8
1/22/2018 15:00,79.26,82
1/22/2018 16:00,80.3,80.6
1/22/2018 17:00,78.26,83.3
1/22/2018 18:00,77.85,78.97
1/22/2018 19:00,88.7,70.17
1/22/2018 20:00,93.6,93.7
1/22/2018 21:00,95.3,93.2
1/22/2018 22:00,95.8,91.1
1/22/2018 23:00,94.1,90.3
1/23/2018 0:00,87,88.2
1/23/2018 1:00,82.9,88
1/23/2018 2:00,76.71,86.2
1/23/2018 3:00,71.93,84.8
1/23/2018 4:00,71.54,84
1/23/2018 5:00, ,80.8
1/23/2018 6:00,71.05,77.82
1/23/2018 7:00,70.92,77.84
1/23/2018 8:00,65,75.15
1/23/2018 9:00,67.25,79.17
1/23/2018 10:00,67.71,72.48
1/23/2018 11:00,70.41,74.29
1/23/2018 12:00,70.39,76.91
1/23/2018 13:00,69.02,78.66
1/23/2018 14:00, ,81.5
1/23/2018 15:00,73.12,84.2
1/23/2018 16:00,77.34,83.1
1/23/2018 17:00,78.68,82.4
1/23/2018 18:00,80.5, 
1/23/2018 19:00,90.6,94.7
1/23/2018 20:00,90.6,93
1/23/2018 21:00,91.7,92.7
1/23/2018 22:00,91.5,92.3
1/23/2018 23:00,91.9,92.5
1/24/2018 0:00,91,92.7
1/24/2018 1:00,88.8,92.2
1/24/2018 2:00,90.2,91.8
1/24/2018 3:00,86.6,91.8
1/24/2018 4:00,82.3,91.2
1/24/2018 5:00,86,91.9
1/24/2018 6:00,89.7,92.9
1/24/2018 7:00,88.2,92.7
1/24/2018 8:00,88.4,91.9
1/24/2018 9:00,87.8, 
1/24/2018 10:00,87.1,91.2
1/24/2018 11:00,87.1,91
1/24/2018 12:00,86.5,91
1/24/2018 13:00,85.9,91.6
1/24/2018 14:00,86.6,91.4
1/24/2018 15:00,85.7,92.4
1/24/2018 16:00,88.4,93.2
1/24/2018 17:00,89.1,93.5
1/24/2018 18:00,88.7,93.6
1/24/2018 19:00,87.7,93.6
1/24/2018 20:00,87.4,93.3
1/24/2018 21:00,82.9,92
1/24/2018 22:00,80,91.8
1/24/2018 23:00,75.93,89.7
1/25/2018 0:00,74.13,87.3
1/25/2018 1:00,78,86.6
1/25/2018 2:00,80.9,87.8
1/25/2018 3:00,86.4,90.7
1/25/2018 4:00,84.3,87.3
1/25/2018 5:00,87.2,90.7
1/25/2018 6:00,78.32,86
1/25/2018 7:00,75,81.9
1/25/2018 8:00,72.99,80.2
1/25/2018 9:00,72.3,82.6
1/25/2018 10:00,73.56,82.8
1/25/2018 11:00,68.94,78.99
1/25/2018 12:00,70.54,77.66
1/25/2018 13:00,68.21,77.47
1/25/2018 14:00,70.77,77.13
1/25/2018 15:00,73.53,79.13
1/25/2018 16:00,63.31,66.85
1/25/2018 17:00,68.41,62.88
1/25/2018 18:00,82.4,75.1
1/25/2018 19:00,78.86,61.38
1/25/2018 20:00,79.82,75.35
1/25/2018 21:00,79.7,84
1/25/2018 22:00,86.6,85.4
1/25/2018 23:00,91.3,86.9
1/26/2018 0:00,89,75.13
1/26/2018 1:00,82.5,65.07
1/26/2018 2:00,78.92,67.06
1/26/2018 3:00,75.45,79.14
1/26/2018 4:00,76.03,79.22
1/26/2018 5:00, ,79.82
1/26/2018 6:00,77.33,81.5
1/26/2018 7:00,77.02,80.3
1/26/2018 8:00,77.61,78.6
1/26/2018 9:00,82,92.8
1/26/2018 10:00,88.3, 
1/26/2018 11:00,81.1,88.3
1/26/2018 12:00,76.76,90.7
1/26/2018 13:00,85,91.3
1/26/2018 14:00,83.7,90.3
1/26/2018 15:00,83.8,90.8
1/26/2018 16:00,84.9,91.2
1/26/2018 17:00,85.5,91.4
1/26/2018 18:00,86.9,91.5
1/26/2018 19:00,88.5,92.6
1/26/2018 20:00,84.4,92.8
1/26/2018 21:00,88.5,92.6
1/26/2018 22:00,91.9,92.3
1/26/2018 23:00,90,92.6
1/27/2018 0:00,91.8,92.5
1/27/2018 1:00,92.3,92.5
1/27/2018 2:00,93.7,91.9
1/27/2018 3:00,87.2,86.7
1/27/2018 4:00,86,85
1/27/2018 5:00,90,90.3
1/27/2018 6:00,89,89.5
1/27/2018 7:00,88.8,89.6
1/27/2018 8:00,88.8,90
1/27/2018 9:00,88.9,90.3
1/27/2018 10:00,88.1,90
1/27/2018 11:00,85.4,89.8
1/27/2018 12:00,81.7,88.7
1/27/2018 13:00,70.01,88.6
1/27/2018 14:00,85.8,85.4
1/27/2018 15:00,86.8,87.9
1/27/2018 16:00,87.7,87.9
1/27/2018 17:00,87.8,89
1/27/2018 18:00,90.1,91.6
1/27/2018 19:00,91.7,90
1/27/2018 20:00,87.2,86.6
1/27/2018 21:00,86.1,86.5
1/27/2018 22:00,78.72, 
1/27/2018 23:00,73.5,84
1/28/2018 0:00,74.55,80.8
1/28/2018 1:00,74.75, 
1/28/2018 2:00,76.13,76.22
1/28/2018 3:00,79.51,77.65
1/28/2018 4:00,79.35,77.67
1/28/2018 5:00,81.3,78.14
1/28/2018 6:00,81.2,80.9
1/28/2018 7:00,80.4,78.24
1/28/2018 8:00,80,79.76
1/28/2018 9:00,73.89,76.46
1/28/2018 10:00,75.03,75.76
1/28/2018 11:00,74.2,76.38
1/28/2018 12:00,80.5, 
1/28/2018 13:00,84.8, 
1/28/2018 14:00,85.3,89.8
1/28/2018 15:00,84.9,90.7
1/28/2018 16:00,88.4,92
1/28/2018 17:00,88.4,92
1/28/2018 18:00,87.3,92
1/28/2018 19:00,89.9,92.6
1/28/2018 20:00,90.2,92.9
1/28/2018 21:00,92.2, 
1/28/2018 22:00,93,92.7
1/28/2018 23:00,91.5,93.6
1/29/2018 0:00,87.7,93.7
1/29/2018 1:00,88.8,93.9
1/29/2018 2:00,89.3,94
1/29/2018 3:00,89.8,93.8
1/29/2018 4:00,89.4,93.7
1/29/2018 5:00,87,93.7
1/29/2018 6:00, ,94
1/29/2018 7:00,86.8,93.6
1/29/2018 8:00,86.3,93.3
1/29/2018 9:00,85.8,93.3
1/29/2018 10:00,84.1,93.1
1/29/2018 11:00,83,92.2
1/29/2018 12:00,83,92.2
1/29/2018 13:00,83.7,92.1
1/29/2018 14:00,83.6,92.5
1/29/2018 15:00,80.7,93.1
1/29/2018 16:00,82.3,92.8
1/29/2018 17:00,84.2,93.8
1/29/2018 18:00,87.4,94.2
1/29/2018 19:00,86.4,94.4
1/29/2018 20:00,85.5,94.3
1/29/2018 21:00,90.8,93.8
1/29/2018 22:00,79.21,93.8
1/29/2018 23:00,87.5,94
1/30/2018 0:00,86.5,94
1/30/2018 1:00,84.8,92.5
1/30/2018 2:00,85.2,92.6
1/30/2018 3:00,86.9,92.6
1/30/2018 4:00,89.2,92.4
1/30/2018 5:00,86.8,91
1/30/2018 6:00,81.7,90.3
1/30/2018 7:00,76.33,88.9
1/30/2018 8:00,74.43,87.8
1/30/2018 9:00,76.79,87.2
1/30/2018 10:00,72.45,87.4
1/30/2018 11:00,72.17,84.1
1/30/2018 12:00,73.89,80.1
1/30/2018 13:00,66.98,76.31
1/30/2018 14:00,68.79,79.24
1/30/2018 15:00,69.91,75.93
1/30/2018 16:00,73.53,81
1/30/2018 17:00,74.45,84.4
1/30/2018 18:00,79.95,84.4
1/30/2018 19:00,83.1,86.5
1/30/2018 20:00,83.9,86.7
1/30/2018 21:00,78.73,81.3
1/30/2018 22:00,80.3,81.5
1/30/2018 23:00,80.7,82.9
1/31/2018 0:00,84.9,85
1/31/2018 1:00,88,95.1
1/31/2018 2:00,85.7,92.1
1/31/2018 3:00,82,88
1/31/2018 4:00,79.63,86
1/31/2018 5:00,78.5,86.2
1/31/2018 6:00,82.1,88.2
1/31/2018 7:00,80.2,86.4
1/31/2018 8:00,81.9,86.3
1/31/2018 9:00,80.8,83
1/31/2018 10:00,79.49,83.3
1/31/2018 11:00,77.58,83
1/31/2018 12:00,77.74,85.1
1/31/2018 13:00,78.5,85.1
1/31/2018 14:00,79.68,84
1/31/2018 15:00,80.8,87.6
1/31/2018 16:00,83.4,88.6
1/31/2018 17:00,82.4,90.7
1/31/2018 18:00,82.7,87.3
1/31/2018 19:00,86.5,91.6
1/31/2018 20:00,87,94.5
1/31/2018 21:00,85.3,91.5
1/31/2018 22:00,82.1,88.8
1/31/2018 23:00,80.7,86.2
2/1/2018 0:00, , 
2/1/2018 1:00, ,78.81
2/1/2018 2:00,69.49,76.94
2/1/2018 3:00,68.35,75.54
2/1/2018 4:00,71.91,77.67
2/1/2018 5:00,72.22,77.23
2/1/2018 6:00, ,78.35
2/1/2018 7:00,73.53,78.23
2/1/2018 8:00,70.81,73.49
2/1/2018 9:00,68.77,73.06
2/1/2018 10:00,72.5,77.6
2/1/2018 11:00,75,81.4
2/1/2018 12:00,77.37,84.4
2/1/2018 13:00,80.5,83.3
2/1/2018 14:00,83.1,85.7
2/1/2018 15:00,82,90
2/1/2018 16:00,86.8,91.6
2/1/2018 17:00,84.5, 
2/1/2018 18:00,91.4,97.3
2/1/2018 19:00,90.1,95.1
2/1/2018 20:00,88.2,94
2/1/2018 21:00,85.9,93.7
2/1/2018 22:00,84.8,92
2/1/2018 23:00,83,90.8
2/2/2018 0:00,82,89.3
2/2/2018 1:00,84.3,89.7
2/2/2018 2:00,82.2,87.5
2/2/2018 3:00,78.99,82.8
2/2/2018 4:00,73.79,83.3
2/2/2018 5:00,78.38,82.3
2/2/2018 6:00,76.51,80.5
2/2/2018 7:00,75.27,81.8
2/2/2018 8:00,77.53,81.5
2/2/2018 9:00,79,87.1
2/2/2018 10:00,78.98,84.8
2/2/2018 11:00,79.94,84.5
2/2/2018 12:00,78.08,85.7
2/2/2018 13:00,79.9,80.7
2/2/2018 14:00,77.94,82.2
2/2/2018 15:00,76.62,81.9
2/2/2018 16:00,75.25,81.3
2/2/2018 17:00,76.37,83.6
2/2/2018 18:00,80.9,83.3
2/2/2018 19:00,82.1,84.7
2/2/2018 20:00,81.6,84.3
2/2/2018 21:00,75.45,81.9
2/2/2018 22:00,76.88,83.2
2/2/2018 23:00,79.15,85.9
2/3/2018 0:00,83.4,87.9
2/3/2018 1:00,82.5,88.6
2/3/2018 2:00,84.1,87.7
2/3/2018 3:00,81.4,86.3
2/3/2018 4:00,81.8,85.8
2/3/2018 5:00,81.6,87.3
2/3/2018 6:00,85.4,88.4
2/3/2018 7:00,84.5,88.4
2/3/2018 8:00,83.4,83.2
2/3/2018 9:00,80.9,83
2/3/2018 10:00,77.32,82.8
2/3/2018 11:00,75.7,82.7
2/3/2018 12:00,76.72,82.6
2/3/2018 13:00,77.64,85.9
2/3/2018 14:00,79.01,86.6
2/3/2018 15:00,81,85.7
2/3/2018 16:00,79.41,82.3
2/3/2018 17:00,78.27,82
2/3/2018 18:00,79.39,83.7
2/3/2018 19:00,81.4,88.2
2/3/2018 20:00,84.9,88.7
2/3/2018 21:00,82.1,86.5
2/3/2018 22:00,79.97,85.3
2/3/2018 23:00,85.2,87.7
2/4/2018 0:00,84.5,84.2
2/4/2018 1:00,84.4,84
2/4/2018 2:00,80.7,81.3
2/4/2018 3:00, ,82
2/4/2018 4:00,81.5,85.8
2/4/2018 5:00,81.7,86.9
2/4/2018 6:00,82.5,87.1
2/4/2018 7:00,86.3,89.7
2/4/2018 8:00,84.7,92
2/4/2018 9:00,89.5,93.9
2/4/2018 10:00,89.8,93.5
2/4/2018 11:00,89.1,93.4
2/4/2018 12:00,89.2,93.2
2/4/2018 13:00,89.6,94.1
2/4/2018 14:00,90.4,94
2/4/2018 15:00,88.7,94.8
2/4/2018 16:00,91.8,95.3
2/4/2018 17:00,93,96.2
2/4/2018 18:00,93.2,96.4
2/4/2018 19:00,93.1,96.9
2/4/2018 20:00,93.2,97.2
2/4/2018 21:00,93.5,97.2
2/4/2018 22:00,94,97.2
2/4/2018 23:00,93.5,97.3
2/5/2018 0:00,93,97.5
2/5/2018 1:00,92.9,97.6
2/5/2018 2:00,93.9,97.4
2/5/2018 3:00,93.5,97.4
2/5/2018 4:00,93.4,97.4
2/5/2018 5:00,92.7,97.5
2/5/2018 6:00,91.8,97.5
2/5/2018 7:00,90.4,97.4
2/5/2018 8:00,90.7,97.4
2/5/2018 9:00,89.5,97.5
2/5/2018 10:00,90.4,97.6
2/5/2018 11:00,90.2,97.8
2/5/2018 12:00,91,98.2
2/5/2018 13:00,92,98.6
2/5/2018 14:00,92.3,98.6
2/5/2018 15:00,89.9,98.6
2/5/2018 16:00,93,98.5
2/5/2018 17:00,92.8,98.4
2/5/2018 18:00,94.3,98
2/5/2018 19:00,92.6,97.8
2/5/2018 20:00,94.5,98
2/5/2018 21:00,94.2,97.9
2/5/2018 22:00,93.5,97.8
2/5/2018 23:00,94.7,97.8
2/6/2018 0:00,94.9,97.7
2/6/2018 1:00,95,97.7
2/6/2018 2:00,94.2,97.5
2/6/2018 3:00,93.1,97.4
2/6/2018 4:00,92.1,97.4
2/6/2018 5:00,92.2,97.3
2/6/2018 6:00,89.1,96.8
2/6/2018 7:00,86.2,96.2
2/6/2018 8:00,82,96
2/6/2018 9:00,82.6,96.9
2/6/2018 10:00,82.3,97.3
2/6/2018 11:00,81.7,98.1
2/6/2018 12:00,81.2,96.9
2/6/2018 13:00,78.96,96.8
2/6/2018 14:00,81.2,96.4
2/6/2018 15:00,84.5,95.7
2/6/2018 16:00,84.3,95.4
2/6/2018 17:00,83.3,94.7
2/6/2018 18:00,83.7,94
2/6/2018 19:00,77.68,93.1
2/6/2018 20:00,80.5,92.7
2/6/2018 21:00,79.71,92.3
2/6/2018 22:00,75.68,91.8
2/6/2018 23:00,73.07,91.9
2/7/2018 0:00,76.09,92.5
2/7/2018 1:00,76.62,92.5
2/7/2018 2:00,75.52,91.5
2/7/2018 3:00,71.72,90
2/7/2018 4:00,71.82,88.7
2/7/2018 5:00,71.52,87.8
2/7/2018 6:00,74.64,89.2
2/7/2018 7:00,77.71,89.8
2/7/2018 8:00,79.11,90.8
2/7/2018 9:00,78.04,90.4
2/7/2018 10:00,75.44,89.9
2/7/2018 11:00,78.19,88.7
2/7/2018 12:00,80.7,90.6
2/7/2018 13:00,79.86,92.3
2/7/2018 14:00,82.2,93.9
2/7/2018 15:00,82.2,93.4
2/7/2018 16:00,82.3,92.3
2/7/2018 17:00,85.2,91.7
2/7/2018 18:00,83.2,90.1
2/7/2018 19:00,83.8,89.4
2/7/2018 20:00,82.1,88.4
2/7/2018 21:00,82.6,87.8
2/7/2018 22:00,82.9,90.6
2/7/2018 23:00, ,91.1
2/8/2018 0:00,85.7,91.2
2/8/2018 1:00,84.7,90.7
2/8/2018 2:00,81.8,90
2/8/2018 3:00,81.6,89.5
2/8/2018 4:00,84.3,91.2
2/8/2018 5:00,87.7,93.4
2/8/2018 6:00,87.9,94.2
2/8/2018 7:00,90.7,95.2
2/8/2018 8:00,88.1,93
2/8/2018 9:00, , 
2/8/2018 10:00,92.9,94.7
2/8/2018 11:00,89.1,93.4
2/8/2018 12:00,89.3,94.1
2/8/2018 13:00,88.4,93.3
2/8/2018 14:00,89.4,94
2/8/2018 15:00,89.1,93.5
2/8/2018 16:00,90.6,95.6
2/8/2018 17:00,90.7,96.4
2/8/2018 18:00,91.9,96.8
2/8/2018 19:00,92.6,97.1
2/8/2018 20:00,93,97.1
2/8/2018 21:00,93.3,96.9
2/8/2018 22:00,93.3,96.9
2/8/2018 23:00,93.1,96.8
2/9/2018 0:00,93.6,96.6
2/9/2018 1:00,93,96.5
2/9/2018 2:00,92.4,96.1
2/9/2018 3:00,92,96.4
2/9/2018 4:00,91.5,96.2
2/9/2018 5:00,85,94.2
2/9/2018 6:00,84.3,93
2/9/2018 7:00,83,91.4
2/9/2018 8:00,84.3,91
2/9/2018 9:00,83.9,91.7
2/9/2018 10:00,83.4,91
2/9/2018 11:00,81.5,91.2
2/9/2018 12:00,84.5,91
2/9/2018 13:00,83.3,92.9
2/9/2018 14:00,87.3,93.3
2/9/2018 15:00,90.4,94.5
2/9/2018 16:00,92.2,94.5
2/9/2018 17:00,87.6,94.2
2/9/2018 18:00,84.7,94.1
2/9/2018 19:00,88.5,96.3
2/9/2018 20:00,90.5,97.8
2/9/2018 21:00,92.7,97.6
2/9/2018 22:00,94.1,97.3
2/9/2018 23:00,93.8,97.2
2/10/2018 0:00,90.8,96.9
2/10/2018 1:00,91.2,97.1
2/10/2018 2:00,92.9,96.9
2/10/2018 3:00,92.7,96.7
2/10/2018 4:00,91,95.1
2/10/2018 5:00,89.1,94.1
2/10/2018 6:00,88.5,93.6
2/10/2018 7:00,85.3,92.4
2/10/2018 8:00,83.7,91.6
2/10/2018 9:00,84.4,90.8
2/10/2018 10:00,81.1,90.4
2/10/2018 11:00,79.66,88.9
2/10/2018 12:00,79.02,88.7
2/10/2018 13:00,77.61,88.6
2/10/2018 14:00,80.1,89.4
2/10/2018 15:00,80.7,90.5
2/10/2018 16:00,81.1,89.3
2/10/2018 17:00,80.9,90.3
2/10/2018 18:00,82.7,90.7
2/10/2018 19:00,82.2,91
2/10/2018 20:00,86.5,92
2/10/2018 21:00,87.1,93
2/10/2018 22:00,85.6,93.7
2/10/2018 23:00,89,94.5
2/11/2018 0:00,86,92.9
2/11/2018 1:00,84.8,92.3
2/11/2018 2:00,89.8,94.3
2/11/2018 3:00,88,93.8
2/11/2018 4:00,86.5, 
2/11/2018 5:00,88.1,93.1
2/11/2018 6:00,88.7,93.1
2/11/2018 7:00,87,90.8
2/11/2018 8:00,83.6,87.6
2/11/2018 9:00,79.76,87.6
2/11/2018 10:00,82.3,88.1
2/11/2018 11:00,81.2,85.7
2/11/2018 12:00,79.33,83.6
2/11/2018 13:00,76.52,79.56
2/11/2018 14:00,74.12,77.97
2/11/2018 15:00,72.53,73.5
2/11/2018 16:00,69.19,70.4
2/11/2018 17:00,65.35,69.22
2/11/2018 18:00,65.17,68.45
2/11/2018 19:00,68.53,73.4
2/11/2018 20:00,64.03,71.15
2/11/2018 21:00,55.13,69.21
2/11/2018 22:00,60.37,66.53
2/11/2018 23:00,60.3,66.72
2/12/2018 0:00,66.03,74.07
2/12/2018 1:00,70.48,74.74
2/12/2018 2:00,73.68,77.16
2/12/2018 3:00,71.88,79.4
2/12/2018 4:00,79.16,84.3
2/12/2018 5:00,79.16,82.9
2/12/2018 6:00,79.11,81.7
2/12/2018 7:00,77.1,83.1
2/12/2018 8:00,78.68,82.4
2/12/2018 9:00,78.91,83.9
2/12/2018 10:00,79.61,83.3
2/12/2018 11:00, ,83
2/12/2018 12:00,78,87.3
2/12/2018 13:00,79.86,87.1
2/12/2018 14:00,79.64,82.9
2/12/2018 15:00,81.6,89.8
2/12/2018 16:00,86.8,91.8
2/12/2018 17:00,87,92.5
2/12/2018 18:00,84.2,92.6
2/12/2018 19:00,85.6,94.7
2/12/2018 20:00,86,92.4
2/12/2018 21:00,86.4,92.4
2/12/2018 22:00,85.9,91.7
2/12/2018 23:00,87,91.5
2/13/2018 0:00,87.4,90.6
2/13/2018 1:00,88.8,90.3
2/13/2018 2:00,89.5,90.9
2/13/2018 3:00,90,91.6
2/13/2018 4:00,88.5,91.2
2/13/2018 5:00,88.9,91.9
2/13/2018 6:00,88.7,91.9
2/13/2018 7:00,88.4,92.5
2/13/2018 8:00,89.2,92.8
2/13/2018 9:00,88.6,92.7
2/13/2018 10:00,87.5,92.7
2/13/2018 11:00,87.2,92.5
2/13/2018 12:00,85.5,91.6
2/13/2018 13:00,85.6,91.6
2/13/2018 14:00,85.6,92.5
2/13/2018 15:00,87,92.5
2/13/2018 16:00,88.1,93.1
2/13/2018 17:00,88.3,94.2
2/13/2018 18:00,84.7,91.2
2/13/2018 19:00,84, 
2/13/2018 20:00,81.6,90.4
2/13/2018 21:00,81.8,87.7
2/13/2018 22:00,80.3,84.1
2/13/2018 23:00,81.7,83.2
2/14/2018 0:00,83,83.6
2/14/2018 1:00,82.8,84.2
2/14/2018 2:00,82.3,83.1
2/14/2018 3:00,84.4,82.4
2/14/2018 4:00,83.8,82.5
2/14/2018 5:00,82.5,83.1
2/14/2018 6:00,81.3,83.8
2/14/2018 7:00,78.19,81.9
2/14/2018 8:00,75,81.6
2/14/2018 9:00,71.46,79.66
2/14/2018 10:00,74.91,82
2/14/2018 11:00,78.05,87.1
2/14/2018 12:00,83.4,89.8
2/14/2018 13:00,78.7,86
2/14/2018 14:00,81.1,87.7
2/14/2018 15:00,82.5,87.2
2/14/2018 16:00,86,90.5
2/14/2018 17:00,87.8,92.4
2/14/2018 18:00,89.5,92.5
2/14/2018 19:00,89.9,89.1
2/14/2018 20:00,88.8,90.4
2/14/2018 21:00,88.9,89.4
2/14/2018 22:00,86,86.5
2/14/2018 23:00,86.3,85.4
2/15/2018 0:00,89.9,92.4
2/15/2018 1:00,90.3,92.5
2/15/2018 2:00,89.3,92.2
2/15/2018 3:00,87.7,90.2
2/15/2018 4:00,86.7,89.9
2/15/2018 5:00,85.3,87.5
2/15/2018 6:00,82.9,86
2/15/2018 7:00,81,85
2/15/2018 8:00,82.5,84.5
2/15/2018 9:00,81.5,84.9
2/15/2018 10:00,80.2,84.5
2/15/2018 11:00,80.5,85.2
2/15/2018 12:00,80.2,85
2/15/2018 13:00,80.1,85.4
2/15/2018 14:00,78.65,83.5
2/15/2018 15:00,79.41,85.5
2/15/2018 16:00,80.8,84.1
2/15/2018 17:00,80.4,87.4
2/15/2018 18:00,82.5,87.8
2/15/2018 19:00,84,90.3
2/15/2018 20:00,81.3,88.5
2/15/2018 21:00,80.3,87.4
2/15/2018 22:00,80.7,86.1
2/15/2018 23:00,80.9,86.3
2/16/2018 0:00,81.4,83.7
2/16/2018 1:00,81.1,83.2
2/16/2018 2:00,80.5,82.5
2/16/2018 3:00,80.5,82.8
2/16/2018 4:00,79.75,80.6
2/16/2018 5:00, ,79.34
2/16/2018 6:00,80.4,80.8
2/16/2018 7:00,77.68,81.1
2/16/2018 8:00,77.05,80.5
2/16/2018 9:00,75.7,79.14
2/16/2018 10:00,76.65,79.05
2/16/2018 11:00,77.09,80.6
2/16/2018 12:00,77.21,81
2/16/2018 13:00,76.98,81.7
2/16/2018 14:00,74.87,80.8
2/16/2018 15:00,78.09,79.83
2/16/2018 16:00,79.93,83.6
2/16/2018 17:00,77.31,84.2
2/16/2018 18:00,79.84,85.1
2/16/2018 19:00,79.15,84.7
2/16/2018 20:00,77.92,83
2/16/2018 21:00,78.12,81.5
2/16/2018 22:00,78.19,80.4
2/16/2018 23:00,77.04,79.46
2/17/2018 0:00,77.89,79.98
2/17/2018 1:00,78.39,79.97
2/17/2018 2:00,79.54,79.03
2/17/2018 3:00,77.31,78.48
2/17/2018 4:00,76.71,75.83
2/17/2018 5:00,76.52,75.37
2/17/2018 6:00,77.81,76.74
2/17/2018 7:00,77.36,76.71
2/17/2018 8:00,77.71,77.84
2/17/2018 9:00,77.55,76.79
2/17/2018 10:00,75.54,78.24
2/17/2018 11:00,75.66, 
2/17/2018 12:00,75.65,78.03
2/17/2018 13:00,75.07,78.62
2/17/2018 14:00,76.28,80.4
2/17/2018 15:00,77.58,84.7
2/17/2018 16:00,78.75,85.5
2/17/2018 17:00,76.47,82.9
2/17/2018 18:00,74.43,81.4
2/17/2018 19:00,72.05,78.04
2/17/2018 20:00,71.35,75.45
2/17/2018 21:00,69.69,71.99
2/17/2018 22:00, ,71.24
2/17/2018 23:00, ,71.42
2/18/2018 0:00, ,72.13
2/18/2018 1:00,68.25,71.91
2/18/2018 2:00,66.96,72.82
2/18/2018 3:00,65.51,72.56
2/18/2018 4:00,65.76,71.33
2/18/2018 5:00,69.52,71.4
2/18/2018 6:00,68.89,71.98
2/18/2018 7:00,69.28,71.96
2/18/2018 8:00,68.32,73.14
2/18/2018 9:00,68.07,74.33
2/18/2018 10:00,68,73.26
2/18/2018 11:00,64.35,70.16
2/18/2018 12:00,65.57,72.85
2/18/2018 13:00,68.57,76.33
2/18/2018 14:00,72.43,79.25
2/18/2018 15:00,74.48,83.8
2/18/2018 16:00,76.74,84.2
2/18/2018 17:00,79.75,87.7
2/18/2018 18:00,82.5,88.2
2/18/2018 19:00,83.4,90.3
2/18/2018 20:00,83.7,91.7
2/18/2018 21:00,84.5,91
2/18/2018 22:00,83.9,92.2
2/18/2018 23:00,88,91.8
2/19/2018 0:00,87.7,91.4
2/19/2018 1:00,87.9,90.1
2/19/2018 2:00,87.2,89.4
2/19/2018 3:00,87.3,89
2/19/2018 4:00,86.5,88.2
2/19/2018 5:00, ,87.9
2/19/2018 6:00,85,87.4
2/19/2018 7:00,84.1,87.1
2/19/2018 8:00,83.3,86.5
2/19/2018 9:00,82.3,85.3
2/19/2018 10:00,81.1,84.6
2/19/2018 11:00,79.72,83
2/19/2018 12:00, ,80.7
2/19/2018 13:00,76.05,80.1
2/19/2018 14:00,74.61,80.9
2/19/2018 15:00,75.39,82.3
2/19/2018 16:00,76.43,81.6
2/19/2018 17:00,74.08,77.15
2/19/2018 18:00,72.36,75.84
2/19/2018 19:00,70.87,73.58
2/19/2018 20:00,70.74,73.36
2/19/2018 21:00,67.11,67.32
2/19/2018 22:00,69.88,71.84
2/19/2018 23:00,71.39,75.98
2/20/2018 0:00,75.3,79.89
2/20/2018 1:00,78.2,82.5
2/20/2018 2:00,78.28,83.9
2/20/2018 3:00,77.6,82.5
2/20/2018 4:00,76.94,81.9
2/20/2018 5:00,75.99,79.81
2/20/2018 6:00,73.89,77.83
2/20/2018 7:00,73.93,75.82
2/20/2018 8:00,72.81,75.34
2/20/2018 9:00,71.42,76.56
2/20/2018 10:00,70.55,75.22
2/20/2018 11:00,70.87,75.42
2/20/2018 12:00,69.68,75.01
2/20/2018 13:00,69,75.6
2/20/2018 14:00,68.96,77.35
2/20/2018 15:00,66.75,75.77
2/20/2018 16:00,68.4,75.72
2/20/2018 17:00,66.61,73.43
2/20/2018 18:00,65.88,70.94
2/20/2018 19:00,57.38,71.42
2/20/2018 20:00,66.34,70.9
2/20/2018 21:00,64.4,71.42
2/20/2018 22:00,64.99,70.87
2/20/2018 23:00,64.57,70.87
2/21/2018 0:00,63.83,69.11
2/21/2018 1:00,64.09,69.44
2/21/2018 2:00,66.73,70.9
2/21/2018 3:00,67.13,71.32
2/21/2018 4:00,66.87,72.75
2/21/2018 5:00,65.14,71.94
2/21/2018 6:00,63.62,70.15
2/21/2018 7:00,66.34,71.45
2/21/2018 8:00,66.61,73.41
2/21/2018 9:00,66.99,72.79
2/21/2018 10:00,69.42,75.19
2/21/2018 11:00,67.3,75.6
2/21/2018 12:00,72.1,76.97
2/21/2018 13:00,67.27,75.21
2/21/2018 14:00,68.66,71.64
2/21/2018 15:00,66.59,76.38
2/21/2018 16:00,59.11,75.07
2/21/2018 17:00,69.6, 
2/21/2018 18:00,61.14,62.24
2/21/2018 19:00,64.01,72.26
2/21/2018 20:00,74.33,83.2
2/21/2018 21:00,71.41,77.54
2/21/2018 22:00,70.43,77.31
2/21/2018 23:00,69.24,76.01
2/22/2018 0:00,70.39,75.2
2/22/2018 1:00,68.75,74.68
2/22/2018 2:00,66.79,71.26
2/22/2018 3:00,68.79,72.45
2/22/2018 4:00,68.72,69.1
2/22/2018 5:00,71.49, 
2/22/2018 6:00,76.37,74.47
2/22/2018 7:00,76.27,74.36
2/22/2018 8:00,77.04,76.84
2/22/2018 9:00,76.32,75.86
2/22/2018 10:00,76.89,77.91
2/22/2018 11:00,80.3,85
2/22/2018 12:00,78.82, 
2/22/2018 13:00,78.26,86.1
2/22/2018 14:00,81.4,88.3
2/22/2018 15:00,80.6,88
2/22/2018 16:00,80.9,89.5
2/22/2018 17:00,80.2,85.3
2/22/2018 18:00,81.5,85.6
2/22/2018 19:00,81.3,85.3
2/22/2018 20:00,80.9,85.1
2/22/2018 21:00,80,84.5
2/22/2018 22:00,79.59,82.8
2/22/2018 23:00,79.52,82
2/23/2018 0:00,79.37,82.3
2/23/2018 1:00,78.6,81.1
2/23/2018 2:00,77.1,80.3
2/23/2018 3:00, ,79.81
2/23/2018 4:00,77.31,80.5
2/23/2018 5:00,78.4,81.2
2/23/2018 6:00,79.17,80.8
2/23/2018 7:00,78.54,79.82
2/23/2018 8:00,79.06,83.1
2/23/2018 9:00,78.3,84.2
2/23/2018 10:00,78.34,83.1
2/23/2018 11:00,77.6,84
2/23/2018 12:00,78.43,81.3
2/23/2018 13:00,76.63,83.9
2/23/2018 14:00,77.49,83
2/23/2018 15:00,76.06,81.8
2/23/2018 16:00,77.35, 
2/23/2018 17:00,77.49,82.2
2/23/2018 18:00,75.17,82.6
2/23/2018 19:00,74.45,82.7
2/23/2018 20:00,74.92,79.66
2/23/2018 21:00,75.09,79.01
2/23/2018 22:00,75.79,81.1
2/23/2018 23:00, ,80.7
2/24/2018 0:00,78.22,81.2
2/24/2018 1:00,80.7,83.7
2/24/2018 2:00,80.8,83.8
2/24/2018 3:00,80.4,85
2/24/2018 4:00,77.32,81.6
2/24/2018 5:00,77.31,81.2
2/24/2018 6:00,77.99,80.6
2/24/2018 7:00,78.74,82.8
2/24/2018 8:00,78.85,83.3
2/24/2018 9:00,79.18,82.6
2/24/2018 10:00,79.07,83
2/24/2018 11:00,78.3,83.2
2/24/2018 12:00,80.2,82.5
2/24/2018 13:00,81.4,84.1
2/24/2018 14:00,81.5,83
2/24/2018 15:00,81.9,87.2
2/24/2018 16:00,83.5,88.7
2/24/2018 17:00,82.4,88.7
2/24/2018 18:00,83.8,88
2/24/2018 19:00,83.5,87.6
2/24/2018 20:00,82.4,85.9
2/24/2018 21:00,81.5,84.5
2/24/2018 22:00,81,82.3
2/24/2018 23:00,81.1,83
2/25/2018 0:00,80.4,83.1
2/25/2018 1:00,80.9,83.6
2/25/2018 2:00,80.1,81.7
2/25/2018 3:00,81,82.8
2/25/2018 4:00,80.5,83.4
2/25/2018 5:00,77.75,81.7
2/25/2018 6:00,77.3,81.8
2/25/2018 7:00,77.52,79.91
2/25/2018 8:00,77.33,80.9
2/25/2018 9:00,76.15,78.68
2/25/2018 10:00,72.98,76.84
2/25/2018 11:00,73.46,77.43
2/25/2018 12:00,74.04,75.97
2/25/2018 13:00,75.1,75.28
2/25/2018 14:00,73.44,76.87
2/25/2018 15:00,73.21,74.85
2/25/2018 16:00,71.77,76.39
2/25/2018 17:00,72.15,76.02
2/25/2018 18:00,72.56,74.85
2/25/2018 19:00,74.13,74.8
2/25/2018 20:00,71.86,73.77
2/25/2018 21:00,71.38,72.36
2/25/2018 22:00,70.79,73.67
2/25/2018 23:00,72.59,75.85
2/26/2018 0:00,75.01,75.78
2/26/2018 1:00,76.87,78.91
2/26/2018 2:00,76.67,80.6
2/26/2018 3:00,80.9,81.3
2/26/2018 4:00,82.5,84.2
2/26/2018 5:00,83.6,86
2/26/2018 6:00,84.3,86.2
2/26/2018 7:00,84.1,85.8
2/26/2018 8:00,83.4,84.9
2/26/2018 9:00,83.1,84.2
2/26/2018 10:00,83,85.6
2/26/2018 11:00,84,85.8
2/26/2018 12:00,85,87.4
2/26/2018 13:00,85.6,87.5
2/26/2018 14:00,85.6,88.4
2/26/2018 15:00,86,89
2/26/2018 16:00,86.3,89.5
2/26/2018 17:00,86.7,89.6
2/26/2018 18:00,85.6,89.4
2/26/2018 19:00,82,87.9
2/26/2018 20:00,81,82
2/26/2018 21:00,81.1,81.3
2/26/2018 22:00, ,80.1
2/26/2018 23:00, , 
2/27/2018 0:00,80.6,78.61
2/27/2018 1:00,80.3,79.49
2/27/2018 2:00,79.63,79.49
2/27/2018 3:00,79.9,79.88
2/27/2018 4:00,78.81,79.05
2/27/2018 5:00,77.5,77.51
2/27/2018 6:00,76.33,76.2
2/27/2018 7:00,74.58,75.25
2/27/2018 8:00,74.83,75.36
2/27/2018 9:00,73.46,75.78
2/27/2018 10:00,72.93,74.63
2/27/2018 11:00,72.39,76.38
2/27/2018 12:00,68.99,74.69
2/27/2018 13:00,70.86,74.58
2/27/2018 14:00,69.2,75.85
2/27/2018 15:00,70.92,76.05
2/27/2018 16:00,70.06,76.17
2/27/2018 17:00,68.43,73.64
2/27/2018 18:00,78.03,83.4
2/27/2018 19:00,74.12,77.09
2/27/2018 20:00,75.44,78.16
2/27/2018 21:00,75.27,78.57
2/27/2018 22:00,73.9,76.18
2/27/2018 23:00,73.62,75.84
2/28/2018 0:00,75.67,77.28
2/28/2018 1:00,77.02,80.7
2/28/2018 2:00,75.26,79.33
2/28/2018 3:00,75.78,79
2/28/2018 4:00,74.7,76.13
2/28/2018 5:00,74.63,78.51
2/28/2018 6:00,75.87,79.88
2/28/2018 7:00,77.03,79.45
2/28/2018 8:00,80.8,83.1
2/28/2018 9:00,80.9,86.4
2/28/2018 10:00,81.3,86.8
2/28/2018 11:00,79.7,84.1
2/28/2018 12:00,82.4,87.7
2/28/2018 13:00,78.78,85.3
2/28/2018 14:00,82,87.7
2/28/2018 15:00,82.8,88.6
2/28/2018 16:00,81.7,88.9
2/28/2018 17:00,83.4,90.4
2/28/2018 18:00,85.2,89.6
2/28/2018 19:00,84.6,88.7
2/28/2018 20:00,81,88.4
2/28/2018 21:00,83.3,88.8
2/28/2018 22:00,81.4,87.9
2/28/2018 23:00,78.72,88.6
3/1/2018 0:00, , 
3/1/2018 1:00, ,89
3/1/2018 2:00, ,89.1
3/1/2018 3:00,86.4,89.2
3/1/2018 4:00,85.1,89.1
3/1/2018 5:00,85.7,89.3
3/1/2018 6:00,85.1,88.7
3/1/2018 7:00,82.8, 
3/1/2018 8:00,80.9,87.1
3/1/2018 9:00,76.9,86.2
3/1/2018 10:00,76.5,86.7
3/1/2018 11:00,75.83,87.8
3/1/2018 12:00,75.51,87.1
3/1/2018 13:00,74.47,85.7
3/1/2018 14:00,74.84,82.5
3/1/2018 15:00,75.15,84
3/1/2018 16:00,75.68,85.8
3/1/2018 17:00,77.1,87.5
3/1/2018 18:00,79.44,89.4
3/1/2018 19:00,75.52,83
3/1/2018 20:00,76.02,85.4
3/1/2018 21:00,69.91,74.01
3/1/2018 22:00,67.28,72.95
3/1/2018 23:00,66.34, 
3/2/2018 0:00,65.69,71.4
3/2/2018 1:00,67.43,71.32
3/2/2018 2:00,67.63,70.94
3/2/2018 3:00,69.91,71.22
3/2/2018 4:00,70.34,71.68
3/2/2018 5:00,70.09,72.4
3/2/2018 6:00,71.21,75.94
3/2/2018 7:00,72.9,77.47
3/2/2018 8:00,73.61,78.94
3/2/2018 9:00,75.55,79.52
3/2/2018 10:00,74.35,80.6
3/2/2018 11:00,76.32,81.9
3/2/2018 12:00,81.3,84.5
3/2/2018 13:00,82.8,86.6
3/2/2018 14:00,84.3,88.1
3/2/2018 15:00,86.5,88.5
3/2/2018 16:00,87.1,89.6
3/2/2018 17:00,86.9,90
3/2/2018 18:00,87.4,90.3
3/2/2018 19:00,86.6,90.5
3/2/2018 20:00,86.9,90.5
3/2/2018 21:00,86.8,90.2
3/2/2018 22:00,86.7, 
3/2/2018 23:00,86.3, 
3/3/2018 0:00,85.8,88.9
3/3/2018 1:00,85.7,88.9
3/3/2018 2:00,85.5,88.9
3/3/2018 3:00,84.1,88.5
3/3/2018 4:00,83.6,88.2
3/3/2018 5:00,82.7,87.9
3/3/2018 6:00,81.9,87.6
3/3/2018 7:00,83,87.4
3/3/2018 8:00,83.3,87.4
3/3/2018 9:00,83.5,87.4
3/3/2018 10:00,83.3,87.1
3/3/2018 11:00,84.1,87.8
3/3/2018 12:00,84.1,88.9
3/3/2018 13:00,86.4,89.6
3/3/2018 14:00,87.1,89.8
3/3/2018 15:00, ,90.9
3/3/2018 16:00,87.5,91
3/3/2018 17:00,86.4,90.9
3/3/2018 18:00,81.3,90
3/3/2018 19:00,77.76,88.1
3/3/2018 20:00,78.02,87.6
3/3/2018 21:00,81.8,88.3
3/3/2018 22:00,83.1,89
3/3/2018 23:00,81,89.1
3/4/2018 0:00,79.16,89
3/4/2018 1:00,83.2,89.1
3/4/2018 2:00,84.4,88.7
3/4/2018 3:00,81.8,86.9
3/4/2018 4:00,80.8,84.9
3/4/2018 5:00,75.82,80.6
3/4/2018 6:00,73.59,78.65
3/4/2018 7:00,74.17,80.5
3/4/2018 8:00,78.61,84.3
3/4/2018 9:00,83.9,87.7
3/4/2018 10:00,84.3,88.4
3/4/2018 11:00,84.4,88.9
3/4/2018 12:00,85.8,89.4
3/4/2018 13:00,85.5,89.8
3/4/2018 14:00,85.2,90.4
3/4/2018 15:00,85.5,90.5
3/4/2018 16:00,86.5,91.2
3/4/2018 17:00,86.9,91.8
3/4/2018 18:00,87.5,92.1
3/4/2018 19:00,89.4,92.2
3/4/2018 20:00, , 
3/4/2018 21:00,87.8,91.7
3/4/2018 22:00,88,92
3/4/2018 23:00, , 
3/5/2018 0:00,88.9,92
3/5/2018 1:00,88.3,91.9
3/5/2018 2:00,89.2,92.2
3/5/2018 3:00,88.7,92.3
3/5/2018 4:00,87.6,92.5
3/5/2018 5:00,82.8,90.5
3/5/2018 6:00,83.5,91.8
3/5/2018 7:00,80.8,91.2
3/5/2018 8:00,80,90.6
3/5/2018 9:00,77.71,90.4
3/5/2018 10:00,62.66,90.1
3/5/2018 11:00,72.13,89.7
3/5/2018 12:00,79.02,89.6
3/5/2018 13:00,86,90.1
3/5/2018 14:00,91.7,90.6
3/5/2018 15:00,92.1,91.6
3/5/2018 16:00,92.1,92
3/5/2018 17:00,92.5,92.4
3/5/2018 18:00,92.5,92.3
3/5/2018 19:00,92.2,91.9
3/5/2018 20:00,92,91.9
3/5/2018 21:00,91.6,91.7
3/5/2018 22:00,91.2,91.7
3/5/2018 23:00,91.3,91.2
3/6/2018 0:00,91.2,91.1
3/6/2018 1:00,90.8,90.3
3/6/2018 2:00,90.6,90.4
3/6/2018 3:00,90.6,90.4
3/6/2018 4:00,90.6,90.6
3/6/2018 5:00,90.5,90.6
3/6/2018 6:00,90.1,90.5
3/6/2018 7:00,87.3,90
3/6/2018 8:00,80.2,87.9
3/6/2018 9:00,72.23,88.5
3/6/2018 10:00,70.08,87.4
3/6/2018 11:00, ,87.7
3/6/2018 12:00,79.51, 
3/6/2018 13:00,73.82,87.6
3/6/2018 14:00,75.06,87.4
3/6/2018 15:00,74.84,88
3/6/2018 16:00,73.04,86.9
3/6/2018 17:00,73.7,86.8
3/6/2018 18:00,71.42,86.6
3/6/2018 19:00,72.76,85.1
3/6/2018 20:00, ,81.5
3/6/2018 21:00,72.8,77.64
3/6/2018 22:00,75.66,79.91
3/6/2018 23:00, ,82.8
3/7/2018 0:00,75.4,83.9
3/7/2018 1:00,77.2,84.8
3/7/2018 2:00,77.58,83.6
3/7/2018 3:00,77.37,83.8
3/7/2018 4:00,75.42,83.3
3/7/2018 5:00,72.27,80.5
3/7/2018 6:00,71.95,77.45
3/7/2018 7:00,70.51,77.18
3/7/2018 8:00,72.57,77.93
3/7/2018 9:00,73.63,77.08
3/7/2018 10:00,71.81,78.22
3/7/2018 11:00,70.54,77.46
3/7/2018 12:00,68.54,76.01
3/7/2018 13:00,68.96,74.77
3/7/2018 14:00,63.78,72.78
3/7/2018 15:00,62.69,68.15
3/7/2018 16:00,63.57,62.42
3/7/2018 17:00,61.25,62.3
3/7/2018 18:00,66.39,63.9
3/7/2018 19:00,70.29,64.95
3/7/2018 20:00, , 
3/7/2018 21:00,73.09,75.89
3/7/2018 22:00,73.49,77.22
3/7/2018 23:00,72.27,79.59
3/8/2018 0:00,74.06,79.75
3/8/2018 1:00,74.83,74.16
3/8/2018 2:00,74.11,75.97
3/8/2018 3:00,74.9,75.91
3/8/2018 4:00,75.28,79.1
3/8/2018 5:00,72.31,78.72
3/8/2018 6:00,74.71,78.61
3/8/2018 7:00,75.93,79.37
3/8/2018 8:00,77.18,79.6
3/8/2018 9:00,78.55,81.4
3/8/2018 10:00,78.47,81
3/8/2018 11:00,78.6,81.7
3/8/2018 12:00,79.42,83.2
3/8/2018 13:00,79.5,81.6
3/8/2018 14:00,79.18,82.7
3/8/2018 15:00,78.47,80.5
3/8/2018 16:00,79.73,81.8
3/8/2018 17:00,80,82.5
3/8/2018 18:00,79.35,82.1
3/8/2018 19:00,78.34,82.4
3/8/2018 20:00,78.49,83.1
3/8/2018 21:00,78.6,83.2
3/8/2018 22:00,79.11,82.9
3/8/2018 23:00,80.8,82.8
3/9/2018 0:00,81.2,82.8
3/9/2018 1:00,81.1,83
3/9/2018 2:00,79.98,83
3/9/2018 3:00,80.7,83.1
3/9/2018 4:00,79.05,82.8
3/9/2018 5:00,77.91,81.4
3/9/2018 6:00,76.64,80.7
3/9/2018 7:00,75.33,79.62
3/9/2018 8:00,73.69,76.83
3/9/2018 9:00,74.28,77.87
3/9/2018 10:00,73.37,77.42
3/9/2018 11:00,72.91,77.93
3/9/2018 12:00,73.54,78.77
3/9/2018 13:00,74.43,79.53
3/9/2018 14:00,72.75,78.83
3/9/2018 15:00,72.21,78.16
3/9/2018 16:00,71.74,78.64
3/9/2018 17:00,71.78,78.44
3/9/2018 18:00,68.48,78.25
3/9/2018 19:00,68.33,77.99
3/9/2018 20:00,72.27,79.19
3/9/2018 21:00,71.57,79.92
3/9/2018 22:00,73.04,81.4
3/9/2018 23:00,75.83,83.4
3/10/2018 0:00,76.84,83.6
3/10/2018 1:00,78.93,83.6
3/10/2018 2:00,78.13,84.1
3/10/2018 3:00,77.96,84.3
3/10/2018 4:00,77.05, 
3/10/2018 5:00, ,82.8
3/10/2018 6:00,75.77,83
3/10/2018 7:00,75.31,83.1
3/10/2018 8:00,74.05,83
3/10/2018 9:00,70.38,81.3
3/10/2018 10:00,70.03,80.8
3/10/2018 11:00,73.87,82.6
3/10/2018 12:00,73.38,82.7
3/10/2018 13:00,73.74,81.6
3/10/2018 14:00,74.15,80.6
3/10/2018 15:00,76.75,82.4
3/10/2018 16:00,78.78,85
3/10/2018 17:00,85.5,86.9
3/10/2018 18:00,87.1,88.9
3/10/2018 19:00,87,88.7
3/10/2018 20:00,86.9,88.7
3/10/2018 21:00,86.9,88.1
3/10/2018 22:00, ,87.1
3/10/2018 23:00,86.6,87.3
3/11/2018 0:00,86,87.3
3/11/2018 1:00,86.2,87.4
3/11/2018 2:00,86,87.7
3/11/2018 3:00,87.5,88.6
3/11/2018 4:00,87.7,88.2
3/11/2018 5:00,88,88.5
3/11/2018 6:00,88.2,88.2
3/11/2018 7:00,87.5,88.5
3/11/2018 8:00,87.4,88.1
3/11/2018 9:00,86.7,88.1
3/11/2018 10:00,87.3,89.4
3/11/2018 11:00,87.8,90.7
3/11/2018 12:00,88.4,91.2
3/11/2018 13:00,88.5,90.2
3/11/2018 14:00,88,89.4
3/11/2018 15:00,87.9,89.4
3/11/2018 16:00,87.5,88.9
3/11/2018 17:00,86.9,88.6
3/11/2018 18:00,86.9,88.4
3/11/2018 19:00,86.7,88.1
3/11/2018 20:00,86.7,88.1
3/11/2018 21:00,86.9,88.5
3/11/2018 22:00,87.3, 
3/11/2018 23:00,87,88.1
3/12/2018 0:00,86.7,88.1
3/12/2018 1:00,86.4,88.1
3/12/2018 2:00,86.4,87.8
3/12/2018 3:00,86,87.3
3/12/2018 4:00,85.7,87
3/12/2018 5:00,85.3,86.6
3/12/2018 6:00,85.3,86.6
3/12/2018 7:00,84.9,85.9
3/12/2018 8:00,84.7,85.8
3/12/2018 9:00,84.6,85.5
3/12/2018 10:00,84,85.4
3/12/2018 11:00,83.1,85
3/12/2018 12:00,83.5,85.3
3/12/2018 13:00,83.6,85.2
3/12/2018 14:00,84,85.6
3/12/2018 15:00,83.7,86
3/12/2018 16:00,83.8,86.5
3/12/2018 17:00,83.8,86.5
3/12/2018 18:00,83.9,86.5
3/12/2018 19:00,83.2,85.6
3/12/2018 20:00,82.4,85.6
3/12/2018 21:00,82.9,85.4
3/12/2018 22:00,82.2,85.4
3/12/2018 23:00,81.9,85
3/13/2018 0:00,81,85
3/13/2018 1:00,81.8,84.3
3/13/2018 2:00,81.4,84
3/13/2018 3:00,79.93,84.1
3/13/2018 4:00, , 
3/13/2018 5:00,79.98,83.4
3/13/2018 6:00,79.79,84.1
3/13/2018 7:00,79.75,82.2
3/13/2018 8:00,79.73,81.9
3/13/2018 9:00,78.82,82.6
3/13/2018 10:00,77.79,81.8
3/13/2018 11:00,78.52,82.5
3/13/2018 12:00,77.79,81.9
3/13/2018 13:00,76.15,79.08
3/13/2018 14:00,73.97,78.7
3/13/2018 15:00,72.07,78.33
3/13/2018 16:00,72.75,78.53
3/13/2018 17:00,75.49, 
3/13/2018 18:00,75.7,79.12
3/13/2018 19:00,76.56,80.6
3/13/2018 20:00,79,80.8
3/13/2018 21:00,78.75,81.1
3/13/2018 22:00,78.63,81.1
3/13/2018 23:00,78.13,81
3/14/2018 0:00,78.83,81
3/14/2018 1:00,80.1,82.4
3/14/2018 2:00,79.62,84.2
3/14/2018 3:00,81.3,85.3
3/14/2018 4:00,81.7,85.1
3/14/2018 5:00,81.5,84.9
3/14/2018 6:00,80.9,84.4
3/14/2018 7:00,81,83.8
3/14/2018 8:00,81.5,83.8
3/14/2018 9:00,81.2,83.5
3/14/2018 10:00,81.5,83.2
3/14/2018 11:00,82.1,83.5
3/14/2018 12:00,81.9,83.8
3/14/2018 13:00,80.5,84.1
3/14/2018 14:00,80.2,86.1
3/14/2018 15:00,80.4,86.4
3/14/2018 16:00,80.6,86.1
3/14/2018 17:00,83,86.9
3/14/2018 18:00,83.2,86.1
3/14/2018 19:00,81.2,85
3/14/2018 20:00,79.13,83.2
3/14/2018 21:00,78.76,81.9
3/14/2018 22:00, ,79.49
3/14/2018 23:00,79.4,79.95
3/15/2018 0:00,78.89,81.5
3/15/2018 1:00,77.24,80.9
3/15/2018 2:00,79.57,81.7
3/15/2018 3:00,80.6,81.6
3/15/2018 4:00,80.8,82.9
3/15/2018 5:00,81.3,82
3/15/2018 6:00,81.7,82.2
3/15/2018 7:00,81.5,82.3
3/15/2018 8:00,80.9,81.1
3/15/2018 9:00,81.1,82.3
3/15/2018 10:00,80.5,82.1
3/15/2018 11:00,81.2,81.9
3/15/2018 12:00,80.6,82.8
3/15/2018 13:00,82.1,82.9
3/15/2018 14:00,82.6,84.1
3/15/2018 15:00,83.2,85.2
3/15/2018 16:00,79.37,85
3/15/2018 17:00,79.61,85.5
3/15/2018 18:00,78.75,85.2
3/15/2018 19:00,86.8,91.3
3/15/2018 20:00,88.8,91
3/15/2018 21:00,86,85
3/15/2018 22:00,84.5,83.3
3/15/2018 23:00,84,82.7
3/16/2018 0:00,82.9,83.3
3/16/2018 1:00,83.2,85
3/16/2018 2:00,84,85.5
3/16/2018 3:00,84,85.8
3/16/2018 4:00,84.4,86.1
3/16/2018 5:00,83.7,85.3
3/16/2018 6:00,82.2,84.7
3/16/2018 7:00,82.2,84.2
3/16/2018 8:00,80.3,84.1
3/16/2018 9:00,77.1,85.1
3/16/2018 10:00,78.66,82.9
3/16/2018 11:00,79.77, 
3/16/2018 12:00,80.2,83.5
3/16/2018 13:00,78.24,82.3
3/16/2018 14:00,79.14,83.7
3/16/2018 15:00,81.7,86.3
3/16/2018 16:00,84.2,86.8
3/16/2018 17:00,79.61,84.5
3/16/2018 18:00,79.63,84.8
3/16/2018 19:00,84.9,87.2
3/16/2018 20:00,85.4,92
3/16/2018 21:00,92.4,94.8
3/16/2018 22:00,90.6,94.1
3/16/2018 23:00,91.9,94.4
3/17/2018 0:00,91,94.3
3/17/2018 1:00,90.3,94.6
3/17/2018 2:00,91.3,94
3/17/2018 3:00,91,93.7
3/17/2018 4:00,90.4,93.3
3/17/2018 5:00,89.9,92.6
3/17/2018 6:00,89.5,91.7
3/17/2018 7:00,88.9,90.9
3/17/2018 8:00,88.4,91.9
3/17/2018 9:00,87.9,91.9
3/17/2018 10:00,87, 
3/17/2018 11:00,86.2,91.2
3/17/2018 12:00,83.7,91.4
3/17/2018 13:00,84.8,91.2
3/17/2018 14:00,87.2,91
3/17/2018 15:00,86.4,90.8
3/17/2018 16:00,83,89.7
3/17/2018 17:00,79.38,88.3
3/17/2018 18:00, ,87.4
3/17/2018 19:00,77.07,86.7
3/17/2018 20:00, ,83.8
3/17/2018 21:00,76.93,83.7
3/17/2018 22:00,76.06,81.3
3/17/2018 23:00,74.14,80.4
3/18/2018 0:00,70.82,76.46
3/18/2018 1:00,67.8, 
3/18/2018 2:00,68.82,72.98
3/18/2018 3:00,69.87,72.13
3/18/2018 4:00,68.61,69.95
3/18/2018 5:00,67.98,66.77
3/18/2018 6:00,64.74,65.33
3/18/2018 7:00,66.15,67.08
3/18/2018 8:00,62.98,64.25
3/18/2018 9:00,64.98,63.66
3/18/2018 10:00,64.18,65.32
3/18/2018 11:00, ,67.14
3/18/2018 12:00,67.72,73.69
3/18/2018 13:00,69.84,72.47
3/18/2018 14:00,68.28,69.93
3/18/2018 15:00,68.58,70.03
3/18/2018 16:00,71.9,66.88
3/18/2018 17:00,73.85,68.97
3/18/2018 18:00,74.9,69.37
3/18/2018 19:00,71.24,78.38
3/18/2018 20:00,74.11,78.35
3/18/2018 21:00,75,80.7
3/18/2018 22:00,76.24,79.94
3/18/2018 23:00,77.73,81
3/19/2018 0:00,76.54,81.2
3/19/2018 1:00,78.9,81
3/19/2018 2:00,78.33,81
3/19/2018 3:00,78.05,80.5
3/19/2018 4:00,78.74,80.2
3/19/2018 5:00,78.21,79.59
3/19/2018 6:00,77.65,78.95
3/19/2018 7:00,77.24,78.36
3/19/2018 8:00,76.94,77.59
3/19/2018 9:00,76.5,78.27
3/19/2018 10:00,76.7,77.99
3/19/2018 11:00,75.4, 
3/19/2018 12:00,76.51,79.36
3/19/2018 13:00,77.26,80.3
3/19/2018 14:00,76.72,79.95
3/19/2018 15:00,76.3,79.85
3/19/2018 16:00,75.9,77.15
3/19/2018 17:00,76.15,76.49
3/19/2018 18:00,77.33,75.42
3/19/2018 19:00,75.97,75.78
3/19/2018 20:00,77.38,75.68
3/19/2018 21:00,76.79,76.69
3/19/2018 22:00,74.54,76.79
3/19/2018 23:00,74.35,78.12
3/20/2018 0:00,72.55,76.17
3/20/2018 1:00,72.05,75.91
3/20/2018 2:00,69.4,76.5
3/20/2018 3:00,69.82,75.65
3/20/2018 4:00,68.49,76.85
3/20/2018 5:00,72.19,74.12
3/20/2018 6:00,72.67,75.65
3/20/2018 7:00,71.14,73.53
3/20/2018 8:00,70.63,71.97
3/20/2018 9:00,67.74,73.34
3/20/2018 10:00,70.54,71.38
3/20/2018 11:00,68.6,70.41
3/20/2018 12:00,66.16,71.34
3/20/2018 13:00,61.95,70.14
3/20/2018 14:00,60.6,68.55
3/20/2018 15:00,60.2,68.48
3/20/2018 16:00,58.05,66.08
3/20/2018 17:00,55.92,67.93
3/20/2018 18:00, ,69.3
3/20/2018 19:00,62.31,63.77
3/20/2018 20:00,57.13,59.24
3/20/2018 21:00,61.42,56.57
3/20/2018 22:00,61.33,67.54
3/20/2018 23:00,58.39,68.95
3/21/2018 0:00,60.08,70.06
3/21/2018 1:00,61.19,71.75
3/21/2018 2:00,62.35,72.2
3/21/2018 3:00,61.79,72.53
3/21/2018 4:00,60.03,73.34
3/21/2018 5:00,58.56,68.62
3/21/2018 6:00,58.08,66.64
3/21/2018 7:00,60.45, 
3/21/2018 8:00,62.58,67.16
3/21/2018 9:00,61.96,67.87
3/21/2018 10:00,63.03,70.05
3/21/2018 11:00, , 
3/21/2018 12:00,62.35,65.45
3/21/2018 13:00,62.83,67.15
3/21/2018 14:00,62.6,65.26
3/21/2018 15:00,60.39,64.9
3/21/2018 16:00,65.27,62.49
3/21/2018 17:00,70.06,68.16
3/21/2018 18:00,71.36,73.72
3/21/2018 19:00,72.57,76.62
3/21/2018 20:00,76.01,80.1
3/21/2018 21:00,76.97,80.3
3/21/2018 22:00,75.97,78.02
3/21/2018 23:00,71.55,76.52
3/22/2018 0:00,72.43,76.88
3/22/2018 1:00,74.63,79.23
3/22/2018 2:00,66.42,77.43
3/22/2018 3:00,64.77,77.82
3/22/2018 4:00,64.01,77.69
3/22/2018 5:00,70.55,78.37
3/22/2018 6:00,71.6,77
3/22/2018 7:00,70.65, 
3/22/2018 8:00, ,76.25
3/22/2018 9:00,70.89,77.75
3/22/2018 10:00,71.92,79.24
3/22/2018 11:00,69.62,78.11
3/22/2018 12:00,70.68,78.33
3/22/2018 13:00,71.1,77.46
3/22/2018 14:00,71.25,77.68
3/22/2018 15:00,70.67,78.39
3/22/2018 16:00,71.47,79.45
3/22/2018 17:00,72.92,78.38
3/22/2018 18:00,67.91,75.84
3/22/2018 19:00,70.92,74.62
3/22/2018 20:00,72.17,77.53
3/22/2018 21:00,75.7,80.7
3/22/2018 22:00,74.42,81.4
3/22/2018 23:00,76.08,81.5
3/23/2018 0:00,78.16,83.5
3/23/2018 1:00,72.94,83.5
3/23/2018 2:00,78.39,86
3/23/2018 3:00,84.4,86.4
3/23/2018 4:00,81.7,85.7
3/23/2018 5:00,75.84,83.8
3/23/2018 6:00,72.01,81.5
3/23/2018 7:00,71.16,78.83
3/23/2018 8:00,70.18,77.88
3/23/2018 9:00,68.65,76.55
3/23/2018 10:00,66.1,75.14
3/23/2018 11:00,66.73,75.76
3/23/2018 12:00,68.67,73.96
3/23/2018 13:00,72.64,76.59
3/23/2018 14:00,72.48,77.22
3/23/2018 15:00,77.02,79.12
3/23/2018 16:00,80.6,81.7
3/23/2018 17:00,81.8,83.1
3/23/2018 18:00,82.2,83.4
3/23/2018 19:00,80.5,83.4
3/23/2018 20:00,81.3,84.5
3/23/2018 21:00,82.3,84.8
3/23/2018 22:00,85.1,86.3
3/23/2018 23:00,84.9,86.2
3/24/2018 0:00,84.8,86.1
3/24/2018 1:00, ,86.3
3/24/2018 2:00,84.2,86.4
3/24/2018 3:00,83.5,84.8
3/24/2018 4:00,79.34,81.9
3/24/2018 5:00, ,80.6
3/24/2018 6:00,70.8,80.1
3/24/2018 7:00,72.03,80.1
3/24/2018 8:00,71.39,78.36
3/24/2018 9:00,66.8,78.04
3/24/2018 10:00,69.6,75.33
3/24/2018 11:00, , 
3/24/2018 12:00,62.08,72.66
3/24/2018 13:00,62.06,71.03
3/24/2018 14:00,62,70.85
3/24/2018 15:00,61.59,70.82
3/24/2018 16:00,62.54,69.77
3/24/2018 17:00,60.45,66.51
3/24/2018 18:00,62.83,67.66
3/24/2018 19:00,68.24,69.74
3/24/2018 20:00,71.24,71.95
3/24/2018 21:00,69.41,73.16
3/24/2018 22:00,76.53,75.15
3/24/2018 23:00,74.03,76.19
3/25/2018 0:00,69.21,72.9
3/25/2018 1:00,73.34,70.39
3/25/2018 2:00,77.2, 
3/25/2018 3:00,74.41,72.9
3/25/2018 4:00,67.63,70.56
3/25/2018 5:00,69.32,73.67
3/25/2018 6:00,67.66,70.12
3/25/2018 7:00,67.3,70.91
3/25/2018 8:00,65.57,70.71
3/25/2018 9:00,65.32,69.24
3/25/2018 10:00,66.15,71.81
3/25/2018 11:00,70.29,75.49
3/25/2018 12:00,73.75,80
3/25/2018 13:00,72.35,79.14
3/25/2018 14:00,69.21,79.37
3/25/2018 15:00,74.64,81.1
3/25/2018 16:00,74.65,80
3/25/2018 17:00,72.56,76.72
3/25/2018 18:00,73.75,76.67
3/25/2018 19:00,80.2,84.9
3/25/2018 20:00,81.1,85.5
3/25/2018 21:00,83.8,89.9
3/25/2018 22:00,84.8,91.7
3/25/2018 23:00,81,89.6
3/26/2018 0:00,79.66,85.4
3/26/2018 1:00,78.64,84.8
3/26/2018 2:00,75.95,84
3/26/2018 3:00,76.7,82.1
3/26/2018 4:00,79.21,82.9
3/26/2018 5:00,77.85,83.7
3/26/2018 6:00,78.41,85.1
3/26/2018 7:00,80,77.8
3/26/2018 8:00,71.92,75.81
3/26/2018 9:00,71.54,75.61
3/26/2018 10:00,73.62,75.32
3/26/2018 11:00,72.29,77.11
3/26/2018 12:00,73.03,78.67
3/26/2018 13:00,71.96,80.4
3/26/2018 14:00,73.28,79.47
3/26/2018 15:00,71.37,78.03
3/26/2018 16:00,72.09,80.5
3/26/2018 17:00,74.74,80.8
3/26/2018 18:00, ,78.69
3/26/2018 19:00,74.49,79.13
3/26/2018 20:00,71.9,76.86
3/26/2018 21:00,74.28,77.04
3/26/2018 22:00,73.47,75.44
3/26/2018 23:00,68.11,76.68
3/27/2018 0:00,67.79,69.08
3/27/2018 1:00, ,67.92
3/27/2018 2:00,58.35,66.6
3/27/2018 3:00,57.57,61.91
3/27/2018 4:00, ,60.67
3/27/2018 5:00,53.57,59.5
3/27/2018 6:00,51.38,54.92
3/27/2018 7:00,49.84,52.35
3/27/2018 8:00,47.57,50.26
3/27/2018 9:00,46.43,50.98
3/27/2018 10:00,49.65,54.37
3/27/2018 11:00,58.37, 
3/27/2018 12:00, , 
3/27/2018 13:00, , 
3/27/2018 14:00, , 
3/27/2018 15:00, , 
3/27/2018 16:00, , 
3/27/2018 17:00, , 
3/27/2018 18:00, , 
3/27/2018 19:00, , 
3/27/2018 20:00, , 
3/27/2018 21:00, , 
3/27/2018 22:00, , 
3/27/2018 23:00, , 
3/28/2018 0:00, , 
3/28/2018 1:00, , 
3/28/2018 2:00, , 
3/28/2018 3:00, , 
3/28/2018 4:00, , 
3/28/2018 5:00, , 
3/28/2018 6:00, ,67.91
3/28/2018 7:00,70.06,67.47
3/28/2018 8:00,70.27,68.26
3/28/2018 9:00,71.54,69.72
3/28/2018 10:00,73.66,77.09
3/28/2018 11:00,77.14,77.66
3/28/2018 12:00,73.19,74.99
3/28/2018 13:00,69.57,74.4
3/28/2018 14:00,66.2,71.06
3/28/2018 15:00,67.22,72.16
3/28/2018 16:00,68.67,73.12
3/28/2018 17:00,68.82,72.98
3/28/2018 18:00,70.16,72.89
3/28/2018 19:00,69.93,72.08
3/28/2018 20:00, ,70.51
3/28/2018 21:00,67.11,69.53
3/28/2018 22:00, ,69.27
3/28/2018 23:00,67.03,67.98
3/29/2018 0:00,64.66,66.21
3/29/2018 1:00,65.92, 
3/29/2018 2:00,67.58,67.32
3/29/2018 3:00,67.07,72.88
3/29/2018 4:00,69.12,71.32
3/29/2018 5:00,70.47,71.74
3/29/2018 6:00,67.43,71.44
3/29/2018 7:00,68.77,70.68
3/29/2018 8:00,67.34,68.15
3/29/2018 9:00,65.57,67.15
3/29/2018 10:00,65.46,67.9
3/29/2018 11:00,58.11,69.79
3/29/2018 12:00,60.69,68.78
3/29/2018 13:00, ,67.28
3/29/2018 14:00,65.33,67.83
3/29/2018 15:00,66.2,68.22
3/29/2018 16:00,70.25,70.7
3/29/2018 17:00,72.24,70.53
3/29/2018 18:00,71.81,73.44
3/29/2018 19:00,72.39,73.64
3/29/2018 20:00,70.41,73.32
3/29/2018 21:00,73.07,73.87
3/29/2018 22:00,72.26,74.52
3/29/2018 23:00,72.06,74.9
3/30/2018 0:00,70.41,75.07
3/30/2018 1:00, ,75.98
3/30/2018 2:00,74.22,78.06
3/30/2018 3:00,75.07,78.12
3/30/2018 4:00,76.04,78.35
3/30/2018 5:00,75.42,77.9
3/30/2018 6:00,73.92,76.63
3/30/2018 7:00,72.3,75.75
3/30/2018 8:00,72,74.74
3/30/2018 9:00,74.01,73.77
3/30/2018 10:00,73.82,73.64
3/30/2018 11:00,73.74,72.62
3/30/2018 12:00,74.68, 
3/30/2018 13:00, ,73.7
3/30/2018 14:00,71.84,73.21
3/30/2018 15:00,68.64,73.96
3/30/2018 16:00,71.48,69.86
3/30/2018 17:00,72.12,76.79
3/30/2018 18:00,72.84,75.82
3/30/2018 19:00,73.36,76.17
3/30/2018 20:00,72.93,77.34
3/30/2018 21:00,75.39,72.82
3/30/2018 22:00,79.17,80
3/30/2018 23:00,79.52,79.88
3/31/2018 0:00,78.15,80.4
3/31/2018 1:00,69.66,80.9
3/31/2018 2:00,60.46,80.2
3/31/2018 3:00,51.93,80.4
3/31/2018 4:00,53.2,82.2
3/31/2018 5:00,65.55,82.6
3/31/2018 6:00,80.4,82.3
3/31/2018 7:00,80.3,83.5
3/31/2018 8:00,79.65,82
3/31/2018 9:00,79.44,84.2
3/31/2018 10:00,80.8, 
3/31/2018 11:00,80.8,81.8
3/31/2018 12:00, ,79.75
3/31/2018 13:00,75.08,85
3/31/2018 14:00,80.1,84.3
3/31/2018 15:00,82.3,83.7
3/31/2018 16:00,81.3,84
3/31/2018 17:00,82,83.9
3/31/2018 18:00,81.9,83.7
3/31/2018 19:00,82.6,84.2
3/31/2018 20:00,83.5,84.6
3/31/2018 21:00,84.6,85.1
3/31/2018 22:00,84.9, 
3/31/2018 23:00,85,85.7
4/1/2018 0:00, , 
4/1/2018 1:00, ,85.5
4/1/2018 2:00,85.2,85.8
4/1/2018 3:00,85.2,85.8
4/1/2018 4:00,85.3,85.9
4/1/2018 5:00,85.7,86.9
4/1/2018 6:00,87.2,88.1
4/1/2018 7:00,86,87.7
4/1/2018 8:00,85.4,87.6
4/1/2018 9:00,81.8,87.2
4/1/2018 10:00,85.2,87.9
4/1/2018 11:00,85.7,88
4/1/2018 12:00,85.9,88.5
4/1/2018 13:00,86.8,89.3
4/1/2018 14:00,86.6,89.2
4/1/2018 15:00,86.5,89.9
4/1/2018 16:00,87.9,91.2
4/1/2018 17:00,88.5,91
4/1/2018 18:00, ,90.6
4/1/2018 19:00,88.8,90.7
4/1/2018 20:00,88.8,90.7
4/1/2018 21:00, ,90.6
4/1/2018 22:00,88.3,90.6
4/1/2018 23:00,88.5,90.3
4/2/2018 0:00, , 
4/2/2018 1:00, ,90.3
4/2/2018 2:00,87.3,89
4/2/2018 3:00,86.2, 
4/2/2018 4:00,86.4,88.1
4/2/2018 5:00,85.9,88.1
4/2/2018 6:00,86.5,88.2
4/2/2018 7:00,85.6,88.3
4/2/2018 8:00,86.2,88.4
4/2/2018 9:00,86.5,89
4/2/2018 10:00,86,88.8
4/2/2018 11:00,86.7,88.9
4/2/2018 12:00,85.2,89.5
4/2/2018 13:00,80.7,88.2
4/2/2018 14:00,76.67,88.3
4/2/2018 15:00,81,88.5
4/2/2018 16:00,82.1,89
4/2/2018 17:00,85.7,88.8
4/2/2018 18:00,86.4,88.4
4/2/2018 19:00,86.1,88.2
4/2/2018 20:00,85.5,88
4/2/2018 21:00,86.9,89.4
4/2/2018 22:00,87.1,89.7
4/2/2018 23:00,87.9,89.8
4/3/2018 0:00, , 
4/3/2018 1:00, ,90.3
4/3/2018 2:00,87.9,90.2
4/3/2018 3:00,88.2,90.7
4/3/2018 4:00,89.8,91.7
4/3/2018 5:00,90,91.9
4/3/2018 6:00,89.5,92
4/3/2018 7:00,90.2,92.6
4/3/2018 8:00,89.9,92.3
4/3/2018 9:00,89.7,92.2
4/3/2018 10:00,89.7,91.9
4/3/2018 11:00,89.8,92.3
4/3/2018 12:00,89.9,92.1
4/3/2018 13:00,90.2,92.4
4/3/2018 14:00,89.9,92.2
4/3/2018 15:00,90,92.2
4/3/2018 16:00,90.1,92.2
4/3/2018 17:00,90.3,92.1
4/3/2018 18:00,89.6,91.7
4/3/2018 19:00,89.7,91.6
4/3/2018 20:00,89.5,91.4
4/3/2018 21:00,89.2,91.2
4/3/2018 22:00,89.1,91.2
4/3/2018 23:00,88.9,91.2
4/4/2018 0:00, , 
4/4/2018 1:00, ,91.1
4/4/2018 2:00,89.1,90.9
4/4/2018 3:00,88.8,90.9
4/4/2018 4:00,89.1,90.9
4/4/2018 5:00,89.2,91
4/4/2018 6:00,88.8,90.9
4/4/2018 7:00,88.9,90.7
4/4/2018 8:00,87.9,90.3
4/4/2018 9:00,87.7,90.1
4/4/2018 10:00,87.4,89.7
4/4/2018 11:00,87.2,89.7
4/4/2018 12:00,87.3, 
4/4/2018 13:00,87.7,90.3
4/4/2018 14:00,87.3,90.2
4/4/2018 15:00,87,90.2
4/4/2018 16:00,86.6,90
4/4/2018 17:00,87,89.2
4/4/2018 18:00,85.7,89.2
4/4/2018 19:00,84.9,89.1
4/4/2018 20:00, ,88.4
4/4/2018 21:00,84.5,87.7
4/4/2018 22:00,84.6,87.3
4/4/2018 23:00,83.6,86.6
4/5/2018 0:00, , 
4/5/2018 1:00, ,86.2
4/5/2018 2:00,81.4,85.1
4/5/2018 3:00,82.3,84.5
4/5/2018 4:00,80.4,81.9
4/5/2018 5:00,80.6,82.3
4/5/2018 6:00,81.1,82.8
4/5/2018 7:00,78.09,81.6
4/5/2018 8:00,79.32,83.6
4/5/2018 9:00,79.67,84.1
4/5/2018 10:00,77.2,82
4/5/2018 11:00,73.52,78.86
4/5/2018 12:00,76.48,82.3
4/5/2018 13:00,71.84, 
4/5/2018 14:00,74.97,81
4/5/2018 15:00,74.57,77.48
4/5/2018 16:00,73.44,77.71
4/5/2018 17:00,74.06,77.22
4/5/2018 18:00,70.55,77.22
4/5/2018 19:00,72.53,78.45
4/5/2018 20:00,70.76,78.13
4/5/2018 21:00,73.05,78.43
4/5/2018 22:00,73.14,79.76
4/5/2018 23:00,75.68,81.1
4/6/2018 0:00, , 
4/6/2018 1:00, ,82.4
4/6/2018 2:00,78.59,82.1
4/6/2018 3:00,79.42,82.2
4/6/2018 4:00,79.29,81.9
4/6/2018 5:00,79.61,82.1
4/6/2018 6:00,80.3,82.4
4/6/2018 7:00,80.3,82.6
4/6/2018 8:00,80.2,82.7
4/6/2018 9:00,80.9, 
4/6/2018 10:00,80.5, 
4/6/2018 11:00,80.1,82.3
4/6/2018 12:00,80.4,82.8
4/6/2018 13:00,80.7,83.2
4/6/2018 14:00,81.8,83.3
4/6/2018 15:00,82.4,83.9
4/6/2018 16:00,83,84.3
4/6/2018 17:00,82.9,84.2
4/6/2018 18:00,83,84.1
4/6/2018 19:00,82.8,84.3
4/6/2018 20:00,82.9,84.3
4/6/2018 21:00,83.2,84.3
4/6/2018 22:00,83.4,84.7
4/6/2018 23:00,83.6,85
4/7/2018 0:00, , 
4/7/2018 1:00, ,85
4/7/2018 2:00,83.5,84.9
4/7/2018 3:00,83.3,84.8
4/7/2018 4:00,83.4,84.7
4/7/2018 5:00,83.6,84.1
4/7/2018 6:00,83.2,83.5
4/7/2018 7:00,82.7,83.3
4/7/2018 8:00,82.4,82.7
4/7/2018 9:00,81.3,82.3
4/7/2018 10:00,81.2,81.7
4/7/2018 11:00,81.5,82.1
4/7/2018 12:00,81.5,82.4
4/7/2018 13:00,81.6,83.1
4/7/2018 14:00,81.5,83
4/7/2018 15:00,81,82.9
4/7/2018 16:00,81.2,82.6
4/7/2018 17:00,80.8,82.3
4/7/2018 18:00,80.2,82.1
4/7/2018 19:00,79.48,81.9
4/7/2018 20:00,78.55,81.6
4/7/2018 21:00,79.41,81.2
4/7/2018 22:00,78.21,81.2
4/7/2018 23:00,79.07,81.6
4/8/2018 0:00, , 
4/8/2018 1:00, ,81.2
4/8/2018 2:00,75.98,81.4
4/8/2018 3:00,77.64,81.5
4/8/2018 4:00,76.57,80.3
4/8/2018 5:00,75.12,78.97
4/8/2018 6:00,74.8,77.87
4/8/2018 7:00,73.58,76.51
4/8/2018 8:00,72.5,75.69
4/8/2018 9:00,72.38,75.16
4/8/2018 10:00,74.44,76.04
4/8/2018 11:00,74.53,78.09
4/8/2018 12:00,74.96, 
4/8/2018 13:00,77.34,80.8
4/8/2018 14:00,76.74,80.9
4/8/2018 15:00,77.91,81
4/8/2018 16:00,78.04,81.2
4/8/2018 17:00,78.49,81.5
4/8/2018 18:00,77.54,81.2
4/8/2018 19:00,77.34,81.3
4/8/2018 20:00,78.67,81.2
4/8/2018 21:00,79.33,81.2
4/8/2018 22:00,79.65,81.2
4/8/2018 23:00, ,81.1
4/9/2018 0:00, , 
4/9/2018 1:00, ,81.4
4/9/2018 2:00,78.59,81.6
4/9/2018 3:00,78.2,81.9
4/9/2018 4:00,78.61,81.8
4/9/2018 5:00,78.16,81.9
4/9/2018 6:00,78.21,81.5
4/9/2018 7:00,76.43,80.2
4/9/2018 8:00,75.54,79.62
4/9/2018 9:00,73.57,79.29
4/9/2018 10:00,74.86,79.39
4/9/2018 11:00,73.91,78.96
4/9/2018 12:00,73.7,78.8
4/9/2018 13:00,75.18,78.74
4/9/2018 14:00,75.03,79.22
4/9/2018 15:00,74.56,81
4/9/2018 16:00,74.19,79.77
4/9/2018 17:00,75.51,81.1
4/9/2018 18:00, ,80.6
4/9/2018 19:00,76.73,80.8
4/9/2018 20:00,75.3,79.85
4/9/2018 21:00,75.15,79.3
4/9/2018 22:00,74.95,79.36
4/9/2018 23:00,72.26,80.1
4/10/2018 0:00, , 
4/10/2018 1:00, ,78.67
4/10/2018 2:00,74.61,79.62
4/10/2018 3:00,75.39,79.23
4/10/2018 4:00,75.68,78.45
4/10/2018 5:00,73.89,78.45
4/10/2018 6:00,75.23,79.33
4/10/2018 7:00,72.89,79.03
4/10/2018 8:00,73.22,77.67
4/10/2018 9:00,71.76,78.02
4/10/2018 10:00,72.95,78.41
4/10/2018 11:00,73.7,79.12
4/10/2018 12:00,72.94,78.93
4/10/2018 13:00,73.67,80.1
4/10/2018 14:00,73.3,79
4/10/2018 15:00,74.91,81.4
4/10/2018 16:00,76.19,80.9
4/10/2018 17:00,76.61,80.3
4/10/2018 18:00,75,79.88
4/10/2018 19:00,75.52,79.85
4/10/2018 20:00,75.05,80.7
4/10/2018 21:00,81.1,81.9
4/10/2018 22:00,81.1,81.7
4/10/2018 23:00,82.6,82.6
4/11/2018 0:00, , 
4/11/2018 1:00, ,80.9
4/11/2018 2:00,71.39,80.7
4/11/2018 3:00,72.34, 
4/11/2018 4:00,73.14,81.3
4/11/2018 5:00,74.56,80.2
4/11/2018 6:00,75.2,80.1
4/11/2018 7:00,71.37,78.94
4/11/2018 8:00,69.34,77.83
4/11/2018 9:00,66.66,76.04
4/11/2018 10:00,64.98,73.37
4/11/2018 11:00,63.54,71.03
4/11/2018 12:00,59.57,68.61
4/11/2018 13:00,42.51,68.35
4/11/2018 14:00,55.67,55.56
4/11/2018 15:00,48.4,54.88
4/11/2018 16:00,44.29,52.31
4/11/2018 17:00,50.51,57.32
4/11/2018 18:00,45.07,51.72
4/11/2018 19:00,57.83,51.65
4/11/2018 20:00,32.65,52.73
4/11/2018 21:00,49.33,50.16
4/11/2018 22:00,55.6,60.38
4/11/2018 23:00,57.44,58.69
4/12/2018 0:00, , 
4/12/2018 1:00, ,64.58
4/12/2018 2:00,76,78.19
4/12/2018 3:00,76.44,79.94
4/12/2018 4:00,75.73,80.4
4/12/2018 5:00,78.08,83.8
4/12/2018 6:00,79.06,80.3
4/12/2018 7:00,79.68,81
4/12/2018 8:00,80.5,81.1
4/12/2018 9:00,79.74,80.8
4/12/2018 10:00,79.78, 
4/12/2018 11:00,80.4,81.8
4/12/2018 12:00,80.9,81.9
4/12/2018 13:00,81.3,82.3
4/12/2018 14:00,80.6,81.9
4/12/2018 15:00,80.3,82.2
4/12/2018 16:00,81.6,83.4
4/12/2018 17:00,83, 
4/12/2018 18:00,84.1,85.1
4/12/2018 19:00,84.7,85.8
4/12/2018 20:00,85,86.7
4/12/2018 21:00,85.6,86.6
4/12/2018 22:00,86.3,87.2
4/12/2018 23:00,86.3,87.8
4/13/2018 0:00, , 
4/13/2018 1:00, ,87.5
4/13/2018 2:00, ,87.5
4/13/2018 3:00,86.5,87.3
4/13/2018 4:00,86.9,88
4/13/2018 5:00,87,88.3
4/13/2018 6:00,87.3,88.8
4/13/2018 7:00,87.7,88.9
4/13/2018 8:00,88.3,89.5
4/13/2018 9:00,88.8,90
4/13/2018 10:00,89,90.3
4/13/2018 11:00,89.4,90.8
4/13/2018 12:00,89.6,90.8
4/13/2018 13:00,89.9,90.7
4/13/2018 14:00,90.1,91.2
4/13/2018 15:00,90.1,91.4
4/13/2018 16:00,90.3,91.3
4/13/2018 17:00,90.4,91.3
4/13/2018 18:00,90.5,91.4
4/13/2018 19:00,90.7,91.6
4/13/2018 20:00,90.8,91.8
4/13/2018 21:00,91.3,92
4/13/2018 22:00,91.4,92.3
4/13/2018 23:00,91.6,92.4
4/14/2018 0:00, , 
4/14/2018 1:00, ,92.5
4/14/2018 2:00,91,92.7
4/14/2018 3:00,90.8,92.6
4/14/2018 4:00,90.6,92.8
4/14/2018 5:00,91.1,92.8
4/14/2018 6:00,90.9,92.5
4/14/2018 7:00, ,92.5
4/14/2018 8:00,90.8,92.4
4/14/2018 9:00,90.6,92.3
4/14/2018 10:00,90.8,92.3
4/14/2018 11:00,90.8,92.5
4/14/2018 12:00,90.6,92.5
4/14/2018 13:00,91.3,92.8
4/14/2018 14:00,91.3,93
4/14/2018 15:00,91.2,92.8
4/14/2018 16:00,91.1,92.7
4/14/2018 17:00,90.9,92.3
4/14/2018 18:00,90.4,91.9
4/14/2018 19:00,89.2,91.5
4/14/2018 20:00,89.1,91.1
4/14/2018 21:00,88.3,90.4
4/14/2018 22:00,87.1,89.6
4/14/2018 23:00,87.6,89.8
4/15/2018 0:00, , 
4/15/2018 1:00, ,88.5
4/15/2018 2:00,85.9,88.3
4/15/2018 3:00,86,87.6
4/15/2018 4:00,86.9,86.1
4/15/2018 5:00,86.2,86.3
4/15/2018 6:00,86.6,85.6
4/15/2018 7:00,86.8,87.1
4/15/2018 8:00,86.8,86
4/15/2018 9:00,81.2,84.9
4/15/2018 10:00,79.06,85.5
4/15/2018 11:00,77.11,82.8
4/15/2018 12:00, ,80.6
4/15/2018 13:00,74.9,80.1
4/15/2018 14:00,73.44,80.7
4/15/2018 15:00,77.58,83.2
4/15/2018 16:00,76.73,81.6
4/15/2018 17:00,82.2,81.9
4/15/2018 18:00,82.8,79.98
4/15/2018 19:00,80.5,83.6
4/15/2018 20:00,82.5,82.5
4/15/2018 21:00,83.6,81.9
4/15/2018 22:00,82,82
4/15/2018 23:00,77.38,83.7
4/16/2018 0:00, , 
4/16/2018 1:00, ,80.3
4/16/2018 2:00,76.36,81.7
4/16/2018 3:00,80.2,77.94
4/16/2018 4:00,78.99,81.2
4/16/2018 5:00,79.37,79.22
4/16/2018 6:00,76.87,76.94
4/16/2018 7:00,76.06,78.6
4/16/2018 8:00,75.43,77.3
4/16/2018 9:00,73.86,72.99
4/16/2018 10:00,74.06,75.01
4/16/2018 11:00,73.83,74.69
4/16/2018 12:00,76.79,79.08
4/16/2018 13:00, ,78.52
4/16/2018 14:00,78.44,77.87
4/16/2018 15:00,72.15,78.04
4/16/2018 16:00,76.5,79.54
4/16/2018 17:00,75.97,77.89
4/16/2018 18:00,77.25,77.32
4/16/2018 19:00,75.28,78.36
4/16/2018 20:00,78.32,79.57
4/16/2018 21:00,77.84,78.95
4/16/2018 22:00,79.21,78.11
4/16/2018 23:00,78.59,79.45
4/17/2018 0:00, , 
4/17/2018 1:00, ,78.73
4/17/2018 2:00,77.95,79.52
4/17/2018 3:00,77.8,79.54
4/17/2018 4:00,77.36,79.15
4/17/2018 5:00,78.44,79.48
4/17/2018 6:00,78.4,80.5
4/17/2018 7:00, ,79.74
4/17/2018 8:00,77.54,80.2
4/17/2018 9:00,74.99,78.18
4/17/2018 10:00,75.69,78.34
4/17/2018 11:00, ,79.44
4/17/2018 12:00,76.36,78.92
4/17/2018 13:00,77.03,81.4
4/17/2018 14:00,75.65,81.4
4/17/2018 15:00,76.58,81.8
4/17/2018 16:00,79.44,80.2
4/17/2018 17:00,80.7,81.4
4/17/2018 18:00,80.2,82.1
4/17/2018 19:00,79.72,82.4
4/17/2018 20:00,79.99,81.6
4/17/2018 21:00,80.1,82.3
4/17/2018 22:00,80.2,81.7
4/17/2018 23:00,80.3,81.7
4/18/2018 0:00, , 
4/18/2018 1:00, ,81.9
4/18/2018 2:00,80.5,82
4/18/2018 3:00,80.5,82
4/18/2018 4:00,80.3,81.8
4/18/2018 5:00,80.2,81.7
4/18/2018 6:00,79.9,81.4
4/18/2018 7:00,79.04,81.5
4/18/2018 8:00,77.65,81.3
4/18/2018 9:00,75.88,79.71
4/18/2018 10:00,74.9,79.58
4/18/2018 11:00,73.8,79.54
4/18/2018 12:00,75.6,79.57
4/18/2018 13:00,75.4,78.54
4/18/2018 14:00,74.05,76.81
4/18/2018 15:00,74.26,74.82
4/18/2018 16:00,73.16,73.71
4/18/2018 17:00,72.76,72.28
4/18/2018 18:00,74.09,71.01
4/18/2018 19:00,75.22,70.46
4/18/2018 20:00,74.32,71.8
4/18/2018 21:00,73.11,73.16
4/18/2018 22:00,73.57,73.55
4/18/2018 23:00,74.08,75.22
4/19/2018 0:00, , 
4/19/2018 1:00, ,75.35
4/19/2018 2:00,76.48,75.11
4/19/2018 3:00,76.7,74.46
4/19/2018 4:00,77.13,74.07
4/19/2018 5:00,76.67,74.26
4/19/2018 6:00,76.04,73.35
4/19/2018 7:00,76.03,73.87
4/19/2018 8:00,75.2,74.07
4/19/2018 9:00,73.25,72.83
4/19/2018 10:00,72.14,71.53
4/19/2018 11:00,72.36,73.22
4/19/2018 12:00,73.67,76.11
4/19/2018 13:00,74.15,77.29
4/19/2018 14:00,73.95,73.26
4/19/2018 15:00,76.1,76.93
4/19/2018 16:00, ,78.62
4/19/2018 17:00,76.64,79.58
4/19/2018 18:00,78.1,79.06
4/19/2018 19:00,78.1,78.59
4/19/2018 20:00,78.02,82.5
4/19/2018 21:00,81, 
4/19/2018 22:00,80.4,76.69
4/19/2018 23:00,77.01,78.61
4/20/2018 0:00, , 
4/20/2018 1:00, ,76.99
4/20/2018 2:00,76.32,76.37
4/20/2018 3:00,75.25,75.1
4/20/2018 4:00,75.4,76.25
4/20/2018 5:00,74.83,77.66
4/20/2018 6:00,73.82,77.62
4/20/2018 7:00,73.39,77.33
4/20/2018 8:00,72.78,74.36
4/20/2018 9:00,71.9,72.01
4/20/2018 10:00,71.81,74.79
4/20/2018 11:00,72.38,77.13
4/20/2018 12:00,73.93,77.72
4/20/2018 13:00,74.67,76.35
4/20/2018 14:00, ,77.19
4/20/2018 15:00,76.36,79.23
4/20/2018 16:00,79.09,79.04
4/20/2018 17:00,75.04,78
4/20/2018 18:00,74.81,76.28
4/20/2018 19:00,74.14,77.03
4/20/2018 20:00,75.4,79.61
4/20/2018 21:00,76.2,79.8
4/20/2018 22:00,76.33,80.2
4/20/2018 23:00, ,79.64
4/21/2018 0:00, , 
4/21/2018 1:00, ,77.83
4/21/2018 2:00,76.32,78.13
4/21/2018 3:00,77.57,79.01
4/21/2018 4:00,79.22,81.2
4/21/2018 5:00,76.55,79.01
4/21/2018 6:00,77.08,79.51
4/21/2018 7:00,74.89,78.86
4/21/2018 8:00,73.33,78.84
4/21/2018 9:00,74.81,80.6
4/21/2018 10:00,74.59,79.45
4/21/2018 11:00,77.85,82.7
4/21/2018 12:00,78.61,82.3
4/21/2018 13:00,76.97, 
4/21/2018 14:00,77.34,82
4/21/2018 15:00,74.16,80.6
4/21/2018 16:00,75.35,81.9
4/21/2018 17:00,71.91,81.5
4/21/2018 18:00,73.18,80.1
4/21/2018 19:00,75.43,79.97
4/21/2018 20:00,75.93,78.28
4/21/2018 21:00,76.34,79.03
4/21/2018 22:00,76.97,79.76
4/21/2018 23:00,75.95,78.53
4/22/2018 0:00, , 
4/22/2018 1:00, ,73.22
4/22/2018 2:00,72.75,72.11
4/22/2018 3:00,72.29,73.8
4/22/2018 4:00,72.61,73
4/22/2018 5:00,70.08,71.7
4/22/2018 6:00,68.33,70.49
4/22/2018 7:00,70.79,70.45
4/22/2018 8:00,71.08,71.07
4/22/2018 9:00,69.73,71.29
4/22/2018 10:00,69.88,75.37
4/22/2018 11:00,72.69,78.35
4/22/2018 12:00,74.31, 
4/22/2018 13:00,71.94,81.1
4/22/2018 14:00,70.75,79.81
4/22/2018 15:00,73.25,80.9
4/22/2018 16:00,71.9,80.1
4/22/2018 17:00,72.81,80.9
4/22/2018 18:00,72.65,79.89
4/22/2018 19:00,74.14,79.08
4/22/2018 20:00,73.87,79.11
4/22/2018 21:00,75.04,78.63
4/22/2018 22:00,73.14,77.88
4/22/2018 23:00, , 
4/23/2018 0:00, , 
4/23/2018 1:00, ,79.33
4/23/2018 2:00,73.44,79.92
4/23/2018 3:00,76.18,79.39
4/23/2018 4:00,76.4,79.79
4/23/2018 5:00,76.59,79.73
4/23/2018 6:00,78.21,79.61
4/23/2018 7:00,78.09,79.11
