Real-time,Station1, Station2
,,
12/15/2017 0:00,-1.006,0.014
12/15/2017 1:00,-1.006,0.012
12/15/2017 2:00,-1.007,0.013
12/15/2017 3:00,  ,0.01
12/15/2017 4:00,  ,0.013
12/15/2017 5:00,-1.01,0.012
12/15/2017 6:00,-1.008,0.013
12/15/2017 7:00,-1.009,0.011
12/15/2017 8:00,-1.011,
12/15/2017 9:00,  ,0.011
12/15/2017 10:00,  ,0.014
12/15/2017 11:00,  ,0.012
12/15/2017 12:00,  ,0.012
12/15/2017 13:00,  ,0.009
12/15/2017 14:00,  ,0.009
12/15/2017 15:00,  ,0.01
12/15/2017 16:00,-1.005,0.009
12/15/2017 17:00,-1.003,0.009
12/15/2017 18:00,-1.01,0.007
12/15/2017 19:00,-1.009,0.007
12/15/2017 20:00,-1.008,0.009
12/15/2017 21:00,-1.008,0.01
12/15/2017 22:00,-1.009,0.006
12/15/2017 23:00,-1.012,0.009
12/16/2017 0:00,-1.01,0.009
12/16/2017 1:00,-1.01,0.009
12/16/2017 2:00,-1.011,0.007
12/16/2017 3:00,-1.009,0.008
12/16/2017 4:00,  ,0.008
12/16/2017 5:00,  ,0.007
12/16/2017 6:00,-1.01,0.007
12/16/2017 7:00,  ,0.008
12/16/2017 8:00,  ,0.006
12/16/2017 9:00,  ,0.005
12/16/2017 10:00,  ,0.01
12/16/2017 11:00,-1.172,0.011
12/16/2017 12:00,  ,0.89
12/16/2017 13:00,-0.818,0.004
12/16/2017 14:00,  ,0.006
12/16/2017 15:00,-1.164,0
12/16/2017 16:00,-1.141,0.003
12/16/2017 17:00,  ,0.004
12/16/2017 18:00,  ,0.003
12/16/2017 19:00,  ,-0.002
12/16/2017 20:00,  ,0.001
12/16/2017 21:00,-1.015,0.003
12/16/2017 22:00,-1.008,0
12/16/2017 23:00,-1.009,0.003
12/17/2017 0:00,-1.009,-0.001
12/17/2017 1:00,-1.009,0.002
12/17/2017 2:00,  ,0.003
12/17/2017 3:00,-1.016,0.004
12/17/2017 4:00,-1.018,0.003
12/17/2017 5:00,-1.018,0.002
12/17/2017 6:00,-1.022,0.001
12/17/2017 7:00,-1.025,0
12/17/2017 8:00,-1.219,-0.002
12/17/2017 9:00,-1.11,0
12/17/2017 10:00,-1.09,-0.002
12/17/2017 11:00,-0.849,
12/17/2017 12:00,-1.02,-0.199
12/17/2017 13:00,-0.838,-0.206
12/17/2017 14:00,  ,0.17
12/17/2017 15:00,-0.844,
12/17/2017 16:00,-0.834,-0.004
12/17/2017 17:00,-1.018,
12/17/2017 18:00,-1.021,-0.2
12/17/2017 19:00,-1.02,-0.004
12/17/2017 20:00,-1.023,0.003
12/17/2017 21:00,-1.023,-0.004
12/17/2017 22:00,-1.022,-0.009
12/17/2017 23:00,-1.019,-0.006
12/18/2017 0:00,-1.019,-0.013
12/18/2017 1:00,-0.819,-0.013
12/18/2017 2:00,-1.022,-0.014
12/18/2017 3:00,-1.023,
12/18/2017 4:00,-1.023,-0.018
12/18/2017 5:00,-1.022,-0.014
12/18/2017 6:00,-1.023,-0.018
12/18/2017 7:00,-1.023,-0.016
12/18/2017 8:00,-0.883,0.143
12/18/2017 9:00,-1.201,
12/18/2017 10:00,-0.751,
12/18/2017 11:00,  ,
12/18/2017 12:00,-1.014,0.17
12/18/2017 13:00,-1.203,0.888
12/18/2017 14:00,-0.858,0.025
12/18/2017 15:00,-0.843,0.043
12/18/2017 16:00,-1.253,-0.252
12/18/2017 17:00,-1.019,0.142
12/18/2017 18:00,-1.019,0.885
12/18/2017 19:00,  ,
12/18/2017 20:00,-1.015,0.126
12/18/2017 21:00,  ,0.038
12/18/2017 22:00,-1.016,
12/18/2017 23:00,  ,0.036
12/19/2017 0:00,  ,0.034
12/19/2017 1:00,-1.096,
12/19/2017 2:00,-1.023,0.013
12/19/2017 3:00,-1.023,0.024
12/19/2017 4:00,-1.02,-0.009
12/19/2017 5:00,-1.021,-0.273
12/19/2017 6:00,-1.013,-0.255
12/19/2017 7:00,  ,-0.216
12/19/2017 8:00,-1.011,
12/19/2017 9:00,-1.013,
12/19/2017 10:00,  ,0.164
12/19/2017 11:00,-1.25,0.165
12/19/2017 12:00,-1.267,0.146
12/19/2017 13:00,-1.243,0.159
12/19/2017 14:00,  ,0.156
12/19/2017 15:00,-0.873,0.158
12/19/2017 16:00,  ,0.157
12/19/2017 17:00,  ,
12/19/2017 18:00,-1.005,-0.199
12/19/2017 19:00,-1.012,
12/19/2017 20:00,-1.01,0.127
12/19/2017 21:00,-1.006,-0.301
12/19/2017 22:00,-1.009,
12/19/2017 23:00,-1.014,
12/20/2017 0:00,-1.016,0.008
12/20/2017 1:00,-1.016,0.006
12/20/2017 2:00,-1.012,0.001
12/20/2017 3:00,-1.017,0.004
12/20/2017 4:00,-1.021,0.008
12/20/2017 5:00,-1.023,0.018
12/20/2017 6:00,-1.024,
12/20/2017 7:00,-1.026,0.017
12/20/2017 8:00,-1.028,0.012
12/20/2017 9:00,-1.024,0.891
12/20/2017 10:00,-1.029,0.039
12/20/2017 11:00,-0.844,0.032
12/20/2017 12:00,-1.249,-0.003
12/20/2017 13:00,-1.027,0.888
12/20/2017 14:00,-1.022,0.887
12/20/2017 15:00,-1.222,0.13
12/20/2017 16:00,-1.024,0.14
12/20/2017 17:00,-1.027,
12/20/2017 18:00,-1.024,-0.018
12/20/2017 19:00,-1.026,-0.018
12/20/2017 20:00,-1.027,-0.019
12/20/2017 21:00,-1.028,-0.015
12/20/2017 22:00,-1.027,-0.023
12/20/2017 23:00,-1.025,-0.013
12/21/2017 0:00,-1.027,-0.016
12/21/2017 1:00,-1.03,-0.01
12/21/2017 2:00,-1.025,-0.008
12/21/2017 3:00,-1.031,
12/21/2017 4:00,-1.03,-0.009
12/21/2017 5:00,-1.029,
12/21/2017 6:00,-1.034,-0.017
12/21/2017 7:00,-1.03,-0.018
12/21/2017 8:00,-1.03,-0.009
12/21/2017 9:00,-1.237,
12/21/2017 10:00,  ,
12/21/2017 11:00,-0.839,
12/21/2017 12:00,-1.229,0.181
12/21/2017 13:00,-1.23,0.127
12/21/2017 14:00,-1.235,
12/21/2017 15:00,-1.223,0.165
12/21/2017 16:00,  ,-0.004
12/21/2017 17:00,-1.024,0.132
12/21/2017 18:00,-1.027,0.001
12/21/2017 19:00,-1.029,-0.012
12/21/2017 20:00,-1.022,
12/21/2017 21:00,-1.032,-0.015
12/21/2017 22:00,-1.034,-0.012
12/21/2017 23:00,-1.032,-0.019
12/22/2017 0:00,-1.03,-0.015
12/22/2017 1:00,  ,-0.016
12/22/2017 2:00,-1.031,-0.011
12/22/2017 3:00,-1.034,-0.017
12/22/2017 4:00,-1.032,-0.02
12/22/2017 5:00,-1.032,-0.016
12/22/2017 6:00,-1.033,-0.019
12/22/2017 7:00,-1.032,-0.015
12/22/2017 8:00,  ,-0.022
12/22/2017 9:00,-1.026,-0.018
12/22/2017 10:00,-1.034,-0.019
12/22/2017 11:00,-0.858,0.126
12/22/2017 12:00,-1.239,
12/22/2017 13:00,-1.028,
12/22/2017 14:00,  ,0.155
12/22/2017 15:00,  ,0.029
12/22/2017 16:00,-1.229,0.009
12/22/2017 17:00,-1.258,0.13
12/22/2017 18:00,-1.101,
12/22/2017 19:00,-1.236,-0.012
12/22/2017 20:00,-1.235,-0.009
12/22/2017 21:00,-1.03,-0.006
12/22/2017 22:00,-1.026,-0.001
12/22/2017 23:00,-1.03,-0.017
12/23/2017 0:00,-1.03,-0.007
12/23/2017 1:00,-1.033,-0.001
12/23/2017 2:00,-1.037,0
12/23/2017 3:00,-1.037,-0.007
12/23/2017 4:00,-1.03,-0.013
12/23/2017 5:00,  ,0.002
12/23/2017 6:00,  ,0.005
12/23/2017 7:00,  ,-0.003
12/23/2017 8:00,-1.23,-0.004
12/23/2017 9:00,-1.216,
12/23/2017 10:00,  ,-0.006
12/23/2017 11:00,  ,-0.019
12/23/2017 12:00,  ,-0.01
12/23/2017 13:00,-1.26,-0.013
12/23/2017 14:00,-1.26,-0.009
12/23/2017 15:00,-1.247,
12/23/2017 16:00,-0.829,0.168
12/23/2017 17:00,-1.242,-0.023
12/23/2017 18:00,-1.24,-0.021
12/23/2017 19:00,-1.257,-0.025
12/23/2017 20:00,-1.238,-0.02
12/23/2017 21:00,-1.024,-0.021
12/23/2017 22:00,-1.02,-0.019
12/23/2017 23:00,-1.024,-0.016
12/24/2017 0:00,-1.028,-0.006
12/24/2017 1:00,-1.033,-0.005
12/24/2017 2:00,-1.04,-0.021
12/24/2017 3:00,  ,-0.011
12/24/2017 4:00,-0.813,-0.001
12/24/2017 5:00,-1.03,0.013
12/24/2017 6:00,-1.222,0.005
12/24/2017 7:00,-0.84,0.001
12/24/2017 8:00,-1.028,
12/24/2017 9:00,  ,
12/24/2017 10:00,-0.858,-0.001
12/24/2017 11:00,-1.031,-0.002
12/24/2017 12:00,  ,-0.01
12/24/2017 13:00,-1.028,-0.011
12/24/2017 14:00,-1.031,0.016
12/24/2017 15:00,-1.238,-0.002
12/24/2017 16:00,-1.224,-0.008
12/24/2017 17:00,-0.843,-0.013
12/24/2017 18:00,-1.027,-0.014
12/24/2017 19:00,-1.029,-0.012
12/24/2017 20:00,-1.027,-0.012
12/24/2017 21:00,-1.026,-0.019
12/24/2017 22:00,  ,-0.015
12/24/2017 23:00,-0.852,-0.024
12/25/2017 0:00,-1.088,-0.029
12/25/2017 1:00,-0.881,
12/25/2017 2:00,-1.099,-0.006
12/25/2017 3:00,-0.849,-0.018
12/25/2017 4:00,-1.03,0.162
12/25/2017 5:00,-1.03,0.913
12/25/2017 6:00,-1.041,
12/25/2017 7:00,  ,-0.013
12/25/2017 8:00,-0.852,-0.001
12/25/2017 9:00,-1.047,0.011
12/25/2017 10:00,-1.039,0.004
12/25/2017 11:00,-1.037,0.015
12/25/2017 12:00,-1.037,0.905
12/25/2017 13:00,-1.04,0.882
12/25/2017 14:00,-1.042,-0.019
12/25/2017 15:00,-1.052,
12/25/2017 16:00,  ,
12/25/2017 17:00,-0.968,-0.021
12/25/2017 18:00,-0.97,-0.025
12/25/2017 19:00,-0.971,-0.027
12/25/2017 20:00,-0.962,-0.025
12/25/2017 21:00,-1.024,-0.026
12/25/2017 22:00,  ,-0.025
12/25/2017 23:00,-1.032,-0.028
12/26/2017 0:00,-1.035,-0.029
12/26/2017 1:00,-1.035,-0.031
12/26/2017 2:00,-1.039,
12/26/2017 3:00,-1.038,-0.023
12/26/2017 4:00,-1.037,-0.013
12/26/2017 5:00,-1.032,0
12/26/2017 6:00,-1.038,0.038
12/26/2017 7:00,-1.038,0.135
12/26/2017 8:00,-1.041,
12/26/2017 9:00,-1.04,-0.222
12/26/2017 10:00,-1.041,0.066
12/26/2017 11:00,-1.043,
12/26/2017 12:00,-1.043,0.028
12/26/2017 13:00,-1.041,0.018
12/26/2017 14:00,-1.043,0.031
12/26/2017 15:00,-1.042,0.024
12/26/2017 16:00,-1.042,0.023
12/26/2017 17:00,-1.042,-0.016
12/26/2017 18:00,-1.041,-0.022
12/26/2017 19:00,-1.041,-0.014
12/26/2017 20:00,-1.038,-0.012
12/26/2017 21:00,-1.038,-0.014
12/26/2017 22:00,-1.039,-0.01
12/26/2017 23:00,-1.039,
12/27/2017 0:00,-1.04,-0.01
12/27/2017 1:00,  ,-0.011
12/27/2017 2:00,-1.039,0
12/27/2017 3:00,-1.039,0.009
12/27/2017 4:00,-1.04,0.004
12/27/2017 5:00,-1.041,-0.006
12/27/2017 6:00,-1.041,-0.002
12/27/2017 7:00,-1.044,-0.229
12/27/2017 8:00,-1.043,0.007
12/27/2017 9:00,  ,0
12/27/2017 10:00,-1.041,
12/27/2017 11:00,-1.043,0.01
12/27/2017 12:00,-1.043,0.003
12/27/2017 13:00,-1.043,0.005
12/27/2017 14:00,-1.045,-0.001
12/27/2017 15:00,-1.043,0.001
12/27/2017 16:00,-1.043,0.001
12/27/2017 17:00,-1.042,0.002
12/27/2017 18:00,-1.043,0.002
12/27/2017 19:00,-1.041,0.001
12/27/2017 20:00,-1.042,0.002
12/27/2017 21:00,-1.041,0
12/27/2017 22:00,-1.04,0
12/27/2017 23:00,  ,0.001
12/28/2017 0:00,-1.042,-0.002
12/28/2017 1:00,-1.043,0
12/28/2017 2:00,-1.042,-0.004
12/28/2017 3:00,-1.043,-0.004
12/28/2017 4:00,-1.044,-0.006
12/28/2017 5:00,-1.045,-0.006
12/28/2017 6:00,-1.047,-0.01
12/28/2017 7:00,-1.047,-0.007
12/28/2017 8:00,-1.046,-0.009
12/28/2017 9:00,-1.046,-0.027
12/28/2017 10:00,-1.047,-0.029
12/28/2017 11:00,-1.051,-0.038
12/28/2017 12:00,-1.048,-0.035
12/28/2017 13:00,-1.045,-0.023
12/28/2017 14:00,-1.048,-0.031
12/28/2017 15:00,-1.098,-0.033
12/28/2017 16:00,  ,-0.265
12/28/2017 17:00,  ,-0.018
12/28/2017 18:00,  ,-0.024
12/28/2017 19:00,  ,-0.027
12/28/2017 20:00,-0.957,-0.026
12/28/2017 21:00,-0.963,
12/28/2017 22:00,-0.955,
12/28/2017 23:00,-0.955,-0.01
12/29/2017 0:00,-0.953,-0.015
12/29/2017 1:00,-0.945,-0.016
12/29/2017 2:00,  ,-0.024
12/29/2017 3:00,  ,-0.022
12/29/2017 4:00,-0.944,0.01
12/29/2017 5:00,-0.937,-0.019
12/29/2017 6:00,-0.95,-0.022
12/29/2017 7:00,-0.957,-0.021
12/29/2017 8:00,-0.956,
12/29/2017 9:00,-0.958,0.004
12/29/2017 10:00,-0.959,-0.036
12/29/2017 11:00,-0.961,
12/29/2017 12:00,  ,-0.042
12/29/2017 13:00,-1.253,
12/29/2017 14:00,-0.957,-0.005
12/29/2017 15:00,-0.955,
12/29/2017 16:00,-0.964,-0.026
12/29/2017 17:00,-0.961,-0.01
12/29/2017 18:00,-0.961,-0.003
12/29/2017 19:00,-0.962,-0.007
12/29/2017 20:00,-0.957,-0.006
12/29/2017 21:00,-0.957,-0.005
12/29/2017 22:00,-1.303,-0.003
12/29/2017 23:00,-0.955,0.003
12/30/2017 0:00,-0.942,-0.019
12/30/2017 1:00,-0.938,-0.01
12/30/2017 2:00,-0.946,-0.012
12/30/2017 3:00,-0.933,
12/30/2017 4:00,-0.948,-0.008
12/30/2017 5:00,-0.952,
12/30/2017 6:00,-0.957,0.002
12/30/2017 7:00,-0.957,0.011
12/30/2017 8:00,-0.963,-0.01
12/30/2017 9:00,-0.965,
12/30/2017 10:00,  ,
12/30/2017 11:00,-0.99,
12/30/2017 12:00,-1.025,0.006
12/30/2017 13:00,-1.01,-0.295
12/30/2017 14:00,-0.973,-0.232
12/30/2017 15:00,-1.013,0.006
12/30/2017 16:00,-1.011,0.001
12/30/2017 17:00,-1.021,-0.008
12/30/2017 18:00,-1.013,0.001
12/30/2017 19:00,-1.022,0.005
12/30/2017 20:00,-1.022,-0.001
12/30/2017 21:00,-1.022,-0.002
12/30/2017 22:00,-1.021,0.002
12/30/2017 23:00,-1.019,-0.013
12/31/2017 0:00,-1.021,-0.001
12/31/2017 1:00,-1.022,0.001
12/31/2017 2:00,-1.022,-0.009
12/31/2017 3:00,-1.018,-0.012
12/31/2017 4:00,-1.021,-0.014
12/31/2017 5:00,-1.021,-0.012
12/31/2017 6:00,-1.022,-0.017
12/31/2017 7:00,-1.02,-0.025
12/31/2017 8:00,-1.024,-0.045
12/31/2017 9:00,-1.024,-0.022
12/31/2017 10:00,-1.024,-0.044
12/31/2017 11:00,-1.025,
12/31/2017 12:00,-1.022,-0.008
12/31/2017 13:00,-1.023,-0.025
12/31/2017 14:00,-1.023,-0.031
12/31/2017 15:00,  ,-0.031
12/31/2017 16:00,-1.024,-0.031
12/31/2017 17:00,-1.02,-0.028
12/31/2017 18:00,-1.131,-0.036
12/31/2017 19:00,-1.017,-0.03
12/31/2017 20:00,-1.138,-0.032
12/31/2017 21:00,-1.019,-0.03
12/31/2017 22:00,-1.02,-0.032
12/31/2017 23:00,-1.02,-0.036
1/1/2018 0:00,  ,
1/1/2018 1:00,  ,-0.028
1/1/2018 2:00,-1.13,-0.03
1/1/2018 3:00,-1.027,-0.033
1/1/2018 4:00,-1.021,-0.033
1/1/2018 5:00,-1.023,-0.033
1/1/2018 6:00,-1.025,-0.026
1/1/2018 7:00,-1.029,-0.003
1/1/2018 8:00,-1.023,-0.02
1/1/2018 9:00,  ,0.043
1/1/2018 10:00,-1.026,-0.033
1/1/2018 11:00,-1.127,0.004
1/1/2018 12:00,-1.025,0.104
1/1/2018 13:00,-1.027,0.107
1/1/2018 14:00,-1.028,0.147
1/1/2018 15:00,-1.029,0.004
1/1/2018 16:00,-1.026,0.015
1/1/2018 17:00,-1.027,0.017
1/1/2018 18:00,-1.025,0.009
1/1/2018 19:00,-1.027,0.008
1/1/2018 20:00,-1.023,0.126
1/1/2018 21:00,-1.024,0.011
1/1/2018 22:00,-1.023,
1/1/2018 23:00,-1.115,0.013
1/2/2018 0:00,-1.025,0.009
1/2/2018 1:00,-1.025,0.012
1/2/2018 2:00,-1.024,0.009
1/2/2018 3:00,-1.024,0.005
1/2/2018 4:00,-1.025,0.007
1/2/2018 5:00,-1.026,-0.009
1/2/2018 6:00,-1.025,
1/2/2018 7:00,-1.028,-0.012
1/2/2018 8:00,-1.03,0.062
1/2/2018 9:00,-1.029,0.069
1/2/2018 10:00,-1.027,0.039
1/2/2018 11:00,-1.025,0.121
1/2/2018 12:00,-1.025,0.133
1/2/2018 13:00,-1.024,0.021
1/2/2018 14:00,-1.02,0.88
1/2/2018 15:00,-1.022,0.017
1/2/2018 16:00,-1.024,0.007
1/2/2018 17:00,-1.023,0.013
1/2/2018 18:00,-1.025,0.013
1/2/2018 19:00,-1.024,0.018
1/2/2018 20:00,-1.022,
1/2/2018 21:00,-1.027,0.018
1/2/2018 22:00,-1.026,0.01
1/2/2018 23:00,-1.023,0.013
1/3/2018 0:00,-1.025,0.007
1/3/2018 1:00,-1.023,0.008
1/3/2018 2:00,-1.03,0.001
1/3/2018 3:00,-1.027,-0.004
1/3/2018 4:00,-1.027,-0.002
1/3/2018 5:00,-1.032,-0.006
1/3/2018 6:00,-1.034,-0.028
1/3/2018 7:00,-1.035,
1/3/2018 8:00,-1.034,-0.033
1/3/2018 9:00,  ,0.115
1/3/2018 10:00,  ,0.067
1/3/2018 11:00,-0.983,0.043
1/3/2018 12:00,-0.966,0.882
1/3/2018 13:00,-0.953,
1/3/2018 14:00,-0.888,0.184
1/3/2018 15:00,  ,0.192
1/3/2018 16:00,-0.867,0.108
1/3/2018 17:00,-0.078,0.106
1/3/2018 18:00,-0.079,0.108
1/3/2018 19:00,-0.855,0.117
1/3/2018 20:00,-0.871,0.113
1/3/2018 21:00,-0.083,0.097
1/3/2018 22:00,-0.872,0.09
1/3/2018 23:00,-0.08,
1/4/2018 0:00,-0.874,0.049
1/4/2018 1:00,-0.867,
1/4/2018 2:00,-0.876,0.043
1/4/2018 3:00,-0.879,0.089
1/4/2018 4:00,-0.871,0.109
1/4/2018 5:00,-1.269,0.883
1/4/2018 6:00,-0.87,0.004
1/4/2018 7:00,-0.864,0.889
1/4/2018 8:00,-0.856,0.024
1/4/2018 9:00,-0.867,0.046
1/4/2018 10:00,-0.873,0.041
1/4/2018 11:00,  ,0.077
1/4/2018 12:00,  ,
1/4/2018 13:00,  ,0.131
1/4/2018 14:00,-0.908,0.094
1/4/2018 15:00,-0.884,0.162
1/4/2018 16:00,-0.872,0.146
1/4/2018 17:00,-0.866,0.155
1/4/2018 18:00,-0.687,0.144
1/4/2018 19:00,  ,0.124
1/4/2018 20:00,  ,0.137
1/4/2018 21:00,-1.082,0.165
1/4/2018 22:00,-1.09,0.136
1/4/2018 23:00,-1.078,0.129
1/5/2018 0:00,-1.078,0.13
1/5/2018 1:00,  ,0.133
1/5/2018 2:00,  ,0.134
1/5/2018 3:00,-1.09,0.147
1/5/2018 4:00,-0.841,0.142
1/5/2018 5:00,-0.843,0.143
1/5/2018 6:00,-0.836,0.149
1/5/2018 7:00,-0.85,0.167
1/5/2018 8:00,-0.709,0.913
1/5/2018 9:00,-1.09,
1/5/2018 10:00,-0.865,0.034
1/5/2018 11:00,-0.858,0.031
1/5/2018 12:00,-0.855,
1/5/2018 13:00,-0.86,0.909
1/5/2018 14:00,-0.858,0.901
1/5/2018 15:00,-0.863,0.906
1/5/2018 16:00,-0.707,0.188
1/5/2018 17:00,-0.608,0.9
1/5/2018 18:00,-0.609,-0.221
1/5/2018 19:00,-0.61,0.158
1/5/2018 20:00,-0.613,0.149
1/5/2018 21:00,-0.618,0.149
1/5/2018 22:00,  ,0.153
1/5/2018 23:00,-0.854,0.153
1/6/2018 0:00,  ,0.155
1/6/2018 1:00,-1.017,0.154
1/6/2018 2:00,  ,0.082
1/6/2018 3:00,  ,0.069
1/6/2018 4:00,-1.005,0.067
1/6/2018 5:00,-1.008,0.092
1/6/2018 6:00,-0.991,0.077
1/6/2018 7:00,-0.612,0.147
1/6/2018 8:00,-0.61,0.912
1/6/2018 9:00,  ,0.907
1/6/2018 10:00,  ,0.897
1/6/2018 11:00,-0.808,0.906
1/6/2018 12:00,-0.875,0.898
1/6/2018 13:00,-0.811,0.893
1/6/2018 14:00,-0.847,0.163
1/6/2018 15:00,  ,0.161
1/6/2018 16:00,  ,0.142
1/6/2018 17:00,-0.718,0.128
1/6/2018 18:00,-0.996,0.111
1/6/2018 19:00,-1.059,0.129
1/6/2018 20:00,-0.713,0.14
1/6/2018 21:00,-0.722,
1/6/2018 22:00,-1.041,0.118
1/6/2018 23:00,-1.047,0.118
1/7/2018 0:00,-1.025,0.163
1/7/2018 1:00,-1.006,0.171
1/7/2018 2:00,-1.051,0.167
1/7/2018 3:00,-0.991,0.171
1/7/2018 4:00,-1.031,0.178
1/7/2018 5:00,-0.724,0.194
1/7/2018 6:00,  ,0.195
1/7/2018 7:00,-0.719,0.183
1/7/2018 8:00,  ,0.184
1/7/2018 9:00,-0.847,0.193
1/7/2018 10:00,-0.725,
1/7/2018 11:00,  ,0.183
1/7/2018 12:00,  ,0.895
1/7/2018 13:00,-0.845,0.177
1/7/2018 14:00,-1.038,0.185
1/7/2018 15:00,-0.834,0.177
1/7/2018 16:00,-0.809,0.179
1/7/2018 17:00,-1.005,0.184
1/7/2018 18:00,  ,0.18
1/7/2018 19:00,-0.796,0.18
1/7/2018 20:00,-1.067,0.178
1/7/2018 21:00,-0.792,0.183
1/7/2018 22:00,  ,0.181
1/7/2018 23:00,  ,0.178
1/8/2018 0:00,-1.054,0.171
1/8/2018 1:00,-0.797,0.182
1/8/2018 2:00,-0.795,0.186
1/8/2018 3:00,-0.804,0.168
1/8/2018 4:00,-0.802,0.178
1/8/2018 5:00,-0.803,0.176
1/8/2018 6:00,-0.8,0.174
1/8/2018 7:00,-0.732,0.173
1/8/2018 8:00,-0.802,0.174
1/8/2018 9:00,-0.794,0.185
1/8/2018 10:00,-0.798,0.185
1/8/2018 11:00,-1.139,0.172
1/8/2018 12:00,-0.795,0.172
1/8/2018 13:00,-0.796,0.17
1/8/2018 14:00,-0.792,0.166
1/8/2018 15:00,-0.802,0.175
1/8/2018 16:00,-0.794,0.172
1/8/2018 17:00,-0.8,0.172
1/8/2018 18:00,-0.799,0.172
1/8/2018 19:00,  ,0.176
1/8/2018 20:00,-0.799,0.17
1/8/2018 21:00,-0.801,0.174
1/8/2018 22:00,-0.802,0.17
1/8/2018 23:00,-0.8,0.167
1/9/2018 0:00,-0.798,0.165
1/9/2018 1:00,-0.797,
1/9/2018 2:00,-0.799,0.158
1/9/2018 3:00,-0.798,0.16
1/9/2018 4:00,-0.801,0.162
1/9/2018 5:00,-0.803,0.172
1/9/2018 6:00,-0.804,0.142
1/9/2018 7:00,-0.805,0.176
1/9/2018 8:00,-0.799,0.175
1/9/2018 9:00,-0.783,0.174
1/9/2018 10:00,-0.795,0.176
1/9/2018 11:00,-0.746,0.17
1/9/2018 12:00,-0.809,0.168
1/9/2018 13:00,-0.81,0.165
1/9/2018 14:00,-0.815,0.166
1/9/2018 15:00,-0.811,0.161
1/9/2018 16:00,-0.837,0.157
1/9/2018 17:00,-0.778,0.161
1/9/2018 18:00,-0.81,0.159
1/9/2018 19:00,-0.788,0.157
1/9/2018 20:00,-0.772,0.158
1/9/2018 21:00,-0.79,0.16
1/9/2018 22:00,-1.116,0.156
1/9/2018 23:00,-0.787,0.158
1/10/2018 0:00,-0.788,0.172
1/10/2018 1:00,-0.783,0.173
1/10/2018 2:00,-0.783,0.169
1/10/2018 3:00,-0.788,0.169
1/10/2018 4:00,-0.796,0.168
1/10/2018 5:00,-0.796,0.168
1/10/2018 6:00,-0.8,0.169
1/10/2018 7:00,-0.799,0.163
1/10/2018 8:00,-0.805,0.161
1/10/2018 9:00,-0.803,0.157
1/10/2018 10:00,-0.816,0.161
1/10/2018 11:00,-0.804,0.159
1/10/2018 12:00,-0.736,0.154
1/10/2018 13:00,-0.803,0.154
1/10/2018 14:00,-0.803,0.155
1/10/2018 15:00,-0.804,0.154
1/10/2018 16:00,-0.8,0.156
1/10/2018 17:00,-0.801,0.158
1/10/2018 18:00,-0.799,0.162
1/10/2018 19:00,-0.799,0.161
1/10/2018 20:00,-0.799,0.161
1/10/2018 21:00,-0.8,0.165
1/10/2018 22:00,-0.801,0.165
1/10/2018 23:00,-0.799,0.137
1/11/2018 0:00,-0.799,0.148
1/11/2018 1:00,-0.799,0.152
1/11/2018 2:00,-0.798,0.154
1/11/2018 3:00,-0.799,0.155
1/11/2018 4:00,-0.779,0.15
1/11/2018 5:00,-0.797,0.15
1/11/2018 6:00,-0.801,0.146
1/11/2018 7:00,-0.806,0.141
1/11/2018 8:00,-0.805,0.147
1/11/2018 9:00,-0.804,0.141
1/11/2018 10:00,-0.803,0.141
1/11/2018 11:00,-0.8,0.141
1/11/2018 12:00,-0.811,0.15
1/11/2018 13:00,-0.805,0.136
1/11/2018 14:00,-0.809,0.141
1/11/2018 15:00,-0.806,0.157
1/11/2018 16:00,-0.8,0.154
1/11/2018 17:00,-0.795,0.152
1/11/2018 18:00,-0.774,0.155
1/11/2018 19:00,-0.792,0.156
1/11/2018 20:00,-0.788,0.155
1/11/2018 21:00,-0.798,0.152
1/11/2018 22:00,-0.797,0.155
1/11/2018 23:00,-0.796,0.154
1/12/2018 0:00,-0.789,0.154
1/12/2018 1:00,-0.802,0.158
1/12/2018 2:00,-0.802,0.157
1/12/2018 3:00,-0.804,0.153
1/12/2018 4:00,-0.803,0.153
1/12/2018 5:00,-0.799,0.156
1/12/2018 6:00,-0.728,0.156
1/12/2018 7:00,-0.744,0.156
1/12/2018 8:00,-0.742,0.16
1/12/2018 9:00,-0.731,0.164
1/12/2018 10:00,-0.719,0.169
1/12/2018 11:00,-0.733,0.164
1/12/2018 12:00,-0.739,0.166
1/12/2018 13:00,-0.782,0.167
1/12/2018 14:00,-0.804,0.168
1/12/2018 15:00,-0.803,0.168
1/12/2018 16:00,-0.803,0.164
1/12/2018 17:00,-0.802,0.164
1/12/2018 18:00,-0.797,0.165
1/12/2018 19:00,-0.799,0.163
1/12/2018 20:00,-0.798,0.169
1/12/2018 21:00,-0.79,0.169
1/12/2018 22:00,-0.785,0.171
1/12/2018 23:00,-0.799,
1/13/2018 0:00,-0.783,0.169
1/13/2018 1:00,  ,0.169
1/13/2018 2:00,-0.791,0.169
1/13/2018 3:00,-0.791,0.168
1/13/2018 4:00,-0.799,0.168
1/13/2018 5:00,-0.803,0.168
1/13/2018 6:00,-0.802,0.167
1/13/2018 7:00,-0.801,0.165
1/13/2018 8:00,-0.806,0.166
1/13/2018 9:00,-0.807,0.163
1/13/2018 10:00,-0.737,0.164
1/13/2018 11:00,-0.732,0.161
1/13/2018 12:00,-0.096,0.162
1/13/2018 13:00,-0.813,0.158
1/13/2018 14:00,-0.807,0.162
1/13/2018 15:00,-0.813,0.16
1/13/2018 16:00,-0.806,0.168
1/13/2018 17:00,-0.807,0.168
1/13/2018 18:00,-0.792,0.171
1/13/2018 19:00,  ,0.187
1/13/2018 20:00,-0.804,0.161
1/13/2018 21:00,-0.808,0.157
1/13/2018 22:00,-0.813,0.155
1/13/2018 23:00,-0.811,0.156
1/14/2018 0:00,-0.815,0.157
1/14/2018 1:00,-0.812,0.155
1/14/2018 2:00,-0.811,0.155
1/14/2018 3:00,-0.812,0.15
1/14/2018 4:00,-0.814,0.151
1/14/2018 5:00,-0.819,0.153
1/14/2018 6:00,-0.832,0.153
1/14/2018 7:00,-0.822,0.153
1/14/2018 8:00,-0.825,0.157
1/14/2018 9:00,-0.815,0.155
1/14/2018 10:00,-0.828,0.159
1/14/2018 11:00,-0.827,0.147
1/14/2018 12:00,-0.825,0.148
1/14/2018 13:00,-0.819,0.151
1/14/2018 14:00,-0.815,0.147
1/14/2018 15:00,-0.819,0.15
1/14/2018 16:00,-0.837,0.157
1/14/2018 17:00,-0.846,0.155
1/14/2018 18:00,-0.83,0.155
1/14/2018 19:00,-0.819,0.154
1/14/2018 20:00,-0.824,0.159
1/14/2018 21:00,-0.825,0.161
1/14/2018 22:00,-0.82,0.162
1/14/2018 23:00,  ,0.155
1/15/2018 0:00,  ,0.159
1/15/2018 1:00,-0.746,0.156
1/15/2018 2:00,-0.741,0.157
1/15/2018 3:00,-0.817,0.158
1/15/2018 4:00,-0.743,0.158
1/15/2018 5:00,-0.803,0.156
1/15/2018 6:00,-0.809,0.156
1/15/2018 7:00,-0.819,
1/15/2018 8:00,-0.828,0.157
1/15/2018 9:00,-0.827,0.161
1/15/2018 10:00,-0.828,0.154
1/15/2018 11:00,-0.823,0.151
1/15/2018 12:00,-0.82,0.148
1/15/2018 13:00,-0.823,0.148
1/15/2018 14:00,-0.823,0.155
1/15/2018 15:00,-0.818,0.159
1/15/2018 16:00,-0.813,0.154
1/15/2018 17:00,-0.824,0.153
1/15/2018 18:00,-0.823,0.146
1/15/2018 19:00,-0.82,0.152
1/15/2018 20:00,-0.823,0.149
1/15/2018 21:00,-0.824,0.149
1/15/2018 22:00,-0.825,0.891
1/15/2018 23:00,-0.827,0.891
1/16/2018 0:00,-0.824,
1/16/2018 1:00,-0.826,0.891
1/16/2018 2:00,-0.824,0.142
1/16/2018 3:00,-0.826,0.138
1/16/2018 4:00,-0.826,0.138
1/16/2018 5:00,-0.827,0.141
1/16/2018 6:00,-0.83,0.142
1/16/2018 7:00,-0.829,0.145
1/16/2018 8:00,-0.83,0.142
1/16/2018 9:00,-0.833,0.144
1/16/2018 10:00,-0.827,0.144
1/16/2018 11:00,-0.829,0.145
1/16/2018 12:00,-0.83,0.146
1/16/2018 13:00,-0.832,0.144
1/16/2018 14:00,-0.827,0.147
1/16/2018 15:00,-0.825,
1/16/2018 16:00,-0.828,0.144
1/16/2018 17:00,-0.83,0.151
1/16/2018 18:00,-0.831,0.144
1/16/2018 19:00,-0.827,0.152
1/16/2018 20:00,-0.825,0.156
1/16/2018 21:00,-0.827,0.148
1/16/2018 22:00,-0.814,0.142
1/16/2018 23:00,-0.825,0.148
1/17/2018 0:00,-0.828,0.145
1/17/2018 1:00,-0.821,0.135
1/17/2018 2:00,-0.816,0.141
1/17/2018 3:00,  ,0.147
1/17/2018 4:00,-0.823,0.146
1/17/2018 5:00,-0.816,0.147
1/17/2018 6:00,-0.813,0.15
1/17/2018 7:00,-0.812,0.147
1/17/2018 8:00,-0.81,0.141
1/17/2018 9:00,-0.813,0.141
1/17/2018 10:00,-0.815,0.132
1/17/2018 11:00,-0.823,0.137
1/17/2018 12:00,-0.824,0.154
1/17/2018 13:00,-0.82,0.152
1/17/2018 14:00,-0.818,0.145
1/17/2018 15:00,-0.813,0.161
1/17/2018 16:00,-0.816,0.156
1/17/2018 17:00,-0.811,0.164
1/17/2018 18:00,-0.807,0.168
1/17/2018 19:00,-0.809,0.171
1/17/2018 20:00,-0.804,0.16
1/17/2018 21:00,-0.807,0.161
1/17/2018 22:00,-0.815,0.156
1/17/2018 23:00,-0.812,0.154
1/18/2018 0:00,-0.815,0.153
1/18/2018 1:00,-0.817,0.155
1/18/2018 2:00,-0.818,0.155
1/18/2018 3:00,-0.821,0.152
1/18/2018 4:00,-0.821,0.153
1/18/2018 5:00,-0.827,0.153
1/18/2018 6:00,-0.831,0.154
1/18/2018 7:00,-0.828,0.161
1/18/2018 8:00,-0.829,0.148
1/18/2018 9:00,-0.825,
1/18/2018 10:00,-0.819,0.127
1/18/2018 11:00,-0.83,0.131
1/18/2018 12:00,-0.834,0.145
1/18/2018 13:00,-0.832,0.149
1/18/2018 14:00,-0.836,0.153
1/18/2018 15:00,-0.829,0.154
1/18/2018 16:00,-0.83,0.154
1/18/2018 17:00,-0.834,0.151
1/18/2018 18:00,-0.83,0.154
1/18/2018 19:00,-0.827,0.155
1/18/2018 20:00,-0.823,0.153
1/18/2018 21:00,-0.821,0.143
1/18/2018 22:00,  ,0.15
1/18/2018 23:00,-0.815,0.15
1/19/2018 0:00,-0.814,0.167
1/19/2018 1:00,-0.825,0.157
1/19/2018 2:00,-0.824,0.151
1/19/2018 3:00,-0.825,0.156
1/19/2018 4:00,-0.833,0.154
1/19/2018 5:00,-0.829,0.152
1/19/2018 6:00,-0.817,0.15
1/19/2018 7:00,-0.82,0.159
1/19/2018 8:00,-0.583,0.15
1/19/2018 9:00,-0.858,0.148
1/19/2018 10:00,-0.837,0.15
1/19/2018 11:00,-0.857,0.17
1/19/2018 12:00,-0.971,0.157
1/19/2018 13:00,-0.842,0.153
1/19/2018 14:00,-0.827,0.155
1/19/2018 15:00,-0.806,0.151
1/19/2018 16:00,-0.822,0.152
1/19/2018 17:00,-0.8,0.152
1/19/2018 18:00,-0.825,0.149
1/19/2018 19:00,-0.822,0.156
1/19/2018 20:00,-0.81,0.154
1/19/2018 21:00,-0.785,0.155
1/19/2018 22:00,-0.779,0.156
1/19/2018 23:00,-0.784,0.153
1/20/2018 0:00,-0.798,0.158
1/20/2018 1:00,-0.797,0.163
1/20/2018 2:00,-0.802,0.165
1/20/2018 3:00,-0.811,0.163
1/20/2018 4:00,-0.801,0.162
1/20/2018 5:00,-0.804,0.161
1/20/2018 6:00,-0.804,0.164
1/20/2018 7:00,-0.826,0.161
1/20/2018 8:00,-0.795,0.164
1/20/2018 9:00,-0.826,0.156
1/20/2018 10:00,-1.053,0.158
1/20/2018 11:00,-0.993,0.154
1/20/2018 12:00,-0.798,0.153
1/20/2018 13:00,-0.816,0.158
1/20/2018 14:00,-0.806,0.158
1/20/2018 15:00,-0.811,0.156
1/20/2018 16:00,-0.809,0.158
1/20/2018 17:00,-0.805,0.162
1/20/2018 18:00,-0.81,0.159
1/20/2018 19:00,-0.815,0.157
1/20/2018 20:00,-0.812,0.159
1/20/2018 21:00,-0.808,0.16
1/20/2018 22:00,-0.801,0.159
1/20/2018 23:00,-0.802,0.159
1/21/2018 0:00,-0.807,0.157
1/21/2018 1:00,-0.815,0.16
1/21/2018 2:00,-0.818,0.158
1/21/2018 3:00,-0.819,0.149
1/21/2018 4:00,-0.821,0.149
1/21/2018 5:00,-0.819,0.148
1/21/2018 6:00,-0.828,0.144
1/21/2018 7:00,-0.825,0.151
1/21/2018 8:00,-0.825,0.145
1/21/2018 9:00,-0.827,0.139
1/21/2018 10:00,-0.822,0.131
1/21/2018 11:00,-0.826,0.125
1/21/2018 12:00,-0.823,0.13
1/21/2018 13:00,-0.636,0.147
1/21/2018 14:00,-0.846,0.122
1/21/2018 15:00,  ,0.165
1/21/2018 16:00,-0.825,0.148
1/21/2018 17:00,-0.828,0.151
1/21/2018 18:00,-0.824,0.149
1/21/2018 19:00,-0.819,0.15
1/21/2018 20:00,-0.821,0.154
1/21/2018 21:00,-0.818,0.151
1/21/2018 22:00,-0.82,0.15
1/21/2018 23:00,-0.82,0.149
1/22/2018 0:00,-0.82,0.15
1/22/2018 1:00,-0.822,
1/22/2018 2:00,-0.825,0.147
1/22/2018 3:00,-0.827,0.145
1/22/2018 4:00,-0.827,0.142
1/22/2018 5:00,-0.831,0.141
1/22/2018 6:00,-0.829,0.142
1/22/2018 7:00,-0.831,0.144
1/22/2018 8:00,-0.83,0.14
1/22/2018 9:00,-0.829,0.14
1/22/2018 10:00,-0.83,0.138
1/22/2018 11:00,-0.829,0.139
1/22/2018 12:00,-0.826,0.14
1/22/2018 13:00,-0.828,0.151
1/22/2018 14:00,-0.832,0.15
1/22/2018 15:00,-0.827,0.148
1/22/2018 16:00,-0.827,0.146
1/22/2018 17:00,-1.064,0.148
1/22/2018 18:00,-0.822,0.146
1/22/2018 19:00,-0.823,0.129
1/22/2018 20:00,-0.819,0.142
1/22/2018 21:00,-0.832,0.139
1/22/2018 22:00,-0.816,0.139
1/22/2018 23:00,-0.802,0.144
1/23/2018 0:00,-0.816,0.148
1/23/2018 1:00,-0.819,0.143
1/23/2018 2:00,-0.822,0.144
1/23/2018 3:00,-0.824,0.145
1/23/2018 4:00,-0.821,0.146
1/23/2018 5:00,  ,0.142
1/23/2018 6:00,-0.821,0.142
1/23/2018 7:00,-0.822,0.141
1/23/2018 8:00,-0.824,0.138
1/23/2018 9:00,-0.826,0.14
1/23/2018 10:00,-0.827,0.142
1/23/2018 11:00,-0.826,0.154
1/23/2018 12:00,-0.992,0.141
1/23/2018 13:00,-0.834,0.142
1/23/2018 14:00,  ,0.149
1/23/2018 15:00,-0.983,0.142
1/23/2018 16:00,-1.046,0.158
1/23/2018 17:00,-0.827,0.139
1/23/2018 18:00,-0.827,
1/23/2018 19:00,-0.823,0.144
1/23/2018 20:00,-0.822,0.145
1/23/2018 21:00,-0.822,0.144
1/23/2018 22:00,-0.823,0.144
1/23/2018 23:00,-0.822,0.144
1/24/2018 0:00,-0.82,0.144
1/24/2018 1:00,-0.823,0.144
1/24/2018 2:00,-0.824,0.143
1/24/2018 3:00,-0.822,0.139
1/24/2018 4:00,-0.825,0.142
1/24/2018 5:00,-0.825,0.144
1/24/2018 6:00,-0.824,0.145
1/24/2018 7:00,-0.824,0.14
1/24/2018 8:00,-0.825,0.138
1/24/2018 9:00,-0.825,
1/24/2018 10:00,-0.825,0.134
1/24/2018 11:00,-0.826,0.137
1/24/2018 12:00,-0.826,0.127
1/24/2018 13:00,-0.826,0.126
1/24/2018 14:00,-0.827,0.121
1/24/2018 15:00,-0.825,0.13
1/24/2018 16:00,-0.824,0.134
1/24/2018 17:00,-0.823,0.132
1/24/2018 18:00,-0.822,0.139
1/24/2018 19:00,-0.823,0.136
1/24/2018 20:00,-0.821,0.137
1/24/2018 21:00,-0.822,0.136
1/24/2018 22:00,-0.822,0.138
1/24/2018 23:00,-0.821,0.141
1/25/2018 0:00,-0.823,0.14
1/25/2018 1:00,-0.82,0.144
1/25/2018 2:00,-0.821,0.143
1/25/2018 3:00,-0.823,0.144
1/25/2018 4:00,-0.823,0.142
1/25/2018 5:00,-0.825,0.144
1/25/2018 6:00,-0.824,0.141
1/25/2018 7:00,-0.825,0.144
1/25/2018 8:00,-0.827,0.143
1/25/2018 9:00,-0.824,0.142
1/25/2018 10:00,-0.829,0.146
1/25/2018 11:00,-0.824,0.14
1/25/2018 12:00,-0.822,0.14
1/25/2018 13:00,  ,0.143
1/25/2018 14:00,-1.058,0.144
1/25/2018 15:00,-1.083,0.155
1/25/2018 16:00,-0.829,0.144
1/25/2018 17:00,-0.834,0.133
1/25/2018 18:00,-0.83,0.132
1/25/2018 19:00,-0.823,0.135
1/25/2018 20:00,-0.812,0.149
1/25/2018 21:00,  ,0.143
1/25/2018 22:00,-0.825,0.142
1/25/2018 23:00,-0.817,0.145
1/26/2018 0:00,-0.811,0.145
1/26/2018 1:00,-0.825,0.142
1/26/2018 2:00,-0.81,0.133
1/26/2018 3:00,-0.827,0.149
1/26/2018 4:00,-0.828,0.147
1/26/2018 5:00,  ,0.132
1/26/2018 6:00,-0.829,0.141
1/26/2018 7:00,-0.828,0.142
1/26/2018 8:00,-0.828,0.132
1/26/2018 9:00,-0.827,0.15
1/26/2018 10:00,-0.824,
1/26/2018 11:00,-0.824,0.143
1/26/2018 12:00,-1.058,0.146
1/26/2018 13:00,-0.829,0.147
1/26/2018 14:00,-0.828,0.147
1/26/2018 15:00,-0.825,0.147
1/26/2018 16:00,-0.829,0.148
1/26/2018 17:00,-0.827,0.147
1/26/2018 18:00,-0.826,0.147
1/26/2018 19:00,-0.826,0.146
1/26/2018 20:00,-0.826,0.145
1/26/2018 21:00,-0.825,0.144
1/26/2018 22:00,-0.819,0.147
1/26/2018 23:00,-0.825,0.152
1/27/2018 0:00,-0.819,0.147
1/27/2018 1:00,-0.821,0.148
1/27/2018 2:00,-0.821,0.148
1/27/2018 3:00,-0.822,0.144
1/27/2018 4:00,-0.829,0.151
1/27/2018 5:00,-0.83,0.146
1/27/2018 6:00,-0.829,0.144
1/27/2018 7:00,-0.83,0.142
1/27/2018 8:00,-0.833,0.141
1/27/2018 9:00,-0.829,0.14
1/27/2018 10:00,-0.83,0.139
1/27/2018 11:00,-0.83,0.148
1/27/2018 12:00,-1.092,0.146
1/27/2018 13:00,-0.844,0.141
1/27/2018 14:00,-0.827,0.146
1/27/2018 15:00,-0.829,0.148
1/27/2018 16:00,-0.831,0.147
1/27/2018 17:00,-0.832,0.147
1/27/2018 18:00,-0.83,0.147
1/27/2018 19:00,-0.828,0.151
1/27/2018 20:00,-0.825,0.149
1/27/2018 21:00,-0.813,0.148
1/27/2018 22:00,-0.827,
1/27/2018 23:00,-0.829,0.145
1/28/2018 0:00,-0.825,0.146
1/28/2018 1:00,-0.827,
1/28/2018 2:00,-0.834,0.139
1/28/2018 3:00,-0.839,0.133
1/28/2018 4:00,-0.847,0.137
1/28/2018 5:00,-0.848,0.138
1/28/2018 6:00,-0.884,0.139
1/28/2018 7:00,-0.847,0.134
1/28/2018 8:00,-0.847,0.136
1/28/2018 9:00,-0.836,0.14
1/28/2018 10:00,-0.84,0.192
1/28/2018 11:00,-0.848,0.13
1/28/2018 12:00,-0.844,
1/28/2018 13:00,-0.848,
1/28/2018 14:00,-0.85,0.137
1/28/2018 15:00,-0.847,0.139
1/28/2018 16:00,-0.857,0.142
1/28/2018 17:00,-0.844,0.139
1/28/2018 18:00,-0.843,0.141
1/28/2018 19:00,-0.841,0.142
1/28/2018 20:00,-0.848,0.14
1/28/2018 21:00,-0.838,
1/28/2018 22:00,-0.847,0.14
1/28/2018 23:00,-0.838,0.141
1/29/2018 0:00,-0.839,0.141
1/29/2018 1:00,-0.846,0.14
1/29/2018 2:00,-0.847,0.136
1/29/2018 3:00,-0.845,0.142
1/29/2018 4:00,-0.856,0.139
1/29/2018 5:00,-0.836,0.142
1/29/2018 6:00,  ,0.129
1/29/2018 7:00,-0.847,0.118
1/29/2018 8:00,-0.855,0.126
1/29/2018 9:00,-0.847,0.132
1/29/2018 10:00,-0.844,0.135
1/29/2018 11:00,-0.844,0.133
1/29/2018 12:00,-0.854,0.134
1/29/2018 13:00,-0.849,0.135
1/29/2018 14:00,-0.853,0.134
1/29/2018 15:00,-0.847,0.138
1/29/2018 16:00,-0.837,0.138
1/29/2018 17:00,-0.842,0.141
1/29/2018 18:00,-0.838,0.141
1/29/2018 19:00,-0.844,0.141
1/29/2018 20:00,-0.842,0.141
1/29/2018 21:00,-0.843,0.14
1/29/2018 22:00,-0.838,0.142
1/29/2018 23:00,-0.842,0.143
1/30/2018 0:00,-0.842,0.143
1/30/2018 1:00,-0.842,0.142
1/30/2018 2:00,-0.84,0.142
1/30/2018 3:00,-0.846,0.141
1/30/2018 4:00,-0.848,0.14
1/30/2018 5:00,-0.847,0.139
1/30/2018 6:00,-0.847,0.142
1/30/2018 7:00,-0.845,0.137
1/30/2018 8:00,-0.847,0.138
1/30/2018 9:00,-0.845,0.145
1/30/2018 10:00,-0.847,0.144
1/30/2018 11:00,-0.847,0.148
1/30/2018 12:00,-0.842,0.148
1/30/2018 13:00,-0.844,0.147
1/30/2018 14:00,-0.846,0.143
1/30/2018 15:00,-0.846,0.143
1/30/2018 16:00,-0.846,0.143
1/30/2018 17:00,-0.845,0.142
1/30/2018 18:00,-0.845,0.142
1/30/2018 19:00,-0.843,0.143
1/30/2018 20:00,-0.842,0.143
1/30/2018 21:00,-0.844,0.142
1/30/2018 22:00,-0.841,0.143
1/30/2018 23:00,-0.843,0.142
1/31/2018 0:00,-0.842,0.141
1/31/2018 1:00,-0.843,0.141
1/31/2018 2:00,-0.844,0.142
1/31/2018 3:00,-0.841,0.142
1/31/2018 4:00,-0.841,0.144
1/31/2018 5:00,-0.839,0.141
1/31/2018 6:00,-0.844,0.139
1/31/2018 7:00,-0.852,0.138
1/31/2018 8:00,-0.845,0.137
1/31/2018 9:00,-0.847,0.136
1/31/2018 10:00,-0.847,0.136
1/31/2018 11:00,-0.852,0.138
1/31/2018 12:00,-0.857,0.137
1/31/2018 13:00,-0.854,0.137
1/31/2018 14:00,-0.854,0.137
1/31/2018 15:00,-0.857,0.138
1/31/2018 16:00,-0.858,0.138
1/31/2018 17:00,-0.854,0.14
1/31/2018 18:00,-0.849,0.138
1/31/2018 19:00,-0.853,0.14
1/31/2018 20:00,-0.855,0.142
1/31/2018 21:00,-0.854,0.142
1/31/2018 22:00,-0.856,0.142
1/31/2018 23:00,-0.856,0.142
2/1/2018 0:00,  ,
2/1/2018 1:00,  ,0.136
2/1/2018 2:00,-0.855,0.136
2/1/2018 3:00,-0.857,0.14
2/1/2018 4:00,-0.859,0.139
2/1/2018 5:00,-0.853,0.137
2/1/2018 6:00,  ,0.137
2/1/2018 7:00,-0.855,0.136
2/1/2018 8:00,-0.855,0.136
2/1/2018 9:00,-0.852,0.136
2/1/2018 10:00,-0.855,0.136
2/1/2018 11:00,-0.854,0.134
2/1/2018 12:00,-0.853,0.135
2/1/2018 13:00,-0.852,0.139
2/1/2018 14:00,-0.848,0.137
2/1/2018 15:00,-0.848,0.132
2/1/2018 16:00,-0.851,0.135
2/1/2018 17:00,-0.852,
2/1/2018 18:00,-0.848,0.136
2/1/2018 19:00,-0.85,0.137
2/1/2018 20:00,-0.852,0.136
2/1/2018 21:00,-0.854,0.137
2/1/2018 22:00,-0.854,0.138
2/1/2018 23:00,-0.847,0.137
2/2/2018 0:00,-0.853,0.137
2/2/2018 1:00,-0.852,0.136
2/2/2018 2:00,-0.857,0.135
2/2/2018 3:00,-0.857,0.136
2/2/2018 4:00,-0.858,0.133
2/2/2018 5:00,-0.859,0.132
2/2/2018 6:00,-0.866,0.132
2/2/2018 7:00,-0.857,0.132
2/2/2018 8:00,-0.853,0.135
2/2/2018 9:00,-0.853,0.134
2/2/2018 10:00,-0.851,0.133
2/2/2018 11:00,-0.853,0.134
2/2/2018 12:00,-0.85,0.132
2/2/2018 13:00,-0.852,0.132
2/2/2018 14:00,-0.847,0.133
2/2/2018 15:00,-0.851,0.133
2/2/2018 16:00,-0.851,0.132
2/2/2018 17:00,-0.851,0.131
2/2/2018 18:00,-0.854,0.131
2/2/2018 19:00,-0.85,0.131
2/2/2018 20:00,-0.852,0.132
2/2/2018 21:00,-0.862,0.13
2/2/2018 22:00,-0.854,0.132
2/2/2018 23:00,-0.85,0.132
2/3/2018 0:00,-0.85,0.13
2/3/2018 1:00,-0.852,0.131
2/3/2018 2:00,-0.851,0.13
2/3/2018 3:00,-0.85,0.128
2/3/2018 4:00,-0.849,0.132
2/3/2018 5:00,-0.85,0.129
2/3/2018 6:00,-0.856,0.127
2/3/2018 7:00,-0.851,0.128
2/3/2018 8:00,-0.859,0.126
2/3/2018 9:00,-0.853,0.128
2/3/2018 10:00,-0.851,0.124
2/3/2018 11:00,-0.852,0.126
2/3/2018 12:00,-0.846,0.13
2/3/2018 13:00,-0.849,0.132
2/3/2018 14:00,-0.85,0.133
2/3/2018 15:00,-0.849,0.132
2/3/2018 16:00,-0.846,0.132
2/3/2018 17:00,-0.851,0.13
2/3/2018 18:00,-0.846,0.131
2/3/2018 19:00,-0.848,0.13
2/3/2018 20:00,-0.85,0.13
2/3/2018 21:00,-0.848,0.127
2/3/2018 22:00,-0.852,0.131
2/3/2018 23:00,-0.851,0.131
2/4/2018 0:00,-0.853,0.131
2/4/2018 1:00,-0.853,0.131
2/4/2018 2:00,-0.856,0.132
2/4/2018 3:00,  ,0.128
2/4/2018 4:00,-0.852,0.13
2/4/2018 5:00,-0.852,0.126
2/4/2018 6:00,-0.851,0.126
2/4/2018 7:00,-0.856,0.125
2/4/2018 8:00,-0.856,0.125
2/4/2018 9:00,-0.858,0.129
2/4/2018 10:00,-0.854,0.131
2/4/2018 11:00,-0.854,0.119
2/4/2018 12:00,-0.86,0.125
2/4/2018 13:00,-0.854,0.122
2/4/2018 14:00,-0.86,0.126
2/4/2018 15:00,-0.845,0.123
2/4/2018 16:00,-0.85,0.13
2/4/2018 17:00,-0.852,0.131
2/4/2018 18:00,-0.853,0.124
2/4/2018 19:00,-0.851,0.127
2/4/2018 20:00,-0.849,0.126
2/4/2018 21:00,-0.853,0.125
2/4/2018 22:00,-0.853,0.133
2/4/2018 23:00,-0.85,0.131
2/5/2018 0:00,-0.854,0.12
2/5/2018 1:00,-0.856,0.135
2/5/2018 2:00,-0.859,0.126
2/5/2018 3:00,-0.852,0.133
2/5/2018 4:00,-0.853,0.129
2/5/2018 5:00,-0.861,0.128
2/5/2018 6:00,-0.858,0.128
2/5/2018 7:00,-0.86,0.13
2/5/2018 8:00,-0.858,0.127
2/5/2018 9:00,-0.871,0.127
2/5/2018 10:00,-0.864,0.136
2/5/2018 11:00,-0.8,0.132
2/5/2018 12:00,-0.77,0.126
2/5/2018 13:00,-0.774,0.128
2/5/2018 14:00,-0.776,0.128
2/5/2018 15:00,-0.779,0.126
2/5/2018 16:00,-0.788,0.129
2/5/2018 17:00,-0.791,0.128
2/5/2018 18:00,-0.782,0.129
2/5/2018 19:00,-0.771,0.125
2/5/2018 20:00,-0.782,0.128
2/5/2018 21:00,-0.765,0.127
2/5/2018 22:00,  ,0.128
2/5/2018 23:00,-0.778,0.128
2/6/2018 0:00,  ,0.136
2/6/2018 1:00,-0.789,0.126
2/6/2018 2:00,-0.766,0.128
2/6/2018 3:00,-0.752,0.123
2/6/2018 4:00,-0.777,0.146
2/6/2018 5:00,-0.788,0.129
2/6/2018 6:00,-0.792,0.136
2/6/2018 7:00,-0.773,0.14
2/6/2018 8:00,-0.797,0.131
2/6/2018 9:00,-0.781,0.137
2/6/2018 10:00,-0.792,0.139
2/6/2018 11:00,  ,0.132
2/6/2018 12:00,-0.793,0.14
2/6/2018 13:00,-0.791,0.137
2/6/2018 14:00,-0.798,0.128
2/6/2018 15:00,-0.79,0.14
2/6/2018 16:00,-0.78,0.136
2/6/2018 17:00,-0.767,0.135
2/6/2018 18:00,-0.744,0.135
2/6/2018 19:00,-0.726,0.134
2/6/2018 20:00,-0.727,0.134
2/6/2018 21:00,-0.727,0.136
2/6/2018 22:00,-0.732,0.137
2/6/2018 23:00,-0.739,0.138
2/7/2018 0:00,-0.758,0.136
2/7/2018 1:00,-0.78,0.137
2/7/2018 2:00,-0.728,0.136
2/7/2018 3:00,-0.771,0.136
2/7/2018 4:00,-0.743,0.135
2/7/2018 5:00,-0.739,0.132
2/7/2018 6:00,  ,0.135
2/7/2018 7:00,  ,0.134
2/7/2018 8:00,-0.734,0.134
2/7/2018 9:00,-0.724,0.133
2/7/2018 10:00,-0.723,0.134
2/7/2018 11:00,-0.722,0.141
2/7/2018 12:00,-0.692,0.133
2/7/2018 13:00,-0.687,0.139
2/7/2018 14:00,-0.684,0.139
2/7/2018 15:00,-0.685,0.138
2/7/2018 16:00,-0.688,0.138
2/7/2018 17:00,-0.697,0.136
2/7/2018 18:00,-0.701,0.137
2/7/2018 19:00,  ,0.138
2/7/2018 20:00,-0.695,0.135
2/7/2018 21:00,-0.699,0.136
2/7/2018 22:00,-0.716,0.137
2/7/2018 23:00,  ,0.134
2/8/2018 0:00,-0.719,0.136
2/8/2018 1:00,-0.724,0.136
2/8/2018 2:00,-0.72,0.136
2/8/2018 3:00,-0.722,0.137
2/8/2018 4:00,-0.716,0.136
2/8/2018 5:00,-0.719,0.136
2/8/2018 6:00,-0.719,0.136
2/8/2018 7:00,-0.717,0.134
2/8/2018 8:00,-0.716,0.13
2/8/2018 9:00,  ,
2/8/2018 10:00,-0.783,0.133
2/8/2018 11:00,-0.747,0.13
2/8/2018 12:00,-0.797,0.132
2/8/2018 13:00,-0.789,0.136
2/8/2018 14:00,-0.79,0.138
2/8/2018 15:00,-0.797,0.14
2/8/2018 16:00,-0.796,0.149
2/8/2018 17:00,-0.796,0.135
2/8/2018 18:00,-0.785,0.135
2/8/2018 19:00,-0.797,0.167
2/8/2018 20:00,-0.794,0.14
2/8/2018 21:00,-0.797,0.136
2/8/2018 22:00,-0.808,0.16
2/8/2018 23:00,-0.815,0.149
2/9/2018 0:00,-0.786,0.14
2/9/2018 1:00,-0.806,0.14
2/9/2018 2:00,-0.794,0.184
2/9/2018 3:00,-0.788,0.207
2/9/2018 4:00,-0.778,0.164
2/9/2018 5:00,-0.782,0.249
2/9/2018 6:00,-0.792,0.208
2/9/2018 7:00,-0.782,0.136
2/9/2018 8:00,-0.783,0.154
2/9/2018 9:00,-0.782,0.133
2/9/2018 10:00,-0.78,0.131
2/9/2018 11:00,-0.784,0.242
2/9/2018 12:00,-0.776,0.217
2/9/2018 13:00,-0.749,0.208
2/9/2018 14:00,-0.766,0.185
2/9/2018 15:00,-0.767,0.182
2/9/2018 16:00,-0.762,0.186
2/9/2018 17:00,-0.766,0.186
2/9/2018 18:00,-0.74,0.187
2/9/2018 19:00,-0.722,0.186
2/9/2018 20:00,  ,0.185
2/9/2018 21:00,-0.75,0.184
2/9/2018 22:00,  ,0.185
2/9/2018 23:00,-0.721,0.185
2/10/2018 0:00,-0.7,0.184
2/10/2018 1:00,-0.72,0.186
2/10/2018 2:00,-0.665,0.185
2/10/2018 3:00,-0.663,0.185
2/10/2018 4:00,-0.735,0.179
2/10/2018 5:00,-0.763,0.181
2/10/2018 6:00,-0.764,0.183
2/10/2018 7:00,-0.772,0.178
2/10/2018 8:00,-0.769,0.181
2/10/2018 9:00,-0.771,0.179
2/10/2018 10:00,-0.77,0.177
2/10/2018 11:00,-0.744,0.177
2/10/2018 12:00,-0.75,0.178
2/10/2018 13:00,-0.748,0.181
2/10/2018 14:00,-0.736,0.181
2/10/2018 15:00,-0.74,0.182
2/10/2018 16:00,-0.752,0.181
2/10/2018 17:00,-0.739,0.183
2/10/2018 18:00,-0.732,0.185
2/10/2018 19:00,-0.721,0.184
2/10/2018 20:00,-0.729,0.184
2/10/2018 21:00,-0.733,0.183
2/10/2018 22:00,-0.726,0.183
2/10/2018 23:00,-0.754,0.182
2/11/2018 0:00,-0.745,0.179
2/11/2018 1:00,-0.717,0.181
2/11/2018 2:00,-0.727,0.18
2/11/2018 3:00,-0.675,0.179
2/11/2018 4:00,-0.686,
2/11/2018 5:00,-0.68,0.176
2/11/2018 6:00,-0.667,0.174
2/11/2018 7:00,-0.689,0.172
2/11/2018 8:00,-0.693,0.177
2/11/2018 9:00,-0.63,0.161
2/11/2018 10:00,-0.622,0.16
2/11/2018 11:00,-0.619,0.155
2/11/2018 12:00,-0.635,0.158
2/11/2018 13:00,-0.663,0.16
2/11/2018 14:00,-0.667,0.156
2/11/2018 15:00,-0.661,0.186
2/11/2018 16:00,-0.671,0.209
2/11/2018 17:00,-0.671,0.173
2/11/2018 18:00,-0.67,0.162
2/11/2018 19:00,-0.672,0.161
2/11/2018 20:00,-0.672,0.159
2/11/2018 21:00,-0.678,0.153
2/11/2018 22:00,-0.669,0.155
2/11/2018 23:00,-0.673,0.141
2/12/2018 0:00,-0.674,0.142
2/12/2018 1:00,-0.67,0.137
2/12/2018 2:00,-0.676,0.138
2/12/2018 3:00,-0.678,0.134
2/12/2018 4:00,-0.679,0.138
2/12/2018 5:00,-0.678,0.141
2/12/2018 6:00,-0.679,0.143
2/12/2018 7:00,-0.679,0.136
2/12/2018 8:00,-0.68,0.136
2/12/2018 9:00,-0.68,0.138
2/12/2018 10:00,-0.682,0.137
2/12/2018 11:00,  ,0.138
2/12/2018 12:00,-0.682,0.148
2/12/2018 13:00,-0.682,0.146
2/12/2018 14:00,-0.683,0.148
2/12/2018 15:00,-0.681,0.144
2/12/2018 16:00,-0.681,0.144
2/12/2018 17:00,-0.679,0.141
2/12/2018 18:00,-0.68,0.142
2/12/2018 19:00,-0.678,0.142
2/12/2018 20:00,-0.677,0.146
2/12/2018 21:00,-0.678,0.15
2/12/2018 22:00,-0.68,0.155
2/12/2018 23:00,-0.678,0.149
2/13/2018 0:00,-0.68,0.149
2/13/2018 1:00,-0.681,0.139
2/13/2018 2:00,-0.681,0.14
2/13/2018 3:00,-0.682,0.138
2/13/2018 4:00,-0.683,0.141
2/13/2018 5:00,-0.683,0.149
2/13/2018 6:00,-0.683,0.142
2/13/2018 7:00,-0.684,0.141
2/13/2018 8:00,-0.683,0.138
2/13/2018 9:00,-0.685,0.134
2/13/2018 10:00,-0.685,0.135
2/13/2018 11:00,-0.685,0.135
2/13/2018 12:00,-0.684,0.134
2/13/2018 13:00,-0.684,0.135
2/13/2018 14:00,-0.685,0.135
2/13/2018 15:00,-0.684,0.138
2/13/2018 16:00,-0.683,0.136
2/13/2018 17:00,-0.683,0.14
2/13/2018 18:00,-0.683,0.14
2/13/2018 19:00,-0.684,
2/13/2018 20:00,-0.683,0.141
2/13/2018 21:00,-0.684,0.14
2/13/2018 22:00,-0.685,0.138
2/13/2018 23:00,-0.684,0.138
2/14/2018 0:00,-0.686,0.137
2/14/2018 1:00,-0.69,0.138
2/14/2018 2:00,-0.685,0.137
2/14/2018 3:00,-0.689,0.139
2/14/2018 4:00,-0.68,0.134
2/14/2018 5:00,-0.677,0.134
2/14/2018 6:00,-0.677,0.134
2/14/2018 7:00,-0.674,0.143
2/14/2018 8:00,-0.673,0.144
2/14/2018 9:00,-0.674,0.145
2/14/2018 10:00,-0.673,0.149
2/14/2018 11:00,-0.672,0.148
2/14/2018 12:00,-0.672,0.146
2/14/2018 13:00,-0.672,0.15
2/14/2018 14:00,-0.673,0.137
2/14/2018 15:00,-0.673,0.15
2/14/2018 16:00,-0.673,0.146
2/14/2018 17:00,-0.67,0.151
2/14/2018 18:00,-0.673,0.147
2/14/2018 19:00,-0.673,0.148
2/14/2018 20:00,-0.674,0.15
2/14/2018 21:00,-0.672,0.149
2/14/2018 22:00,-0.675,0.149
2/14/2018 23:00,-0.674,0.149
2/15/2018 0:00,-0.673,0.148
2/15/2018 1:00,-0.678,0.147
2/15/2018 2:00,-0.681,0.144
2/15/2018 3:00,-0.681,0.143
2/15/2018 4:00,-0.678,0.145
2/15/2018 5:00,-0.682,0.147
2/15/2018 6:00,-0.679,0.145
2/15/2018 7:00,-0.677,0.145
2/15/2018 8:00,-0.685,0.145
2/15/2018 9:00,-0.692,0.147
2/15/2018 10:00,-0.69,0.149
2/15/2018 11:00,-0.695,0.151
2/15/2018 12:00,-0.694,0.15
2/15/2018 13:00,-0.697,0.151
2/15/2018 14:00,-0.689,0.152
2/15/2018 15:00,-0.692,0.153
2/15/2018 16:00,-0.691,0.154
2/15/2018 17:00,-0.695,0.153
2/15/2018 18:00,-0.694,0.153
2/15/2018 19:00,-0.695,0.156
2/15/2018 20:00,-0.698,0.153
2/15/2018 21:00,-0.698,0.154
2/15/2018 22:00,-0.695,0.149
2/15/2018 23:00,-0.691,0.148
2/16/2018 0:00,-0.694,0.146
2/16/2018 1:00,-0.704,0.148
2/16/2018 2:00,-0.707,0.145
2/16/2018 3:00,-0.714,0.146
2/16/2018 4:00,-0.72,0.144
2/16/2018 5:00,  ,0.141
2/16/2018 6:00,-0.722,0.144
2/16/2018 7:00,-0.729,0.147
2/16/2018 8:00,-0.726,0.143
2/16/2018 9:00,-0.729,0.145
2/16/2018 10:00,-0.723,0.146
2/16/2018 11:00,-0.721,0.147
2/16/2018 12:00,-0.721,0.148
2/16/2018 13:00,-0.721,0.148
2/16/2018 14:00,-0.723,0.149
2/16/2018 15:00,-0.722,0.147
2/16/2018 16:00,-0.722,0.15
2/16/2018 17:00,-0.72,0.15
2/16/2018 18:00,-0.72,0.15
2/16/2018 19:00,-0.719,0.149
2/16/2018 20:00,-0.723,0.148
2/16/2018 21:00,-0.722,0.148
2/16/2018 22:00,-0.727,0.148
2/16/2018 23:00,-0.726,0.147
2/17/2018 0:00,-0.724,0.147
2/17/2018 1:00,-0.733,0.146
2/17/2018 2:00,-0.731,0.145
2/17/2018 3:00,-0.734,0.146
2/17/2018 4:00,-0.725,0.143
2/17/2018 5:00,-0.733,0.144
2/17/2018 6:00,-0.739,0.143
2/17/2018 7:00,-0.739,0.145
2/17/2018 8:00,-0.742,0.144
2/17/2018 9:00,-0.734,0.142
2/17/2018 10:00,-0.737,0.143
2/17/2018 11:00,-0.739,
2/17/2018 12:00,-0.737,0.144
2/17/2018 13:00,-0.735,0.146
2/17/2018 14:00,-0.735,0.146
2/17/2018 15:00,-0.735,0.148
2/17/2018 16:00,-0.736,0.149
2/17/2018 17:00,-0.736,0.148
2/17/2018 18:00,-0.733,0.149
2/17/2018 19:00,-0.734,0.148
2/17/2018 20:00,-0.734,0.148
2/17/2018 21:00,-0.733,0.147
2/17/2018 22:00,  ,0.146
2/17/2018 23:00,  ,0.144
2/18/2018 0:00,  ,0.147
2/18/2018 1:00,-0.739,0.146
2/18/2018 2:00,-0.746,0.146
2/18/2018 3:00,-0.743,0.144
2/18/2018 4:00,-0.744,0.144
2/18/2018 5:00,-0.736,0.143
2/18/2018 6:00,-0.745,0.143
2/18/2018 7:00,-0.741,0.143
2/18/2018 8:00,-0.745,0.143
2/18/2018 9:00,-0.737,0.143
2/18/2018 10:00,-0.743,0.144
2/18/2018 11:00,-0.748,0.144
2/18/2018 12:00,-0.743,0.144
2/18/2018 13:00,-0.746,0.145
2/18/2018 14:00,-0.742,0.144
2/18/2018 15:00,-0.742,0.146
2/18/2018 16:00,-0.74,0.145
2/18/2018 17:00,-0.739,0.145
2/18/2018 18:00,-0.74,0.146
2/18/2018 19:00,-0.741,0.146
2/18/2018 20:00,-0.742,0.147
2/18/2018 21:00,-0.742,0.146
2/18/2018 22:00,-0.744,0.146
2/18/2018 23:00,-0.744,0.144
2/19/2018 0:00,-0.745,0.154
2/19/2018 1:00,-0.747,0.146
2/19/2018 2:00,-0.749,0.151
2/19/2018 3:00,-0.746,0.145
2/19/2018 4:00,-0.746,0.145
2/19/2018 5:00,  ,0.147
2/19/2018 6:00,-0.751,0.143
2/19/2018 7:00,-0.753,0.143
2/19/2018 8:00,-0.752,0.143
2/19/2018 9:00,-0.745,0.145
2/19/2018 10:00,-0.753,0.142
2/19/2018 11:00,-0.746,0.145
2/19/2018 12:00,  ,0.143
2/19/2018 13:00,-0.751,0.145
2/19/2018 14:00,-0.746,0.145
2/19/2018 15:00,-0.747,0.146
2/19/2018 16:00,-0.739,0.147
2/19/2018 17:00,-0.747,0.147
2/19/2018 18:00,-0.749,0.147
2/19/2018 19:00,-0.746,0.145
2/19/2018 20:00,-0.751,0.146
2/19/2018 21:00,-0.744,0.147
2/19/2018 22:00,-0.746,0.144
2/19/2018 23:00,-0.746,0.147
2/20/2018 0:00,-0.742,0.146
2/20/2018 1:00,-0.744,0.148
2/20/2018 2:00,-0.75,0.145
2/20/2018 3:00,-0.744,0.146
2/20/2018 4:00,-0.739,0.167
2/20/2018 5:00,-0.747,0.145
2/20/2018 6:00,-0.752,0.142
2/20/2018 7:00,-0.747,0.144
2/20/2018 8:00,-0.748,0.141
2/20/2018 9:00,-0.746,0.148
2/20/2018 10:00,-0.745,0.24
2/20/2018 11:00,-0.751,0.203
2/20/2018 12:00,-0.747,0.211
2/20/2018 13:00,-0.739,0.214
2/20/2018 14:00,-0.738,0.188
2/20/2018 15:00,-0.737,0.179
2/20/2018 16:00,-0.739,0.179
2/20/2018 17:00,-0.74,0.179
2/20/2018 18:00,-0.741,0.178
2/20/2018 19:00,-0.732,0.178
2/20/2018 20:00,-0.74,0.18
2/20/2018 21:00,-0.736,0.179
2/20/2018 22:00,-0.736,0.179
2/20/2018 23:00,-0.736,0.178
2/21/2018 0:00,-0.736,0.18
2/21/2018 1:00,-0.735,0.18
2/21/2018 2:00,-0.734,0.181
2/21/2018 3:00,-0.74,0.175
2/21/2018 4:00,-0.738,0.175
2/21/2018 5:00,-0.738,0.176
2/21/2018 6:00,-0.736,0.175
2/21/2018 7:00,-0.738,0.173
2/21/2018 8:00,-0.738,0.174
2/21/2018 9:00,-0.738,0.175
2/21/2018 10:00,-0.737,0.175
2/21/2018 11:00,-0.738,0.175
2/21/2018 12:00,-0.734,0.176
2/21/2018 13:00,  ,0.177
2/21/2018 14:00,  ,0.177
2/21/2018 15:00,-0.748,0.176
2/21/2018 16:00,-0.737,0.179
2/21/2018 17:00,-0.968,
2/21/2018 18:00,-0.725,0.178
2/21/2018 19:00,-0.732,0.181
2/21/2018 20:00,-0.732,0.181
2/21/2018 21:00,-0.732,0.182
2/21/2018 22:00,-0.731,0.178
2/21/2018 23:00,-0.732,0.18
2/22/2018 0:00,-0.731,0.181
2/22/2018 1:00,-0.734,0.178
2/22/2018 2:00,-0.731,0.178
2/22/2018 3:00,-0.733,0.177
2/22/2018 4:00,-0.73,0.177
2/22/2018 5:00,-0.737,
2/22/2018 6:00,-0.738,0.173
2/22/2018 7:00,-0.738,0.176
2/22/2018 8:00,-0.74,0.172
2/22/2018 9:00,-0.749,0.175
2/22/2018 10:00,-0.744,0.171
2/22/2018 11:00,-0.745,0.172
2/22/2018 12:00,-0.736,
2/22/2018 13:00,-0.739,0.191
2/22/2018 14:00,-0.738,0.181
2/22/2018 15:00,-0.738,0.176
2/22/2018 16:00,-0.738,0.175
2/22/2018 17:00,-0.738,0.176
2/22/2018 18:00,-0.736,0.172
2/22/2018 19:00,-0.733,0.177
2/22/2018 20:00,-0.735,0.177
2/22/2018 21:00,-0.737,0.175
2/22/2018 22:00,-0.735,0.215
2/22/2018 23:00,-0.737,0.199
2/23/2018 0:00,-0.742,0.168
2/23/2018 1:00,-0.74,0.173
2/23/2018 2:00,-0.742,0.171
2/23/2018 3:00,  ,0.174
2/23/2018 4:00,-0.74,0.225
2/23/2018 5:00,-0.741,0.242
2/23/2018 6:00,-0.746,0.178
2/23/2018 7:00,-0.75,0.197
2/23/2018 8:00,-0.749,0.242
2/23/2018 9:00,-0.757,0.186
2/23/2018 10:00,-0.75,0.219
2/23/2018 11:00,-0.742,0.229
2/23/2018 12:00,-0.739,0.184
2/23/2018 13:00,-0.739,0.19
2/23/2018 14:00,-0.741,0.185
2/23/2018 15:00,-0.735,0.186
2/23/2018 16:00,-0.735,
2/23/2018 17:00,-0.744,0.185
2/23/2018 18:00,-0.741,0.187
2/23/2018 19:00,-0.736,0.185
2/23/2018 20:00,-0.744,0.182
2/23/2018 21:00,-0.747,0.184
2/23/2018 22:00,-0.751,0.184
2/23/2018 23:00,  ,0.181
2/24/2018 0:00,-0.753,0.182
2/24/2018 1:00,-0.747,0.178
2/24/2018 2:00,-0.746,0.172
2/24/2018 3:00,-0.742,0.164
2/24/2018 4:00,-0.746,0.179
2/24/2018 5:00,-0.749,0.164
2/24/2018 6:00,-0.755,0.171
2/24/2018 7:00,-0.76,0.209
2/24/2018 8:00,-0.757,0.171
2/24/2018 9:00,-0.758,0.167
2/24/2018 10:00,-0.758,0.165
2/24/2018 11:00,-0.763,0.166
2/24/2018 12:00,-0.771,0.169
2/24/2018 13:00,-0.758,0.171
2/24/2018 14:00,-0.753,0.17
2/24/2018 15:00,-0.753,0.171
2/24/2018 16:00,-0.737,0.172
2/24/2018 17:00,-0.75,0.172
2/24/2018 18:00,-0.75,0.172
2/24/2018 19:00,-0.753,0.172
2/24/2018 20:00,-0.76,0.171
2/24/2018 21:00,-0.752,0.171
2/24/2018 22:00,-0.749,0.171
2/24/2018 23:00,-0.751,0.171
2/25/2018 0:00,-0.75,0.166
2/25/2018 1:00,-0.752,0.166
2/25/2018 2:00,-0.75,0.185
2/25/2018 3:00,-0.764,0.165
2/25/2018 4:00,-0.758,0.166
2/25/2018 5:00,-0.765,0.167
2/25/2018 6:00,-0.761,0.165
2/25/2018 7:00,-0.764,0.162
2/25/2018 8:00,-0.78,0.16
2/25/2018 9:00,-0.778,0.159
2/25/2018 10:00,-0.769,0.165
2/25/2018 11:00,-0.772,0.164
2/25/2018 12:00,-0.771,0.166
2/25/2018 13:00,-0.776,0.167
2/25/2018 14:00,-0.773,0.168
2/25/2018 15:00,-0.772,0.168
2/25/2018 16:00,-0.769,0.172
2/25/2018 17:00,-0.779,0.169
2/25/2018 18:00,-0.774,0.166
2/25/2018 19:00,-0.776,0.168
2/25/2018 20:00,-0.779,0.167
2/25/2018 21:00,-0.77,0.165
2/25/2018 22:00,-0.769,0.166
2/25/2018 23:00,-0.774,0.167
2/26/2018 0:00,-0.769,0.165
2/26/2018 1:00,-0.778,0.168
2/26/2018 2:00,-0.766,0.163
2/26/2018 3:00,-0.771,0.164
2/26/2018 4:00,-0.778,0.161
2/26/2018 5:00,-0.765,0.16
2/26/2018 6:00,-0.769,0.157
2/26/2018 7:00,-0.763,0.158
2/26/2018 8:00,-0.777,0.158
2/26/2018 9:00,-0.772,0.16
2/26/2018 10:00,-0.785,0.158
2/26/2018 11:00,-0.785,0.159
2/26/2018 12:00,-0.783,0.202
2/26/2018 13:00,-0.773,0.21
2/26/2018 14:00,-0.781,0.166
2/26/2018 15:00,-0.771,0.167
2/26/2018 16:00,-0.771,0.166
2/26/2018 17:00,-0.765,0.196
2/26/2018 18:00,-0.76,0.164
2/26/2018 19:00,-0.766,0.163
2/26/2018 20:00,-0.769,0.214
2/26/2018 21:00,-0.768,0.185
2/26/2018 22:00,  ,0.188
2/26/2018 23:00,  ,
2/27/2018 0:00,-0.769,0.179
2/27/2018 1:00,-0.778,0.16
2/27/2018 2:00,-0.784,0.16
2/27/2018 3:00,-0.784,0.162
2/27/2018 4:00,-0.769,0.234
2/27/2018 5:00,-0.768,0.16
2/27/2018 6:00,-0.781,0.159
2/27/2018 7:00,-0.769,0.16
2/27/2018 8:00,-0.787,0.159
2/27/2018 9:00,-0.757,0.161
2/27/2018 10:00,-0.772,0.165
2/27/2018 11:00,-0.77,0.164
2/27/2018 12:00,-0.77,0.168
2/27/2018 13:00,-0.767,0.168
2/27/2018 14:00,-0.769,0.168
2/27/2018 15:00,-0.761,0.169
2/27/2018 16:00,-0.767,0.167
2/27/2018 17:00,-0.766,0.167
2/27/2018 18:00,-0.762,0.166
2/27/2018 19:00,-0.769,0.166
2/27/2018 20:00,-0.774,0.167
2/27/2018 21:00,-0.769,0.166
2/27/2018 22:00,-0.77,0.165
2/27/2018 23:00,-0.766,0.165
2/28/2018 0:00,-0.781,0.164
2/28/2018 1:00,-0.773,0.166
2/28/2018 2:00,-0.768,0.166
2/28/2018 3:00,-0.771,0.164
2/28/2018 4:00,-0.77,0.165
2/28/2018 5:00,-0.768,0.163
2/28/2018 6:00,-0.768,0.161
2/28/2018 7:00,-0.767,0.165
2/28/2018 8:00,-0.766,0.163
2/28/2018 9:00,-0.77,0.159
2/28/2018 10:00,-0.772,0.162
2/28/2018 11:00,-0.77,0.162
2/28/2018 12:00,-0.766,0.164
2/28/2018 13:00,-0.769,0.165
2/28/2018 14:00,-0.767,0.166
2/28/2018 15:00,-0.765,0.168
2/28/2018 16:00,-0.769,0.167
2/28/2018 17:00,-0.761,0.167
2/28/2018 18:00,-0.764,0.167
2/28/2018 19:00,-0.77,0.167
2/28/2018 20:00,-0.767,0.17
2/28/2018 21:00,-0.765,0.168
2/28/2018 22:00,-0.765,0.167
2/28/2018 23:00,-0.765,0.167
3/1/2018 0:00,  ,
3/1/2018 1:00,  ,0.166
3/1/2018 2:00,  ,0.166
3/1/2018 3:00,-0.767,0.165
3/1/2018 4:00,-0.765,0.164
3/1/2018 5:00,-0.767,0.162
3/1/2018 6:00,-0.77,0.162
3/1/2018 7:00,-0.768,
3/1/2018 8:00,-0.767,0.163
3/1/2018 9:00,-0.768,0.164
3/1/2018 10:00,-0.772,0.2
3/1/2018 11:00,-0.766,0.167
3/1/2018 12:00,-0.77,0.165
3/1/2018 13:00,-0.768,0.164
3/1/2018 14:00,-0.764,0.164
3/1/2018 15:00,-0.764,0.165
3/1/2018 16:00,-0.766,0.165
3/1/2018 17:00,-0.764,0.167
3/1/2018 18:00,-0.765,0.166
3/1/2018 19:00,-0.763,0.165
3/1/2018 20:00,-0.764,0.166
3/1/2018 21:00,-0.763,0.164
3/1/2018 22:00,-0.762,0.164
3/1/2018 23:00,-0.764,
3/2/2018 0:00,-0.769,0.164
3/2/2018 1:00,-0.766,0.163
3/2/2018 2:00,-0.767,0.165
3/2/2018 3:00,-0.768,0.163
3/2/2018 4:00,-0.764,0.164
3/2/2018 5:00,-0.77,0.161
3/2/2018 6:00,-0.771,0.162
3/2/2018 7:00,-0.769,0.162
3/2/2018 8:00,-0.775,0.163
3/2/2018 9:00,-0.772,0.163
3/2/2018 10:00,-0.772,0.162
3/2/2018 11:00,-0.778,0.158
3/2/2018 12:00,-0.774,0.159
3/2/2018 13:00,-0.773,0.16
3/2/2018 14:00,-0.775,0.157
3/2/2018 15:00,-0.768,0.157
3/2/2018 16:00,-0.777,0.16
3/2/2018 17:00,-0.777,0.159
3/2/2018 18:00,-0.769,0.16
3/2/2018 19:00,-0.767,0.158
3/2/2018 20:00,-0.776,0.274
3/2/2018 21:00,-0.765,0.2
3/2/2018 22:00,-0.771,
3/2/2018 23:00,-0.759,
3/3/2018 0:00,-0.754,0.173
3/3/2018 1:00,-0.768,0.202
3/3/2018 2:00,-0.768,0.167
3/3/2018 3:00,-0.768,0.163
3/3/2018 4:00,-0.769,0.16
3/3/2018 5:00,-0.765,0.219
3/3/2018 6:00,-0.768,0.178
3/3/2018 7:00,-0.772,0.169
3/3/2018 8:00,-0.776,0.242
3/3/2018 9:00,-0.77,0.177
3/3/2018 10:00,-0.767,0.163
3/3/2018 11:00,-0.774,0.212
3/3/2018 12:00,-0.77,0.179
3/3/2018 13:00,-0.768,0.226
3/3/2018 14:00,-0.773,0.171
3/3/2018 15:00,  ,0.167
3/3/2018 16:00,-0.772,0.162
3/3/2018 17:00,-0.768,0.162
3/3/2018 18:00,-0.769,0.162
3/3/2018 19:00,-0.768,0.163
3/3/2018 20:00,-0.769,0.163
3/3/2018 21:00,-0.777,0.162
3/3/2018 22:00,-0.771,0.161
3/3/2018 23:00,-0.769,0.162
3/4/2018 0:00,-0.772,0.236
3/4/2018 1:00,-0.774,0.16
3/4/2018 2:00,-0.771,0.162
3/4/2018 3:00,-0.77,0.161
3/4/2018 4:00,-0.778,0.166
3/4/2018 5:00,-0.767,0.156
3/4/2018 6:00,-0.775,0.161
3/4/2018 7:00,-0.766,0.16
3/4/2018 8:00,-0.77,0.162
3/4/2018 9:00,-0.776,0.159
3/4/2018 10:00,-0.765,0.162
3/4/2018 11:00,-0.768,0.164
3/4/2018 12:00,-0.768,0.238
3/4/2018 13:00,-0.765,0.261
3/4/2018 14:00,-0.745,0.229
3/4/2018 15:00,-0.761,0.221
3/4/2018 16:00,-0.712,0.214
3/4/2018 17:00,-0.723,0.216
3/4/2018 18:00,-0.724,0.216
3/4/2018 19:00,-0.722,0.216
3/4/2018 20:00,  ,
3/4/2018 21:00,-0.722,0.215
3/4/2018 22:00,-0.723,0.215
3/4/2018 23:00,  ,
3/5/2018 0:00,-0.723,0.215
3/5/2018 1:00,-0.723,0.215
3/5/2018 2:00,-0.721,0.215
3/5/2018 3:00,-0.725,0.215
3/5/2018 4:00,-0.724,0.215
3/5/2018 5:00,-0.724,0.215
3/5/2018 6:00,-0.726,0.216
3/5/2018 7:00,-0.728,0.216
3/5/2018 8:00,-0.735,0.215
3/5/2018 9:00,-0.732,0.215
3/5/2018 10:00,-0.737,0.215
3/5/2018 11:00,-0.744,0.218
3/5/2018 12:00,-0.983,0.215
3/5/2018 13:00,-0.717,0.216
3/5/2018 14:00,-0.961,0.215
3/5/2018 15:00,-0.728,0.215
3/5/2018 16:00,-0.726,0.216
3/5/2018 17:00,-0.729,0.216
3/5/2018 18:00,-0.729,0.217
3/5/2018 19:00,-0.728,0.217
3/5/2018 20:00,-0.73,0.215
3/5/2018 21:00,-0.732,0.216
3/5/2018 22:00,-0.73,0.215
3/5/2018 23:00,-0.733,0.215
3/6/2018 0:00,-0.101,0.213
3/6/2018 1:00,-0.732,0.215
3/6/2018 2:00,-0.731,0.214
3/6/2018 3:00,-0.105,0.214
3/6/2018 4:00,-0.73,0.213
3/6/2018 5:00,-0.729,0.211
3/6/2018 6:00,-0.729,0.212
3/6/2018 7:00,-0.729,0.212
3/6/2018 8:00,-0.733,0.205
3/6/2018 9:00,-0.732,0.213
3/6/2018 10:00,-0.731,0.207
3/6/2018 11:00,  ,0.209
3/6/2018 12:00,-0.73,
3/6/2018 13:00,-0.73,0.213
3/6/2018 14:00,-0.732,0.211
3/6/2018 15:00,-0.738,0.214
3/6/2018 16:00,-0.743,0.217
3/6/2018 17:00,-0.742,0.212
3/6/2018 18:00,-0.745,0.214
3/6/2018 19:00,-0.744,0.212
3/6/2018 20:00,  ,0.209
3/6/2018 21:00,-0.765,0.2
3/6/2018 22:00,-0.756,0.203
3/6/2018 23:00,  ,0.196
3/7/2018 0:00,-0.767,0.208
3/7/2018 1:00,-0.763,0.209
3/7/2018 2:00,-0.766,0.229
3/7/2018 3:00,-0.77,0.188
3/7/2018 4:00,-0.769,0.183
3/7/2018 5:00,-0.768,0.174
3/7/2018 6:00,-0.769,0.165
3/7/2018 7:00,-0.768,0.175
3/7/2018 8:00,-0.768,0.173
3/7/2018 9:00,-0.769,0.162
3/7/2018 10:00,-0.776,0.166
3/7/2018 11:00,-0.768,0.183
3/7/2018 12:00,-0.768,0.181
3/7/2018 13:00,-0.768,0.166
3/7/2018 14:00,-0.766,0.173
3/7/2018 15:00,-0.765,0.161
3/7/2018 16:00,-0.766,0.174
3/7/2018 17:00,-0.764,0.162
3/7/2018 18:00,-0.764,0.158
3/7/2018 19:00,-0.765,0.155
3/7/2018 20:00,  ,
3/7/2018 21:00,-0.77,0.156
3/7/2018 22:00,-0.769,0.158
3/7/2018 23:00,-0.769,0.159
3/8/2018 0:00,-0.766,0.157
3/8/2018 1:00,-0.767,0.242
3/8/2018 2:00,-0.766,0.162
3/8/2018 3:00,-0.767,0.155
3/8/2018 4:00,-0.764,0.159
3/8/2018 5:00,-0.768,0.153
3/8/2018 6:00,-0.782,0.15
3/8/2018 7:00,-0.782,0.148
3/8/2018 8:00,-0.782,0.151
3/8/2018 9:00,-0.801,0.158
3/8/2018 10:00,-0.809,0.18
3/8/2018 11:00,-0.811,0.151
3/8/2018 12:00,-0.786,0.222
3/8/2018 13:00,-0.8,0.278
3/8/2018 14:00,-0.798,0.152
3/8/2018 15:00,-0.809,0.155
3/8/2018 16:00,-0.794,0.152
3/8/2018 17:00,-0.808,0.151
3/8/2018 18:00,-0.804,0.154
3/8/2018 19:00,-0.806,0.152
3/8/2018 20:00,-0.8,0.15
3/8/2018 21:00,-0.801,0.154
3/8/2018 22:00,-0.795,0.153
3/8/2018 23:00,-0.796,0.155
3/9/2018 0:00,-0.805,0.152
3/9/2018 1:00,-0.808,0.157
3/9/2018 2:00,-0.806,0.158
3/9/2018 3:00,-0.797,0.155
3/9/2018 4:00,-0.798,0.152
3/9/2018 5:00,-0.795,0.153
3/9/2018 6:00,-0.799,0.151
3/9/2018 7:00,-0.803,0.155
3/9/2018 8:00,-0.798,0.153
3/9/2018 9:00,-0.802,0.151
3/9/2018 10:00,-0.799,0.152
3/9/2018 11:00,-0.805,0.154
3/9/2018 12:00,-0.797,0.155
3/9/2018 13:00,-0.796,0.155
3/9/2018 14:00,-0.807,0.157
3/9/2018 15:00,-0.806,0.239
3/9/2018 16:00,-0.79,0.158
3/9/2018 17:00,-0.795,0.155
3/9/2018 18:00,-0.799,0.244
3/9/2018 19:00,-0.795,0.186
3/9/2018 20:00,-0.785,0.256
3/9/2018 21:00,-0.797,0.156
3/9/2018 22:00,-0.804,0.156
3/9/2018 23:00,-0.803,0.159
3/10/2018 0:00,-0.096,0.154
3/10/2018 1:00,-0.801,0.152
3/10/2018 2:00,-0.807,0.152
3/10/2018 3:00,-0.8,0.152
3/10/2018 4:00,-0.808,
3/10/2018 5:00,  ,0.15
3/10/2018 6:00,-0.8,0.148
3/10/2018 7:00,-0.803,0.19
3/10/2018 8:00,-0.815,0.294
3/10/2018 9:00,-0.093,0.264
3/10/2018 10:00,-0.8,0.162
3/10/2018 11:00,-0.812,0.146
3/10/2018 12:00,-0.812,0.148
3/10/2018 13:00,-0.809,0.149
3/10/2018 14:00,-0.806,0.154
3/10/2018 15:00,-0.81,0.154
3/10/2018 16:00,-0.797,0.154
3/10/2018 17:00,-0.805,0.193
3/10/2018 18:00,-0.8,0.165
3/10/2018 19:00,-0.813,0.246
3/10/2018 20:00,-0.8,0.195
3/10/2018 21:00,-0.81,0.206
3/10/2018 22:00,  ,0.221
3/10/2018 23:00,-0.806,0.175
3/11/2018 0:00,-0.818,0.194
3/11/2018 1:00,-0.811,0.173
3/11/2018 2:00,-0.8,0.222
3/11/2018 3:00,-0.807,0.201
3/11/2018 4:00,-0.805,0.22
3/11/2018 5:00,-0.796,0.254
3/11/2018 6:00,-0.815,0.259
3/11/2018 7:00,-0.812,0.235
3/11/2018 8:00,-0.82,0.327
3/11/2018 9:00,-0.799,0.22
3/11/2018 10:00,-0.804,0.276
3/11/2018 11:00,-0.809,0.235
3/11/2018 12:00,-0.808,0.227
3/11/2018 13:00,-0.796,0.207
3/11/2018 14:00,-0.806,0.186
3/11/2018 15:00,-0.803,0.23
3/11/2018 16:00,-0.8,0.18
3/11/2018 17:00,-0.801,0.196
3/11/2018 18:00,-0.794,0.178
3/11/2018 19:00,-0.791,0.23
3/11/2018 20:00,-0.807,0.29
3/11/2018 21:00,-0.798,0.233
3/11/2018 22:00,-0.791,
3/11/2018 23:00,-0.803,0.325
3/12/2018 0:00,-0.807,0.25
3/12/2018 1:00,-0.801,0.208
3/12/2018 2:00,-0.797,0.2
3/12/2018 3:00,-0.813,0.184
3/12/2018 4:00,-0.811,0.221
3/12/2018 5:00,-0.812,0.21
3/12/2018 6:00,-0.811,0.283
3/12/2018 7:00,-0.798,0.236
3/12/2018 8:00,-0.807,0.167
3/12/2018 9:00,-0.802,0.153
3/12/2018 10:00,-0.81,0.152
3/12/2018 11:00,-0.804,0.238
3/12/2018 12:00,-0.808,0.203
3/12/2018 13:00,-0.808,0.152
3/12/2018 14:00,-0.812,0.155
3/12/2018 15:00,-0.807,0.22
3/12/2018 16:00,-0.805,0.157
3/12/2018 17:00,-0.807,0.155
3/12/2018 18:00,-0.807,0.182
3/12/2018 19:00,-0.811,0.155
3/12/2018 20:00,-0.811,0.159
3/12/2018 21:00,-0.808,0.158
3/12/2018 22:00,-0.811,0.153
3/12/2018 23:00,-0.807,0.156
3/13/2018 0:00,-0.806,0.157
3/13/2018 1:00,-0.809,0.155
3/13/2018 2:00,-0.808,0.278
3/13/2018 3:00,-0.807,0.243
3/13/2018 4:00,  ,
3/13/2018 5:00,-0.806,0.252
3/13/2018 6:00,-0.804,0.23
3/13/2018 7:00,-0.804,0.191
3/13/2018 8:00,-0.809,0.172
3/13/2018 9:00,-0.806,0.278
3/13/2018 10:00,-0.807,0.209
3/13/2018 11:00,-0.804,0.175
3/13/2018 12:00,-0.807,0.175
3/13/2018 13:00,-0.802,0.169
3/13/2018 14:00,-0.806,0.171
3/13/2018 15:00,-0.795,0.17
3/13/2018 16:00,-0.803,0.172
3/13/2018 17:00,-0.798,
3/13/2018 18:00,-0.795,0.172
3/13/2018 19:00,-0.797,0.169
3/13/2018 20:00,-0.795,0.17
3/13/2018 21:00,-0.8,0.169
3/13/2018 22:00,-0.802,0.167
3/13/2018 23:00,-0.805,0.17
3/14/2018 0:00,-0.799,0.168
3/14/2018 1:00,-0.805,0.241
3/14/2018 2:00,-0.808,0.172
3/14/2018 3:00,-0.806,0.169
3/14/2018 4:00,-0.801,0.17
3/14/2018 5:00,-0.805,0.162
3/14/2018 6:00,-0.803,0.167
3/14/2018 7:00,-0.803,0.164
3/14/2018 8:00,-0.796,0.166
3/14/2018 9:00,-0.8,0.164
3/14/2018 10:00,-0.801,0.164
3/14/2018 11:00,-0.799,0.166
3/14/2018 12:00,-0.798,0.168
3/14/2018 13:00,-0.801,0.168
3/14/2018 14:00,-0.8,0.249
3/14/2018 15:00,-0.803,0.171
3/14/2018 16:00,-0.8,0.168
3/14/2018 17:00,-0.8,0.166
3/14/2018 18:00,-0.801,0.166
3/14/2018 19:00,-0.804,0.16
3/14/2018 20:00,-0.806,0.164
3/14/2018 21:00,-0.805,0.161
3/14/2018 22:00,  ,0.159
3/14/2018 23:00,-0.809,0.156
3/15/2018 0:00,-0.81,0.157
3/15/2018 1:00,-0.808,0.156
3/15/2018 2:00,-0.807,0.15
3/15/2018 3:00,-0.819,0.157
3/15/2018 4:00,-0.811,0.151
3/15/2018 5:00,-0.809,0.149
3/15/2018 6:00,-0.823,0.149
3/15/2018 7:00,-0.819,0.148
3/15/2018 8:00,-0.83,0.15
3/15/2018 9:00,-0.811,0.145
3/15/2018 10:00,-0.81,0.152
3/15/2018 11:00,-0.818,0.146
3/15/2018 12:00,-0.816,0.15
3/15/2018 13:00,-0.807,0.147
3/15/2018 14:00,-0.818,0.153
3/15/2018 15:00,-0.799,0.381
3/15/2018 16:00,-0.802,0.351
3/15/2018 17:00,-0.803,0.274
3/15/2018 18:00,-0.796,0.267
3/15/2018 19:00,-0.802,0.265
3/15/2018 20:00,-0.802,0.288
3/15/2018 21:00,-0.802,0.258
3/15/2018 22:00,-0.794,0.258
3/15/2018 23:00,-0.797,0.256
3/16/2018 0:00,-0.803,0.254
3/16/2018 1:00,-0.813,0.25
3/16/2018 2:00,-0.806,0.248
3/16/2018 3:00,-0.813,0.244
3/16/2018 4:00,-0.808,0.242
3/16/2018 5:00,-0.102,0.245
3/16/2018 6:00,-0.807,0.249
3/16/2018 7:00,-0.093,0.242
3/16/2018 8:00,-0.805,0.245
3/16/2018 9:00,-0.811,0.242
3/16/2018 10:00,-0.811,0.244
3/16/2018 11:00,-0.802,
3/16/2018 12:00,-0.091,0.243
3/16/2018 13:00,-0.808,0.241
3/16/2018 14:00,-0.808,0.243
3/16/2018 15:00,-0.805,0.245
3/16/2018 16:00,-0.806,0.245
3/16/2018 17:00,-0.804,0.252
3/16/2018 18:00,-0.807,0.246
3/16/2018 19:00,-0.808,0.247
3/16/2018 20:00,-0.809,0.245
3/16/2018 21:00,-0.792,0.248
3/16/2018 22:00,-0.805,0.249
3/16/2018 23:00,-0.798,0.246
3/17/2018 0:00,-0.804,0.246
3/17/2018 1:00,-0.797,0.244
3/17/2018 2:00,-0.804,0.245
3/17/2018 3:00,-0.8,0.244
3/17/2018 4:00,-0.803,0.248
3/17/2018 5:00,-0.796,0.251
3/17/2018 6:00,-0.8,0.25
3/17/2018 7:00,-0.781,0.251
3/17/2018 8:00,-0.683,0.249
3/17/2018 9:00,-0.663,0.249
3/17/2018 10:00,-0.64,
3/17/2018 11:00,-0.635,0.254
3/17/2018 12:00,-0.634,0.254
3/17/2018 13:00,-0.634,0.255
3/17/2018 14:00,  ,0.254
3/17/2018 15:00,-0.674,0.251
3/17/2018 16:00,  ,0.255
3/17/2018 17:00,-0.702,0.255
3/17/2018 18:00,  ,0.256
3/17/2018 19:00,-0.802,0.257
3/17/2018 20:00,  ,0.255
3/17/2018 21:00,-0.8,0.256
3/17/2018 22:00,-0.788,0.255
3/17/2018 23:00,-0.796,0.258
3/18/2018 0:00,-0.78,0.257
3/18/2018 1:00,-0.8,
3/18/2018 2:00,-0.78,0.263
3/18/2018 3:00,-0.782,0.256
3/18/2018 4:00,-0.782,0.254
3/18/2018 5:00,-0.797,0.252
3/18/2018 6:00,-0.795,0.252
3/18/2018 7:00,-0.798,0.251
3/18/2018 8:00,-0.798,0.252
3/18/2018 9:00,-0.8,0.253
3/18/2018 10:00,-0.803,0.251
3/18/2018 11:00,  ,0.251
3/18/2018 12:00,-0.801,0.252
3/18/2018 13:00,-0.801,0.251
3/18/2018 14:00,-0.8,0.252
3/18/2018 15:00,-0.8,0.25
3/18/2018 16:00,-0.803,0.251
3/18/2018 17:00,-0.799,0.253
3/18/2018 18:00,-0.801,0.248
3/18/2018 19:00,-0.803,0.248
3/18/2018 20:00,-0.807,0.249
3/18/2018 21:00,-0.802,0.25
3/18/2018 22:00,-0.801,0.249
3/18/2018 23:00,-0.804,0.245
3/19/2018 0:00,-0.811,0.246
3/19/2018 1:00,-0.097,0.243
3/19/2018 2:00,-0.802,0.24
3/19/2018 3:00,-0.811,0.246
3/19/2018 4:00,-0.81,0.252
3/19/2018 5:00,-0.805,0.239
3/19/2018 6:00,-0.807,0.237
3/19/2018 7:00,-0.106,0.23
3/19/2018 8:00,-0.809,0.23
3/19/2018 9:00,-0.806,0.236
3/19/2018 10:00,-0.806,0.232
3/19/2018 11:00,-0.81,
3/19/2018 12:00,-0.816,0.24
3/19/2018 13:00,-0.813,0.236
3/19/2018 14:00,-0.807,0.24
3/19/2018 15:00,-0.805,0.244
3/19/2018 16:00,-0.813,0.241
3/19/2018 17:00,-0.809,0.241
3/19/2018 18:00,-0.808,0.243
3/19/2018 19:00,-0.805,0.242
3/19/2018 20:00,-0.818,0.24
3/19/2018 21:00,-0.812,0.236
3/19/2018 22:00,-0.811,0.243
3/19/2018 23:00,-0.093,0.236
3/20/2018 0:00,-0.809,0.236
3/20/2018 1:00,-0.807,0.236
3/20/2018 2:00,-0.808,0.235
3/20/2018 3:00,-0.807,0.24
3/20/2018 4:00,-0.808,0.238
3/20/2018 5:00,-0.807,0.239
3/20/2018 6:00,-0.803,0.232
3/20/2018 7:00,-0.807,0.228
3/20/2018 8:00,-0.088,0.233
3/20/2018 9:00,-0.809,0.232
3/20/2018 10:00,-0.812,0.242
3/20/2018 11:00,-0.811,0.231
3/20/2018 12:00,-0.809,0.238
3/20/2018 13:00,-0.804,0.241
3/20/2018 14:00,-0.809,0.241
3/20/2018 15:00,-0.805,0.244
3/20/2018 16:00,-0.809,0.243
3/20/2018 17:00,-0.81,0.25
3/20/2018 18:00,  ,0.247
3/20/2018 19:00,-0.812,0.25
3/20/2018 20:00,-0.813,0.248
3/20/2018 21:00,-0.806,0.243
3/20/2018 22:00,-0.812,0.243
3/20/2018 23:00,-0.816,0.245
3/21/2018 0:00,-0.813,0.241
3/21/2018 1:00,-0.085,0.238
3/21/2018 2:00,-0.82,0.233
3/21/2018 3:00,-0.814,0.241
3/21/2018 4:00,-0.814,0.238
3/21/2018 5:00,-0.81,0.239
3/21/2018 6:00,-0.817,0.246
3/21/2018 7:00,-0.82,
3/21/2018 8:00,-0.822,0.237
3/21/2018 9:00,-0.822,0.239
3/21/2018 10:00,-0.817,0.244
3/21/2018 11:00,  ,
3/21/2018 12:00,-0.816,0.244
3/21/2018 13:00,-0.82,0.247
3/21/2018 14:00,-0.816,0.246
3/21/2018 15:00,-0.821,0.238
3/21/2018 16:00,-0.815,0.242
3/21/2018 17:00,-0.812,0.245
3/21/2018 18:00,-0.81,0.242
3/21/2018 19:00,-0.822,0.242
3/21/2018 20:00,-0.818,0.235
3/21/2018 21:00,-0.816,0.241
3/21/2018 22:00,-0.821,0.233
3/21/2018 23:00,-0.83,0.24
3/22/2018 0:00,-0.818,0.233
3/22/2018 1:00,-0.82,0.235
3/22/2018 2:00,-0.808,0.229
3/22/2018 3:00,-0.804,0.233
3/22/2018 4:00,-0.818,0.233
3/22/2018 5:00,-0.813,0.226
3/22/2018 6:00,-0.803,0.225
3/22/2018 7:00,-0.809,
3/22/2018 8:00,  ,0.224
3/22/2018 9:00,-0.809,0.228
3/22/2018 10:00,-0.811,0.228
3/22/2018 11:00,-0.811,0.225
3/22/2018 12:00,-0.818,0.23
3/22/2018 13:00,-0.803,0.226
3/22/2018 14:00,-0.808,0.242
3/22/2018 15:00,-0.806,0.231
3/22/2018 16:00,-0.809,0.225
3/22/2018 17:00,-0.804,0.235
3/22/2018 18:00,-0.094,0.223
3/22/2018 19:00,-0.811,0.231
3/22/2018 20:00,-0.804,0.237
3/22/2018 21:00,-0.092,0.237
3/22/2018 22:00,-0.821,0.234
3/22/2018 23:00,-0.811,0.228
3/23/2018 0:00,-0.817,0.225
3/23/2018 1:00,-0.812,0.238
3/23/2018 2:00,-0.822,0.23
3/23/2018 3:00,-0.805,0.227
3/23/2018 4:00,-0.817,0.228
3/23/2018 5:00,-0.812,0.23
3/23/2018 6:00,-0.809,0.228
3/23/2018 7:00,-0.82,0.23
3/23/2018 8:00,-0.816,0.232
3/23/2018 9:00,-0.807,0.232
3/23/2018 10:00,-0.809,0.235
3/23/2018 11:00,-0.811,0.237
3/23/2018 12:00,-0.802,0.237
3/23/2018 13:00,-0.813,0.236
3/23/2018 14:00,-0.818,0.236
3/23/2018 15:00,-0.797,0.237
3/23/2018 16:00,-0.094,0.231
3/23/2018 17:00,-0.09,0.236
3/23/2018 18:00,-0.83,0.233
3/23/2018 19:00,-0.823,0.23
3/23/2018 20:00,-0.836,0.23
3/23/2018 21:00,-0.809,0.23
3/23/2018 22:00,  ,0.227
3/23/2018 23:00,-0.827,0.231
3/24/2018 0:00,-0.827,0.225
3/24/2018 1:00,  ,0.226
3/24/2018 2:00,-0.098,0.232
3/24/2018 3:00,-0.837,0.232
3/24/2018 4:00,-0.09,0.235
3/24/2018 5:00,  ,0.234
3/24/2018 6:00,-0.84,0.232
3/24/2018 7:00,-0.852,0.237
3/24/2018 8:00,-0.835,0.234
3/24/2018 9:00,-0.821,0.233
3/24/2018 10:00,-0.833,0.237
3/24/2018 11:00,  ,
3/24/2018 12:00,-0.831,0.246
3/24/2018 13:00,-0.829,0.248
3/24/2018 14:00,-0.822,0.246
3/24/2018 15:00,-0.819,0.248
3/24/2018 16:00,-0.822,0.25
3/24/2018 17:00,-0.822,0.247
3/24/2018 18:00,-0.82,0.247
3/24/2018 19:00,-0.825,0.246
3/24/2018 20:00,-0.816,0.247
3/24/2018 21:00,-0.826,0.248
3/24/2018 22:00,-0.822,0.249
3/24/2018 23:00,-0.821,0.249
3/25/2018 0:00,-0.822,0.25
3/25/2018 1:00,-0.83,0.25
3/25/2018 2:00,-0.825,
3/25/2018 3:00,-0.821,0.252
3/25/2018 4:00,-0.82,0.253
3/25/2018 5:00,-0.815,0.251
3/25/2018 6:00,-0.815,0.249
3/25/2018 7:00,-0.815,0.248
3/25/2018 8:00,-0.814,0.249
3/25/2018 9:00,-0.813,0.25
3/25/2018 10:00,-0.815,0.253
3/25/2018 11:00,-0.818,0.253
3/25/2018 12:00,-0.815,0.253
3/25/2018 13:00,-0.814,0.252
3/25/2018 14:00,-0.815,0.253
3/25/2018 15:00,-0.813,0.254
3/25/2018 16:00,-0.812,0.255
3/25/2018 17:00,-0.813,0.254
3/25/2018 18:00,-0.811,0.253
3/25/2018 19:00,-0.811,0.255
3/25/2018 20:00,-0.815,0.255
3/25/2018 21:00,-0.811,0.256
3/25/2018 22:00,-0.811,0.254
3/25/2018 23:00,-0.813,0.256
3/26/2018 0:00,-0.811,0.255
3/26/2018 1:00,-0.813,0.255
3/26/2018 2:00,-0.813,0.255
3/26/2018 3:00,-0.813,0.255
3/26/2018 4:00,-0.814,0.254
3/26/2018 5:00,-0.813,0.253
3/26/2018 6:00,-0.813,0.252
3/26/2018 7:00,-0.814,0.252
3/26/2018 8:00,-0.815,0.25
3/26/2018 9:00,-0.814,0.248
3/26/2018 10:00,-0.817,0.248
3/26/2018 11:00,-0.817,0.248
3/26/2018 12:00,-0.817,0.25
3/26/2018 13:00,-0.819,0.249
3/26/2018 14:00,-0.817,0.244
3/26/2018 15:00,-0.816,0.245
3/26/2018 16:00,-0.821,0.246
3/26/2018 17:00,-0.816,0.246
3/26/2018 18:00,  ,0.244
3/26/2018 19:00,-0.823,0.245
3/26/2018 20:00,-0.823,0.247
3/26/2018 21:00,-0.821,0.245
3/26/2018 22:00,-0.826,0.245
3/26/2018 23:00,-0.82,0.252
3/27/2018 0:00,-0.82,0.247
3/27/2018 1:00,  ,0.248
3/27/2018 2:00,-0.825,0.253
3/27/2018 3:00,-0.818,0.251
3/27/2018 4:00,  ,0.251
3/27/2018 5:00,-0.818,0.252
3/27/2018 6:00,  ,0.249
3/27/2018 7:00,-0.821,0.249
3/27/2018 8:00,-0.815,0.249
3/27/2018 9:00,-0.823,0.249
3/27/2018 10:00,-0.823,0.247
3/27/2018 11:00,-0.82,
3/27/2018 12:00,  ,
3/27/2018 13:00,  ,
3/27/2018 14:00,  ,
3/27/2018 15:00,  ,
3/27/2018 16:00,  ,
3/27/2018 17:00,  ,
3/27/2018 18:00,  ,
3/27/2018 19:00,  ,
3/27/2018 20:00,  ,
3/27/2018 21:00,  ,
3/27/2018 22:00,  ,
3/27/2018 23:00,  ,
3/28/2018 0:00,  ,
3/28/2018 1:00,  ,
3/28/2018 2:00,  ,
3/28/2018 3:00,  ,
3/28/2018 4:00,  ,
3/28/2018 5:00,  ,
3/28/2018 6:00,  ,0.241
3/28/2018 7:00,-0.851,0.241
3/28/2018 8:00,-0.849,0.244
3/28/2018 9:00,-0.845,0.244
3/28/2018 10:00,-0.85,0.245
3/28/2018 11:00,-0.844,0.241
3/28/2018 12:00,-0.838,0.243
3/28/2018 13:00,-0.844,0.244
3/28/2018 14:00,-0.838,0.245
3/28/2018 15:00,-0.842,0.245
3/28/2018 16:00,-0.847,0.244
3/28/2018 17:00,-0.848,0.244
3/28/2018 18:00,-0.847,0.244
3/28/2018 19:00,-0.845,0.245
3/28/2018 20:00,  ,0.239
3/28/2018 21:00,-0.848,0.243
3/28/2018 22:00,  ,0.244
3/28/2018 23:00,-0.847,0.247
3/29/2018 0:00,-0.845,0.245
3/29/2018 1:00,-0.85,
3/29/2018 2:00,-0.853,0.242
3/29/2018 3:00,-0.85,0.247
3/29/2018 4:00,-0.85,0.245
3/29/2018 5:00,-0.853,0.242
3/29/2018 6:00,-0.856,0.248
3/29/2018 7:00,-0.849,0.246
3/29/2018 8:00,-0.853,0.246
3/29/2018 9:00,-0.85,0.244
3/29/2018 10:00,-0.85,0.247
3/29/2018 11:00,-0.847,0.247
3/29/2018 12:00,-0.844,0.247
3/29/2018 13:00,  ,0.248
3/29/2018 14:00,-0.853,0.248
3/29/2018 15:00,-0.853,0.249
3/29/2018 16:00,-0.855,0.248
3/29/2018 17:00,-0.856,0.243
3/29/2018 18:00,-0.858,0.24
3/29/2018 19:00,-0.856,0.238
3/29/2018 20:00,-0.855,0.235
3/29/2018 21:00,-0.86,0.236
3/29/2018 22:00,-0.089,0.24
3/29/2018 23:00,-0.86,0.24
3/30/2018 0:00,-0.86,0.233
3/30/2018 1:00,  ,0.233
3/30/2018 2:00,-0.861,0.225
3/30/2018 3:00,-0.099,0.234
3/30/2018 4:00,-0.859,0.229
3/30/2018 5:00,-0.863,0.231
3/30/2018 6:00,-0.088,0.229
3/30/2018 7:00,-0.085,0.229
3/30/2018 8:00,-0.087,0.228
3/30/2018 9:00,-0.879,0.227
3/30/2018 10:00,-0.091,0.228
3/30/2018 11:00,-0.875,0.224
3/30/2018 12:00,-0.863,
3/30/2018 13:00,  ,0.234
3/30/2018 14:00,-0.862,0.238
3/30/2018 15:00,-0.861,0.228
3/30/2018 16:00,-0.856,0.227
3/30/2018 17:00,-0.857,0.233
3/30/2018 18:00,-0.858,0.237
3/30/2018 19:00,-0.855,0.231
3/30/2018 20:00,-0.859,0.238
3/30/2018 21:00,-0.863,0.237
3/30/2018 22:00,-0.854,0.234
3/30/2018 23:00,-0.855,0.228
3/31/2018 0:00,-0.856,0.234
3/31/2018 1:00,-0.853,0.24
3/31/2018 2:00,-0.861,0.247
3/31/2018 3:00,-0.851,0.24
3/31/2018 4:00,-0.851,0.239
3/31/2018 5:00,-0.85,0.245
3/31/2018 6:00,-0.854,0.239
3/31/2018 7:00,-0.853,0.247
3/31/2018 8:00,-0.853,0.248
3/31/2018 9:00,-0.852,0.251
3/31/2018 10:00,-0.852,
3/31/2018 11:00,-0.851,0.25
3/31/2018 12:00,  ,0.253
3/31/2018 13:00,-0.853,0.248
3/31/2018 14:00,-0.853,0.248
3/31/2018 15:00,-0.85,0.247
3/31/2018 16:00,-0.853,0.246
3/31/2018 17:00,-0.851,0.248
3/31/2018 18:00,-0.852,0.248
3/31/2018 19:00,-0.851,0.248
3/31/2018 20:00,-0.851,0.244
3/31/2018 21:00,-0.854,0.246
3/31/2018 22:00,-0.854,
3/31/2018 23:00,-0.858,0.242
4/1/2018 0:00,  ,
4/1/2018 1:00,  ,0.239
4/1/2018 2:00,-0.859,0.24
4/1/2018 3:00,-0.857,0.242
4/1/2018 4:00,-0.855,0.242
4/1/2018 5:00,-0.86,0.233
4/1/2018 6:00,-0.85,0.237
4/1/2018 7:00,-0.851,0.244
4/1/2018 8:00,-0.849,0.246
4/1/2018 9:00,-0.851,0.245
4/1/2018 10:00,-0.855,0.243
4/1/2018 11:00,-0.853,0.242
4/1/2018 12:00,-0.852,0.245
4/1/2018 13:00,-0.854,0.242
4/1/2018 14:00,-0.851,0.243
4/1/2018 15:00,-0.76,0.257
4/1/2018 16:00,-0.771,0.276
4/1/2018 17:00,-0.762,0.244
4/1/2018 18:00,  ,0.234
4/1/2018 19:00,-0.856,0.231
4/1/2018 20:00,-0.86,0.237
4/1/2018 21:00,  ,0.227
4/1/2018 22:00,-0.857,0.236
4/1/2018 23:00,-0.859,0.225
4/2/2018 0:00,  ,
4/2/2018 1:00,  ,0.25
4/2/2018 2:00,-0.844,0.356
4/2/2018 3:00,-0.864,
4/2/2018 4:00,-0.861,0.267
4/2/2018 5:00,-0.862,0.25
4/2/2018 6:00,-0.868,0.302
4/2/2018 7:00,-0.805,0.383
4/2/2018 8:00,-0.091,0.336
4/2/2018 9:00,-0.631,0.381
4/2/2018 10:00,-0.618,0.412
4/2/2018 11:00,-0.592,0.364
4/2/2018 12:00,-0.662,0.362
4/2/2018 13:00,-0.664,0.366
4/2/2018 14:00,-0.667,0.364
4/2/2018 15:00,-0.685,0.36
4/2/2018 16:00,-0.673,0.359
4/2/2018 17:00,-0.699,0.376
4/2/2018 18:00,-0.645,0.361
4/2/2018 19:00,-0.721,0.36
4/2/2018 20:00,-0.776,0.358
4/2/2018 21:00,-0.754,0.352
4/2/2018 22:00,-0.809,0.358
4/2/2018 23:00,-0.792,0.354
4/3/2018 0:00,  ,
4/3/2018 1:00,  ,0.372
4/3/2018 2:00,-0.798,0.318
4/3/2018 3:00,-0.804,0.324
4/3/2018 4:00,-0.801,0.284
4/3/2018 5:00,-0.717,0.287
4/3/2018 6:00,-0.871,0.287
4/3/2018 7:00,-0.843,0.324
4/3/2018 8:00,-0.668,0.376
4/3/2018 9:00,-0.742,0.346
4/3/2018 10:00,-0.085,0.287
4/3/2018 11:00,-0.778,0.251
4/3/2018 12:00,-0.749,0.292
4/3/2018 13:00,-0.717,0.306
4/3/2018 14:00,-0.705,0.332
4/3/2018 15:00,-0.674,0.397
4/3/2018 16:00,-0.647,0.486
4/3/2018 17:00,-0.518,0.37
4/3/2018 18:00,-0.565,0.347
4/3/2018 19:00,-0.56,0.431
4/3/2018 20:00,-0.634,0.375
4/3/2018 21:00,-0.666,0.34
4/3/2018 22:00,-0.68,0.324
4/3/2018 23:00,-0.686,0.344
4/4/2018 0:00,  ,
4/4/2018 1:00,  ,0.362
4/4/2018 2:00,-0.751,0.429
4/4/2018 3:00,-0.759,0.366
4/4/2018 4:00,-0.764,0.338
4/4/2018 5:00,-0.763,0.327
4/4/2018 6:00,-0.762,0.393
4/4/2018 7:00,-0.766,0.331
4/4/2018 8:00,-0.744,0.476
4/4/2018 9:00,-0.662,0.413
4/4/2018 10:00,-0.575,0.395
4/4/2018 11:00,-0.094,0.417
4/4/2018 12:00,-0.22,
4/4/2018 13:00,  ,0.349
4/4/2018 14:00,-0.37,0.327
4/4/2018 15:00,-0.387,0.324
4/4/2018 16:00,-0.415,0.328
4/4/2018 17:00,-0.45,0.317
4/4/2018 18:00,-0.464,0.327
4/4/2018 19:00,-0.455,0.324
4/4/2018 20:00,  ,0.32
4/4/2018 21:00,-0.466,0.318
4/4/2018 22:00,-0.472,0.318
4/4/2018 23:00,-0.469,0.318
4/5/2018 0:00,  ,
4/5/2018 1:00,  ,0.383
4/5/2018 2:00,-0.538,0.359
4/5/2018 3:00,-0.542,0.389
4/5/2018 4:00,-0.52,0.383
4/5/2018 5:00,-0.484,0.372
4/5/2018 6:00,-0.582,0.36
4/5/2018 7:00,-0.586,0.353
4/5/2018 8:00,-0.611,0.359
4/5/2018 9:00,-0.598,0.353
4/5/2018 10:00,-0.623,0.352
4/5/2018 11:00,-0.63,0.355
4/5/2018 12:00,-0.635,0.378
4/5/2018 13:00,-0.641,
4/5/2018 14:00,-0.638,0.357
4/5/2018 15:00,-0.636,0.356
4/5/2018 16:00,-0.639,0.356
4/5/2018 17:00,-0.64,0.354
4/5/2018 18:00,-0.635,0.354
4/5/2018 19:00,-0.635,0.354
4/5/2018 20:00,-0.634,0.351
4/5/2018 21:00,-0.635,0.375
4/5/2018 22:00,-0.634,0.397
4/5/2018 23:00,-0.64,0.355
4/6/2018 0:00,  ,
4/6/2018 1:00,  ,0.351
4/6/2018 2:00,-0.628,0.347
4/6/2018 3:00,-0.493,0.344
4/6/2018 4:00,-0.548,0.352
4/6/2018 5:00,-0.516,0.343
4/6/2018 6:00,-0.539,0.345
4/6/2018 7:00,-0.639,0.34
4/6/2018 8:00,-0.648,0.343
4/6/2018 9:00,-0.638,
4/6/2018 10:00,-0.649,
4/6/2018 11:00,-0.653,0.404
4/6/2018 12:00,-0.67,0.45
4/6/2018 13:00,-0.664,0.366
4/6/2018 14:00,-0.615,0.339
4/6/2018 15:00,-0.608,0.339
4/6/2018 16:00,-0.593,0.342
4/6/2018 17:00,-0.632,0.33
4/6/2018 18:00,-0.684,0.33
4/6/2018 19:00,-0.574,0.432
4/6/2018 20:00,-0.642,0.49
4/6/2018 21:00,-0.65,0.371
4/6/2018 22:00,-0.623,0.333
4/6/2018 23:00,-0.682,0.325
4/7/2018 0:00,  ,
4/7/2018 1:00,  ,0.456
4/7/2018 2:00,-0.101,0.39
4/7/2018 3:00,-0.538,0.372
4/7/2018 4:00,-0.635,0.411
4/7/2018 5:00,-0.579,0.336
4/7/2018 6:00,-0.514,0.374
4/7/2018 7:00,-0.567,0.42
4/7/2018 8:00,-0.559,0.506
4/7/2018 9:00,-0.581,0.574
4/7/2018 10:00,-0.575,0.45
4/7/2018 11:00,-0.615,0.359
4/7/2018 12:00,-0.617,0.32
4/7/2018 13:00,-0.609,0.332
4/7/2018 14:00,-0.595,0.383
4/7/2018 15:00,-0.616,0.337
4/7/2018 16:00,-0.551,0.404
4/7/2018 17:00,-0.572,0.336
4/7/2018 18:00,-0.654,0.46
4/7/2018 19:00,-0.622,0.42
4/7/2018 20:00,-0.606,0.408
4/7/2018 21:00,-0.69,0.559
4/7/2018 22:00,-0.633,0.456
4/7/2018 23:00,-0.609,0.414
4/8/2018 0:00,  ,
4/8/2018 1:00,  ,0.399
4/8/2018 2:00,-0.57,0.42
4/8/2018 3:00,-0.689,0.47
4/8/2018 4:00,-0.675,0.417
4/8/2018 5:00,-0.674,0.38
4/8/2018 6:00,-0.684,0.386
4/8/2018 7:00,-0.63,0.42
4/8/2018 8:00,-0.698,0.516
4/8/2018 9:00,-0.699,0.42
4/8/2018 10:00,-0.688,0.345
4/8/2018 11:00,-0.68,0.347
4/8/2018 12:00,-0.614,
4/8/2018 13:00,-0.634,0.344
4/8/2018 14:00,-0.651,0.367
4/8/2018 15:00,-0.635,0.334
4/8/2018 16:00,-0.65,0.335
4/8/2018 17:00,-0.093,0.509
4/8/2018 18:00,-0.67,0.442
4/8/2018 19:00,-0.691,0.381
4/8/2018 20:00,-0.647,0.471
4/8/2018 21:00,-0.638,0.373
4/8/2018 22:00,-0.559,0.371
4/8/2018 23:00,  ,0.408
4/9/2018 0:00,  ,
4/9/2018 1:00,  ,0.417
4/9/2018 2:00,-0.66,0.378
4/9/2018 3:00,-0.641,0.366
4/9/2018 4:00,-0.614,0.363
4/9/2018 5:00,-0.521,0.354
4/9/2018 6:00,-0.549,0.349
4/9/2018 7:00,-0.578,0.347
4/9/2018 8:00,-0.514,0.341
4/9/2018 9:00,-0.508,0.338
4/9/2018 10:00,-0.612,0.423
4/9/2018 11:00,-0.631,0.462
4/9/2018 12:00,-0.667,0.411
4/9/2018 13:00,-0.675,0.398
4/9/2018 14:00,-0.684,0.388
4/9/2018 15:00,-0.694,0.374
4/9/2018 16:00,-0.694,0.37
4/9/2018 17:00,-0.69,0.372
4/9/2018 18:00,  ,0.508
4/9/2018 19:00,-0.693,0.436
4/9/2018 20:00,-0.694,0.488
4/9/2018 21:00,-0.696,0.468
4/9/2018 22:00,-0.695,0.458
4/9/2018 23:00,-0.696,0.427
4/10/2018 0:00,  ,
4/10/2018 1:00,  ,0.399
4/10/2018 2:00,-0.694,0.383
4/10/2018 3:00,-0.695,0.388
4/10/2018 4:00,-0.694,0.383
4/10/2018 5:00,-0.695,0.376
4/10/2018 6:00,-0.694,0.376
4/10/2018 7:00,-0.694,0.373
4/10/2018 8:00,-0.699,0.371
4/10/2018 9:00,-0.694,0.369
4/10/2018 10:00,-0.694,0.368
4/10/2018 11:00,-0.694,0.365
4/10/2018 12:00,-0.691,0.369
4/10/2018 13:00,-0.694,0.366
4/10/2018 14:00,-0.693,0.369
4/10/2018 15:00,-0.693,0.37
4/10/2018 16:00,-0.695,0.367
4/10/2018 17:00,-0.693,0.368
4/10/2018 18:00,-0.697,0.367
4/10/2018 19:00,-0.695,0.365
4/10/2018 20:00,-0.696,0.362
4/10/2018 21:00,-0.693,0.365
4/10/2018 22:00,-0.695,0.364
4/10/2018 23:00,-0.692,0.361
4/11/2018 0:00,  ,
4/11/2018 1:00,  ,0.357
4/11/2018 2:00,-0.69,0.355
4/11/2018 3:00,-0.692,
4/11/2018 4:00,-0.691,0.353
4/11/2018 5:00,-0.691,0.367
4/11/2018 6:00,-0.691,0.361
4/11/2018 7:00,-0.693,0.363
4/11/2018 8:00,-0.694,0.366
4/11/2018 9:00,-0.693,0.363
4/11/2018 10:00,-0.693,0.367
4/11/2018 11:00,-0.695,0.363
4/11/2018 12:00,-0.695,0.363
4/11/2018 13:00,-0.698,0.366
4/11/2018 14:00,-0.691,0.372
4/11/2018 15:00,-0.697,0.364
4/11/2018 16:00,-0.687,0.364
4/11/2018 17:00,-0.691,0.369
4/11/2018 18:00,-0.682,0.367
4/11/2018 19:00,-0.692,0.367
4/11/2018 20:00,-0.703,0.364
4/11/2018 21:00,-0.692,0.373
4/11/2018 22:00,-0.695,0.368
4/11/2018 23:00,-0.694,0.363
4/12/2018 0:00,  ,
4/12/2018 1:00,  ,0.366
4/12/2018 2:00,-0.694,0.364
4/12/2018 3:00,-0.683,0.361
4/12/2018 4:00,-0.693,0.366
4/12/2018 5:00,-0.695,0.365
4/12/2018 6:00,-0.67,0.359
4/12/2018 7:00,-0.669,0.362
4/12/2018 8:00,-0.671,0.359
4/12/2018 9:00,-0.656,0.364
4/12/2018 10:00,-0.675,
4/12/2018 11:00,-0.697,0.363
4/12/2018 12:00,-0.665,0.378
4/12/2018 13:00,-0.698,0.365
4/12/2018 14:00,-0.672,0.365
4/12/2018 15:00,-0.627,0.365
4/12/2018 16:00,-0.696,0.364
4/12/2018 17:00,-0.648,
4/12/2018 18:00,-0.675,0.361
4/12/2018 19:00,-0.675,0.364
4/12/2018 20:00,-0.679,0.36
4/12/2018 21:00,-0.697,0.551
4/12/2018 22:00,-0.631,0.41
4/12/2018 23:00,-0.647,0.476
4/13/2018 0:00,  ,
4/13/2018 1:00,  ,0.371
4/13/2018 2:00,  ,0.356
4/13/2018 3:00,-0.644,0.373
4/13/2018 4:00,-0.58,0.443
4/13/2018 5:00,-0.681,0.385
4/13/2018 6:00,-0.573,0.415
4/13/2018 7:00,-0.582,0.358
4/13/2018 8:00,-0.531,0.433
4/13/2018 9:00,-0.518,0.347
4/13/2018 10:00,-0.091,0.381
4/13/2018 11:00,-0.527,0.366
4/13/2018 12:00,-0.478,0.477
4/13/2018 13:00,-0.432,0.446
4/13/2018 14:00,-0.431,0.433
4/13/2018 15:00,-0.68,0.362
4/13/2018 16:00,-0.702,0.395
4/13/2018 17:00,-0.706,0.442
4/13/2018 18:00,-0.707,0.419
4/13/2018 19:00,-0.088,0.349
4/13/2018 20:00,-0.702,0.348
4/13/2018 21:00,-0.594,0.356
4/13/2018 22:00,-0.565,0.386
4/13/2018 23:00,-0.557,0.409
4/14/2018 0:00,  ,
4/14/2018 1:00,  ,0.481
4/14/2018 2:00,-0.527,0.482
4/14/2018 3:00,-0.521,0.421
4/14/2018 4:00,-0.51,0.482
4/14/2018 5:00,-0.397,0.564
4/14/2018 6:00,-0.477,0.472
4/14/2018 7:00,  ,0.439
4/14/2018 8:00,-0.486,0.608
4/14/2018 9:00,-0.499,0.537
4/14/2018 10:00,-0.484,0.414
4/14/2018 11:00,-0.447,0.554
4/14/2018 12:00,-0.319,0.491
4/14/2018 13:00,-0.086,0.498
4/14/2018 14:00,-0.054,0.611
4/14/2018 15:00,  ,0.542
4/14/2018 16:00,  ,0.576
4/14/2018 17:00,-0.476,0.511
4/14/2018 18:00,-0.438,0.513
4/14/2018 19:00,-0.441,0.608
4/14/2018 20:00,-0.466,0.553
4/14/2018 21:00,-0.48,0.548
4/14/2018 22:00,-0.477,0.527
4/14/2018 23:00,-0.403,
4/15/2018 0:00,  ,
4/15/2018 1:00,  ,0.504
4/15/2018 2:00,-0.497,0.532
4/15/2018 3:00,-0.494,0.505
4/15/2018 4:00,-0.506,0.563
4/15/2018 5:00,-0.521,0.554
4/15/2018 6:00,-0.085,0.542
4/15/2018 7:00,-0.458,0.562
4/15/2018 8:00,-0.398,0.553
4/15/2018 9:00,-0.398,0.576
4/15/2018 10:00,-0.402,0.548
4/15/2018 11:00,-0.403,0.539
4/15/2018 12:00,  ,0.543
4/15/2018 13:00,-0.406,0.542
4/15/2018 14:00,-0.404,0.543
4/15/2018 15:00,-0.408,0.54
4/15/2018 16:00,-0.412,0.536
4/15/2018 17:00,-0.415,0.531
4/15/2018 18:00,-0.442,0.559
4/15/2018 19:00,-0.439,0.545
4/15/2018 20:00,-0.441,0.531
4/15/2018 21:00,-0.441,0.53
4/15/2018 22:00,-0.448,0.53
4/15/2018 23:00,-0.443,0.529
4/16/2018 0:00,  ,
4/16/2018 1:00,  ,0.534
4/16/2018 2:00,-0.456,0.534
4/16/2018 3:00,-0.458,0.536
4/16/2018 4:00,-0.46,0.534
4/16/2018 5:00,-0.465,0.536
4/16/2018 6:00,-0.469,0.549
4/16/2018 7:00,-0.473,0.539
4/16/2018 8:00,-0.472,0.534
4/16/2018 9:00,-0.472,0.536
4/16/2018 10:00,-0.473,0.535
4/16/2018 11:00,-0.476,0.534
4/16/2018 12:00,-0.476,0.533
4/16/2018 13:00,  ,0.535
4/16/2018 14:00,-0.361,0.535
4/16/2018 15:00,-0.405,0.533
4/16/2018 16:00,-0.407,0.532
4/16/2018 17:00,-0.428,0.535
4/16/2018 18:00,-0.441,0.534
4/16/2018 19:00,-0.453,0.532
4/16/2018 20:00,-0.469,0.529
4/16/2018 21:00,-0.481,0.539
4/16/2018 22:00,-0.49,0.531
4/16/2018 23:00,-0.497,0.571
4/17/2018 0:00,  ,
4/17/2018 1:00,  ,0.53
4/17/2018 2:00,-0.498,0.529
4/17/2018 3:00,-0.498,0.584
4/17/2018 4:00,-0.5,0.55
4/17/2018 5:00,-0.504,0.53
4/17/2018 6:00,-0.485,0.531
4/17/2018 7:00,  ,0.529
4/17/2018 8:00,-0.477,0.528
4/17/2018 9:00,-0.506,0.526
4/17/2018 10:00,-0.484,0.527
4/17/2018 11:00,  ,0.527
4/17/2018 12:00,-0.516,0.526
4/17/2018 13:00,-0.51,0.528
4/17/2018 14:00,-0.501,0.523
4/17/2018 15:00,-0.476,0.525
4/17/2018 16:00,-0.385,0.526
4/17/2018 17:00,-0.425,0.523
4/17/2018 18:00,-0.52,0.517
4/17/2018 19:00,-0.532,0.532
4/17/2018 20:00,-0.536,0.516
4/17/2018 21:00,-0.505,0.519
4/17/2018 22:00,-0.538,0.518
4/17/2018 23:00,-0.549,0.517
4/18/2018 0:00,  ,
4/18/2018 1:00,  ,0.545
4/18/2018 2:00,-0.555,0.516
4/18/2018 3:00,-0.086,0.518
4/18/2018 4:00,-0.577,0.508
4/18/2018 5:00,-0.547,0.52
4/18/2018 6:00,-0.573,0.513
4/18/2018 7:00,-0.574,0.516
4/18/2018 8:00,-0.558,0.514
4/18/2018 9:00,-0.582,0.52
4/18/2018 10:00,-0.585,0.523
4/18/2018 11:00,-0.585,0.523
4/18/2018 12:00,-0.59,0.526
4/18/2018 13:00,-0.514,0.525
4/18/2018 14:00,-0.515,0.524
4/18/2018 15:00,-0.388,0.524
4/18/2018 16:00,-0.46,0.521
4/18/2018 17:00,-0.492,0.535
4/18/2018 18:00,-0.41,0.536
4/18/2018 19:00,-0.499,0.538
4/18/2018 20:00,-0.554,0.54
4/18/2018 21:00,-0.572,0.538
4/18/2018 22:00,-0.579,0.536
4/18/2018 23:00,-0.576,0.538
4/19/2018 0:00,  ,
4/19/2018 1:00,  ,0.537
4/19/2018 2:00,-0.514,0.536
4/19/2018 3:00,-0.572,0.536
4/19/2018 4:00,-0.602,0.535
4/19/2018 5:00,-0.557,0.533
4/19/2018 6:00,-0.423,0.537
4/19/2018 7:00,-0.579,0.538
4/19/2018 8:00,-0.579,0.538
4/19/2018 9:00,-0.49,0.538
4/19/2018 10:00,-0.574,0.538
4/19/2018 11:00,-0.598,0.537
4/19/2018 12:00,-0.6,0.538
4/19/2018 13:00,-0.603,0.539
4/19/2018 14:00,-0.598,0.536
4/19/2018 15:00,-0.601,0.537
4/19/2018 16:00,  ,0.537
4/19/2018 17:00,-0.6,0.535
4/19/2018 18:00,-0.594,0.537
4/19/2018 19:00,-0.601,0.535
4/19/2018 20:00,-0.602,0.536
4/19/2018 21:00,-0.601,
4/19/2018 22:00,-0.603,0.533
4/19/2018 23:00,-0.604,0.533
4/20/2018 0:00,  ,
4/20/2018 1:00,  ,0.536
4/20/2018 2:00,-0.599,0.537
4/20/2018 3:00,-0.6,0.536
4/20/2018 4:00,-0.602,0.537
4/20/2018 5:00,-0.604,0.538
4/20/2018 6:00,-0.603,0.538
4/20/2018 7:00,-0.604,0.539
4/20/2018 8:00,-0.603,0.539
4/20/2018 9:00,-0.604,0.536
4/20/2018 10:00,-0.605,0.539
4/20/2018 11:00,-0.604,0.54
4/20/2018 12:00,-0.603,0.539
4/20/2018 13:00,-0.604,0.539
4/20/2018 14:00,  ,0.538
4/20/2018 15:00,-0.604,0.538
4/20/2018 16:00,-0.604,0.538
4/20/2018 17:00,-0.603,0.538
4/20/2018 18:00,-0.603,0.538
4/20/2018 19:00,-0.605,0.539
4/20/2018 20:00,-0.603,0.54
4/20/2018 21:00,-0.602,0.539
4/20/2018 22:00,-0.602,0.538
4/20/2018 23:00,  ,0.538
4/21/2018 0:00,  ,
4/21/2018 1:00,  ,0.536
4/21/2018 2:00,-0.605,0.537
4/21/2018 3:00,-0.607,0.536
4/21/2018 4:00,-0.606,0.536
4/21/2018 5:00,-0.606,0.532
4/21/2018 6:00,-0.605,0.535
4/21/2018 7:00,-0.606,0.535
4/21/2018 8:00,-0.604,0.534
4/21/2018 9:00,-0.589,0.533
4/21/2018 10:00,-0.605,0.533
4/21/2018 11:00,-0.605,0.531
4/21/2018 12:00,-0.606,0.532
4/21/2018 13:00,-0.604,
4/21/2018 14:00,-0.606,0.533
4/21/2018 15:00,-0.604,0.535
4/21/2018 16:00,-0.605,0.534
4/21/2018 17:00,-0.605,0.535
4/21/2018 18:00,-0.603,0.534
4/21/2018 19:00,-0.605,0.535
4/21/2018 20:00,-0.569,0.535
4/21/2018 21:00,-0.574,0.535
4/21/2018 22:00,-0.602,0.534
4/21/2018 23:00,-0.607,0.535
4/22/2018 0:00,  ,
4/22/2018 1:00,  ,0.533
4/22/2018 2:00,-0.607,0.535
4/22/2018 3:00,-0.607,0.535
4/22/2018 4:00,-0.607,0.533
4/22/2018 5:00,-0.606,0.533
4/22/2018 6:00,-0.605,0.533
4/22/2018 7:00,-0.607,0.533
4/22/2018 8:00,-0.612,0.532
4/22/2018 9:00,-0.609,0.532
4/22/2018 10:00,-0.609,0.532
4/22/2018 11:00,-0.609,0.533
4/22/2018 12:00,-0.61,
4/22/2018 13:00,-0.609,0.533
4/22/2018 14:00,-0.61,0.534
4/22/2018 15:00,-0.61,0.532
4/22/2018 16:00,-0.61,0.531
4/22/2018 17:00,-0.61,0.534
4/22/2018 18:00,-0.611,0.532
4/22/2018 19:00,-0.61,0.532
4/22/2018 20:00,-0.609,0.532
4/22/2018 21:00,-0.611,0.534
4/22/2018 22:00,-0.611,0.531
4/22/2018 23:00,  ,
4/23/2018 0:00,  ,
4/23/2018 1:00,  ,0.529
4/23/2018 2:00,-0.612,0.529
4/23/2018 3:00,-0.614,0.527
4/23/2018 4:00,-0.596,0.526
4/23/2018 5:00,-0.615,0.526
4/23/2018 6:00,-0.615,0.523
4/23/2018 7:00,-0.618,0.524
