Real-time, RM Young Resultant Wind Direction (degrees) Station 1, RM Young Resultant Wind Direction (degrees) Station 2
12/15/2017 0:00,118.5,183
12/15/2017 1:00,122,177.6
12/15/2017 2:00,119,169.7
12/15/2017 3:00, ,170.9
12/15/2017 4:00,122,158.5
12/15/2017 5:00,124.4,163.3
12/15/2017 6:00,123.7,159.5
12/15/2017 7:00,124.8,160.8
12/15/2017 8:00,123.6,154.5
12/15/2017 9:00,123,144.4
12/15/2017 10:00,122.7,142.6
12/15/2017 11:00,123.2,132.4
12/15/2017 12:00,114.9,124.8
12/15/2017 13:00,106.7,115.4
12/15/2017 14:00,104.8,125.3
12/15/2017 15:00,115.3,142.6
12/15/2017 16:00,123.5,143.9
12/15/2017 17:00,125.4,145.7
12/15/2017 18:00,94.1,151.2
12/15/2017 19:00,114,153
12/15/2017 20:00,119.1,175
12/15/2017 21:00,122.6,167.4
12/15/2017 22:00,121.8,184.8
12/15/2017 23:00,131,182.2
12/16/2017 0:00,122.4,165.5
12/16/2017 1:00,124.6,162.2
12/16/2017 2:00,122.3,154.6
12/16/2017 3:00,127.6,153.9
12/16/2017 4:00,127.2,148.2
12/16/2017 5:00,121.8,141.8
12/16/2017 6:00,120.9,138.5
12/16/2017 7:00,126.3,131.7
12/16/2017 8:00,123.2,130.3
12/16/2017 9:00,122.6,126.6
12/16/2017 10:00,120.5,128
12/16/2017 11:00,120.7,128.6
12/16/2017 12:00,118.6,119.6
12/16/2017 13:00,123.4,128.7
12/16/2017 14:00,121.7,125.3
12/16/2017 15:00,104.6,121.1
12/16/2017 16:00,222.4,133.1
12/16/2017 17:00,129.7,134.3
12/16/2017 18:00,139.2,138.1
12/16/2017 19:00,205.6,140
12/16/2017 20:00,142.3,138.9
12/16/2017 21:00,144.1,141.6
12/16/2017 22:00,135.1,150.2
12/16/2017 23:00,129.3,150.3
12/17/2017 0:00,123.1,152.2
12/17/2017 1:00,124.8,142.5
12/17/2017 2:00, ,145.6
12/17/2017 3:00,119.8,145.8
12/17/2017 4:00,121.1,143.2
12/17/2017 5:00,121.5,137.5
12/17/2017 6:00,121,133.7
12/17/2017 7:00,119.5,129.2
12/17/2017 8:00,206.8,127.8
12/17/2017 9:00,149.7,127.3
12/17/2017 10:00,136.3,127.1
12/17/2017 11:00,129,129.2
12/17/2017 12:00,128.5,130.6
12/17/2017 13:00,126.7,133.4
12/17/2017 14:00,130.6,133.7
12/17/2017 15:00,128.1,134.7
12/17/2017 16:00,119.3,138.2
12/17/2017 17:00,124.6,146.6
12/17/2017 18:00,124.1,149.2
12/17/2017 19:00,122.1,149
12/17/2017 20:00,123,148.5
12/17/2017 21:00,124.3,140.6
12/17/2017 22:00,122.2,136.2
12/17/2017 23:00,122.3,135.7
12/18/2017 0:00,125,136
12/18/2017 1:00,136.5,139.6
12/18/2017 2:00,133.8,138.8
12/18/2017 3:00,124.5, 
12/18/2017 4:00,123.4,135.1
12/18/2017 5:00,123,131.4
12/18/2017 6:00,128.3,131.6
12/18/2017 7:00,125.4,129
12/18/2017 8:00,121.6,124.8
12/18/2017 9:00,120.3, 
12/18/2017 10:00,117.4, 
12/18/2017 11:00, ,122.4
12/18/2017 12:00,115.1,114.9
12/18/2017 13:00,123.2,117.8
12/18/2017 14:00,122.1,122
12/18/2017 15:00,121,126.9
12/18/2017 16:00,106.5,100.1
12/18/2017 17:00,114.2,117.4
12/18/2017 18:00,122.8,118.9
12/18/2017 19:00,126.4,135
12/18/2017 20:00,123,154
12/18/2017 21:00,111.6,133.8
12/18/2017 22:00,115.3,147.9
12/18/2017 23:00,124.2,125.3
12/19/2017 0:00,132.6,116
12/19/2017 1:00,130.2,127.4
12/19/2017 2:00,130.3,126.2
12/19/2017 3:00,126.2,139.2
12/19/2017 4:00,124.6,137.6
12/19/2017 5:00,122.8,145.1
12/19/2017 6:00,124.5,151
12/19/2017 7:00,124.4,154.7
12/19/2017 8:00,124,149.1
12/19/2017 9:00,123.5, 
12/19/2017 10:00,121.5,136.7
12/19/2017 11:00,122.7,134.8
12/19/2017 12:00,110.6,123.8
12/19/2017 13:00,119.5,129.4
12/19/2017 14:00,112.3,118
12/19/2017 15:00,111.5,135.4
12/19/2017 16:00,106.4,129.3
12/19/2017 17:00,111.2,167.1
12/19/2017 18:00,109,152
12/19/2017 19:00,99,153.3
12/19/2017 20:00,98.1,110.8
12/19/2017 21:00,98.8,0
12/19/2017 22:00,116.4,174.4
12/19/2017 23:00,120,206.8
12/20/2017 0:00,123.8,196.1
12/20/2017 1:00,118.1,189
12/20/2017 2:00,121,178.1
12/20/2017 3:00,116.9,171.4
12/20/2017 4:00,117.1,159
12/20/2017 5:00,113.5,142.1
12/20/2017 6:00,111.9,140
12/20/2017 7:00,115,140
12/20/2017 8:00,116,139.6
12/20/2017 9:00,114.8,124.5
12/20/2017 10:00,114.9,131.1
12/20/2017 11:00,114.9,129.8
12/20/2017 12:00,109.8,126.5
12/20/2017 13:00,111.2,123.1
12/20/2017 14:00,111.8,125.2
12/20/2017 15:00,107.8,117.9
12/20/2017 16:00,109.6,111.3
12/20/2017 17:00,101.5,126.1
12/20/2017 18:00,109.7,156.8
12/20/2017 19:00,114.2,173.5
12/20/2017 20:00,111.3,187.7
12/20/2017 21:00,104.7,188.7
12/20/2017 22:00,104.3,198.1
12/20/2017 23:00,109.5,218.2
12/21/2017 0:00,122.4,215
12/21/2017 1:00,122.3,195.9
12/21/2017 2:00,123.8,188.6
12/21/2017 3:00,121.6, 
12/21/2017 4:00,122.1,171.8
12/21/2017 5:00,116.9, 
12/21/2017 6:00,112.9,163.7
12/21/2017 7:00,119.4,162.8
12/21/2017 8:00,123.4,160.7
12/21/2017 9:00,123.8, 
12/21/2017 10:00,121.8, 
12/21/2017 11:00,124.8,168.3
12/21/2017 12:00,126.8,165.5
12/21/2017 13:00,126.6,173.3
12/21/2017 14:00,133.2,179.7
12/21/2017 15:00,128.5,172.5
12/21/2017 16:00,119.9,171.1
12/21/2017 17:00,119,166
12/21/2017 18:00,115.3,162.8
12/21/2017 19:00,122.2,180.6
12/21/2017 20:00,125.6,181.2
12/21/2017 21:00,127.5,185.9
12/21/2017 22:00,125.9,173.4
12/21/2017 23:00,124.3,182.1
12/22/2017 0:00,123.3,181
12/22/2017 1:00, ,186
12/22/2017 2:00,130.7,183.6
12/22/2017 3:00,126.8,176.1
12/22/2017 4:00,122.8,170.7
12/22/2017 5:00,122.3,163.8
12/22/2017 6:00,117.6,156.7
12/22/2017 7:00,117.7,148.4
12/22/2017 8:00,119.1,143.9
12/22/2017 9:00,116.9,140.1
12/22/2017 10:00,118,140.1
12/22/2017 11:00,115.8,134.6
12/22/2017 12:00,111.3,129.5
12/22/2017 13:00,109.7,130.9
12/22/2017 14:00,109.9,158.3
12/22/2017 15:00,110.7,192
12/22/2017 16:00,153.6,207.8
12/22/2017 17:00,228.4,226.5
12/22/2017 18:00,178.6,253
12/22/2017 19:00,167.1,241.7
12/22/2017 20:00,145.2,223.5
12/22/2017 21:00,116.2,216.1
12/22/2017 22:00,112.6,195.9
12/22/2017 23:00,100.7,206
12/23/2017 0:00,106.2,226.1
12/23/2017 1:00,104,216.3
12/23/2017 2:00,91.7,211.8
12/23/2017 3:00,104.8,192.9
12/23/2017 4:00,108.9,189.3
12/23/2017 5:00,111,183.5
12/23/2017 6:00,113.6,188.4
12/23/2017 7:00,110.2,169.4
12/23/2017 8:00,118.1,165.3
12/23/2017 9:00,112.2,156.9
12/23/2017 10:00,109.1,136.6
12/23/2017 11:00,113.8,142.1
12/23/2017 12:00,115.5,142.4
12/23/2017 13:00,113.8,138
12/23/2017 14:00,111.7,129.5
12/23/2017 15:00,109.1,122.7
12/23/2017 16:00,105.5,123.6
12/23/2017 17:00,106.9,114.7
12/23/2017 18:00,104.6,107.8
12/23/2017 19:00,88.9,87.3
12/23/2017 20:00,93.1,92.4
12/23/2017 21:00,80.9,83.7
12/23/2017 22:00,78.94,72.42
12/23/2017 23:00,32.2,0.439
12/24/2017 0:00,336,13.06
12/24/2017 1:00,25.31,70.55
12/24/2017 2:00,99.2,112.1
12/24/2017 3:00, ,121.9
12/24/2017 4:00,224.7,147.1
12/24/2017 5:00,157.6,154.5
12/24/2017 6:00,218.2,170.7
12/24/2017 7:00,219.9,159.9
12/24/2017 8:00,226.6,145
12/24/2017 9:00,95.2, 
12/24/2017 10:00,106.4,122.9
12/24/2017 11:00,206.7,168.6
12/24/2017 12:00,206.7,204.1
12/24/2017 13:00,217.5,215.1
12/24/2017 14:00,203.9,235
12/24/2017 15:00,205.8,229.9
12/24/2017 16:00,195.3,226.5
12/24/2017 17:00,204.2,225
12/24/2017 18:00,214.1,209
12/24/2017 19:00,147.2,184.4
12/24/2017 20:00,198.7,168.1
12/24/2017 21:00,112.3,182.6
12/24/2017 22:00,124.5,191
12/24/2017 23:00,116.6,186.3
12/25/2017 0:00,114.5,149.4
12/25/2017 1:00,96.1, 
12/25/2017 2:00,100.5,93.4
12/25/2017 3:00,97.3,109.7
12/25/2017 4:00,90.8,119.3
12/25/2017 5:00,108.7,124.2
12/25/2017 6:00,85.8,152.5
12/25/2017 7:00,83.9,157.8
12/25/2017 8:00,252.4,165.8
12/25/2017 9:00,256.4,189
12/25/2017 10:00,129,152
12/25/2017 11:00,123.5,154.6
12/25/2017 12:00,122.3,141.1
12/25/2017 13:00,115,127
12/25/2017 14:00,117.2,125.6
12/25/2017 15:00,112.5, 
12/25/2017 16:00,109.9,110.7
12/25/2017 17:00,101.5,103.7
12/25/2017 18:00,96.6,105.1
12/25/2017 19:00,109.7,114.6
12/25/2017 20:00,112.9,120.3
12/25/2017 21:00,119.7,131.2
12/25/2017 22:00,117.3,138.1
12/25/2017 23:00,126.3,152.5
12/26/2017 0:00,120.5,129.6
12/26/2017 1:00,116.6,123.4
12/26/2017 2:00,111.3, 
12/26/2017 3:00,112.2,140.1
12/26/2017 4:00,113.7,132.9
12/26/2017 5:00,118.5,119.4
12/26/2017 6:00,120,118.2
12/26/2017 7:00,119.4,109.3
12/26/2017 8:00,114,113.4
12/26/2017 9:00,109.5,101.5
12/26/2017 10:00,108.4,100.3
12/26/2017 11:00,96.7,101.3
12/26/2017 12:00,96.2,102
12/26/2017 13:00,91.6,97
12/26/2017 14:00,90.1,94.7
12/26/2017 15:00,96.1,98.6
12/26/2017 16:00,101.3,99.6
12/26/2017 17:00,99.1,100.2
12/26/2017 18:00,104.9,102
12/26/2017 19:00,102.3,100.7
12/26/2017 20:00,109.7,107.5
12/26/2017 21:00,104,111.8
12/26/2017 22:00,106.4,107.6
12/26/2017 23:00,108.6, 
12/27/2017 0:00,111.3,117.6
12/27/2017 1:00, ,154.2
12/27/2017 2:00,129.1,145.5
12/27/2017 3:00,125.8,158.7
12/27/2017 4:00,127,156.4
12/27/2017 5:00,128.4,150.9
12/27/2017 6:00,127,152
12/27/2017 7:00,122.1,144.2
12/27/2017 8:00,123.7,148.7
12/27/2017 9:00, ,137.8
12/27/2017 10:00,114.1, 
12/27/2017 11:00,116.4,124.2
12/27/2017 12:00,118.4,125.6
12/27/2017 13:00,117.5,114.2
12/27/2017 14:00,115.3,114.6
12/27/2017 15:00,119.1,114.7
12/27/2017 16:00,118.8,113.6
12/27/2017 17:00,119.8,114.2
12/27/2017 18:00,114.5,120.6
12/27/2017 19:00,120.8,118.5
12/27/2017 20:00,110.3,106
12/27/2017 21:00,121.4,124.1
12/27/2017 22:00,131.1,138.4
12/27/2017 23:00,125.7,132.9
12/28/2017 0:00,104.7,98.5
12/28/2017 1:00,105.5,102.9
12/28/2017 2:00,110.4,113.3
12/28/2017 3:00,104.7,100.7
12/28/2017 4:00,119.2,124.6
12/28/2017 5:00,105.5,108.3
12/28/2017 6:00,110.4,114.4
12/28/2017 7:00,112.4,109.9
12/28/2017 8:00,110.2,110.4
12/28/2017 9:00,110.4,105.5
12/28/2017 10:00,105.2,106.8
12/28/2017 11:00,95.4,98.3
12/28/2017 12:00,88.6,101.3
12/28/2017 13:00,99.7,100.6
12/28/2017 14:00,94.8,96.3
12/28/2017 15:00,96.8,100.6
12/28/2017 16:00,93.2,97.7
12/28/2017 17:00,88.4,91.5
12/28/2017 18:00,91.1,89.7
12/28/2017 19:00,92,98.9
12/28/2017 20:00,94.3,102.2
12/28/2017 21:00,92.3,93.5
12/28/2017 22:00,94.6,103.2
12/28/2017 23:00,88.5,97.9
12/29/2017 0:00,93.5,102.3
12/29/2017 1:00,91.8,93.1
12/29/2017 2:00,93.8,94.6
12/29/2017 3:00,100.6,97.8
12/29/2017 4:00,96.1,97.6
12/29/2017 5:00,97.6,93.5
12/29/2017 6:00,99,107.6
12/29/2017 7:00,101.2,100.9
12/29/2017 8:00,97,97.1
12/29/2017 9:00,97.8,104.2
12/29/2017 10:00,100.8,104.9
12/29/2017 11:00,101,99.4
12/29/2017 12:00,99.5,98.7
12/29/2017 13:00,94.3,95.5
12/29/2017 14:00,90.8,106.1
12/29/2017 15:00,101.8,108.2
12/29/2017 16:00,99.3,99.9
12/29/2017 17:00,82.4,83
12/29/2017 18:00,97.2,90.7
12/29/2017 19:00,106.1,93.4
12/29/2017 20:00,112.2,108
12/29/2017 21:00,119.5,131
12/29/2017 22:00,116.7,156.4
12/29/2017 23:00,120.1,164.1
12/30/2017 0:00,121.6,173.9
12/30/2017 1:00,115.2,129
12/30/2017 2:00,111.3,118.7
12/30/2017 3:00,114.4, 
12/30/2017 4:00,116.9,110.4
12/30/2017 5:00,113.5,121.1
12/30/2017 6:00,111.9,118.8
12/30/2017 7:00,114,121.7
12/30/2017 8:00,116.4,123.3
12/30/2017 9:00,114.3,117.8
12/30/2017 10:00,106.7,118
12/30/2017 11:00,109.1,119.4
12/30/2017 12:00,111.5,120.3
12/30/2017 13:00,108.1,119.6
12/30/2017 14:00,106.9,102.2
12/30/2017 15:00,95,98
12/30/2017 16:00,87.5,99.3
12/30/2017 17:00,96.2,95.2
12/30/2017 18:00,89.7,95.5
12/30/2017 19:00,96.2,103.4
12/30/2017 20:00,101.8,106.3
12/30/2017 21:00,96.7,96.8
12/30/2017 22:00,95.9,98.8
12/30/2017 23:00,95.7,107.2
12/31/2017 0:00,99.3,107.5
12/31/2017 1:00,100.6,118.7
12/31/2017 2:00,98.8,115.6
12/31/2017 3:00,105.3,118.9
12/31/2017 4:00,106.2,110.1
12/31/2017 5:00,109.7,111.8
12/31/2017 6:00,117.5,119.4
12/31/2017 7:00,117.9,120.9
12/31/2017 8:00,122.4,122.5
12/31/2017 9:00,126,124.9
12/31/2017 10:00,129,131.5
12/31/2017 11:00,118.9,132
12/31/2017 12:00,124.6,134.7
12/31/2017 13:00,123.9,140.8
12/31/2017 14:00,113.8,124.6
12/31/2017 15:00,116.7,109.1
12/31/2017 16:00,106.1,108.8
12/31/2017 17:00,107.1,111.8
12/31/2017 18:00,101.2,126.2
12/31/2017 19:00,115.5,123.4
12/31/2017 20:00,101.8,105.1
12/31/2017 21:00,79.42,98.3
12/31/2017 22:00,92.8,133.2
12/31/2017 23:00,96.1,145.7
1/1/2018 0:00, , 
1/1/2018 1:00, ,176.9
1/1/2018 2:00,123.1,175.6
1/1/2018 3:00,121.2,173.8
1/1/2018 4:00,124.3,173.2
1/1/2018 5:00,121,153.7
1/1/2018 6:00,110.4,143.2
1/1/2018 7:00,118.5,135.9
1/1/2018 8:00,116,114.8
1/1/2018 9:00,107.6,110
1/1/2018 10:00,103.1,88.9
1/1/2018 11:00,102.2,96.4
1/1/2018 12:00,99.9,96.1
1/1/2018 13:00,97.9,88
1/1/2018 14:00,103.2,104.4
1/1/2018 15:00,100.5,109.2
1/1/2018 16:00,104.2,101.1
1/1/2018 17:00,100.6,104.1
1/1/2018 18:00,102,109.6
1/1/2018 19:00,112.8,119.5
1/1/2018 20:00,107.9,122.2
1/1/2018 21:00,105.3,120.4
1/1/2018 22:00,115.6,123.8
1/1/2018 23:00,118.5,151.7
1/2/2018 0:00,123.4,160
1/2/2018 1:00,117.6,133.5
1/2/2018 2:00,121.4,125.3
1/2/2018 3:00,114.9,120.2
1/2/2018 4:00,113.5,139.1
1/2/2018 5:00,117.3,130.9
1/2/2018 6:00,115.7,133.5
1/2/2018 7:00,111.8,118.8
1/2/2018 8:00,101.5,99.3
1/2/2018 9:00,97.9,103.2
1/2/2018 10:00,104.8,104.4
1/2/2018 11:00,111.7,109.9
1/2/2018 12:00,108.6,113.6
1/2/2018 13:00,111.8,120.6
1/2/2018 14:00,118.6,129.6
1/2/2018 15:00,121.3,128.8
1/2/2018 16:00,118.7,121.1
1/2/2018 17:00,119.6,121.5
1/2/2018 18:00,123.1,131.8
1/2/2018 19:00,134.9,156.4
1/2/2018 20:00,132.4, 
1/2/2018 21:00,126,142.2
1/2/2018 22:00,123.5,128.7
1/2/2018 23:00,121.7,128.2
1/3/2018 0:00,128.3,133.8
1/3/2018 1:00,129.1,140.2
1/3/2018 2:00,126.9,146.9
1/3/2018 3:00,123.8,146
1/3/2018 4:00,121.8,147.7
1/3/2018 5:00,121.5,139.9
1/3/2018 6:00,121.8,147.9
1/3/2018 7:00,125.4, 
1/3/2018 8:00,120.9,131
1/3/2018 9:00, ,119.1
1/3/2018 10:00,108.6,116.9
1/3/2018 11:00,107.4,110.6
1/3/2018 12:00,103.2,101.1
1/3/2018 13:00,101.1,100
1/3/2018 14:00,99.7,96.1
1/3/2018 15:00,96.7,95.3
1/3/2018 16:00,98.9,92.9
1/3/2018 17:00,101.3,99.6
1/3/2018 18:00,107.2,101.6
1/3/2018 19:00,104.8,102.8
1/3/2018 20:00,102.3,102.7
1/3/2018 21:00,101.4,100.7
1/3/2018 22:00,98.1,94.6
1/3/2018 23:00,94.5,92.4
1/4/2018 0:00,93.5,91.7
1/4/2018 1:00,91.5,89.2
1/4/2018 2:00,90.6,86.9
1/4/2018 3:00,87.6,83.4
1/4/2018 4:00,87,82.8
1/4/2018 5:00,84.6,82.8
1/4/2018 6:00,84.5,81.7
1/4/2018 7:00,83.7,81.1
1/4/2018 8:00,83.5,81
1/4/2018 9:00,83.2,84.3
1/4/2018 10:00,84.4,82
1/4/2018 11:00,83.7,80.1
1/4/2018 12:00,84.4,81.7
1/4/2018 13:00,83.7,82.4
1/4/2018 14:00,73.97,80.3
1/4/2018 15:00,80.7,80.2
1/4/2018 16:00,78.2,75.64
1/4/2018 17:00,82,79.22
1/4/2018 18:00,83.9,83
1/4/2018 19:00,81.2,80.2
1/4/2018 20:00,82.7,85.1
1/4/2018 21:00,87.9,88.4
1/4/2018 22:00,94.3,99.8
1/4/2018 23:00,99.2,107.2
1/5/2018 0:00,93.9,114.4
1/5/2018 1:00,105,111.5
1/5/2018 2:00,93.4,103.2
1/5/2018 3:00,98.9,103.2
1/5/2018 4:00,99.6,128.9
1/5/2018 5:00,108.4,145
1/5/2018 6:00,112.4,155.7
1/5/2018 7:00,117.8,158.3
1/5/2018 8:00,121.3,200.4
1/5/2018 9:00,134.2,201.1
1/5/2018 10:00,254.5,205.6
1/5/2018 11:00,248.2,222.7
1/5/2018 12:00,243.3, 
1/5/2018 13:00,252.4,259.1
1/5/2018 14:00,225.6,248.6
1/5/2018 15:00,238.1,245.7
1/5/2018 16:00,227.5,251.7
1/5/2018 17:00,70.26,249.9
1/5/2018 18:00,20.15,218.6
1/5/2018 19:00,73.15,167.1
1/5/2018 20:00,111.3,153.9
1/5/2018 21:00,111.8,126.3
1/5/2018 22:00,68.77,70.71
1/5/2018 23:00,77.29,71.86
1/6/2018 0:00,76.49,77.38
1/6/2018 1:00,72.1,72.69
1/6/2018 2:00,73.87,74.48
1/6/2018 3:00,78.64,78.01
1/6/2018 4:00,76.53,85.9
1/6/2018 5:00,82.9,101
1/6/2018 6:00,93.4,108.4
1/6/2018 7:00,103.9,127.6
1/6/2018 8:00,103.2,146.6
1/6/2018 9:00, ,140.3
1/6/2018 10:00,293.8,129
1/6/2018 11:00,294.7,114.3
1/6/2018 12:00,273.5,47.25
1/6/2018 13:00,286.4,101.1
1/6/2018 14:00,286.5,198.5
1/6/2018 15:00,274.1,221.1
1/6/2018 16:00,296.8,238.3
1/6/2018 17:00,274.1,238.6
1/6/2018 18:00,272.3,257.8
1/6/2018 19:00,273.9,264.2
1/6/2018 20:00,299.8,263.2
1/6/2018 21:00,297.9,261.1
1/6/2018 22:00,293.3,265.3
1/6/2018 23:00,313.5,270.4
1/7/2018 0:00,292,264.5
1/7/2018 1:00,278.2,265.7
1/7/2018 2:00,282.2,275.9
1/7/2018 3:00,247.7,262.4
1/7/2018 4:00,243.4,253.6
1/7/2018 5:00,274.4,254.8
1/7/2018 6:00,220.6,255.3
1/7/2018 7:00,271.3,243.7
1/7/2018 8:00,279.1,256.4
1/7/2018 9:00,280.6,264.4
1/7/2018 10:00,268.7, 
1/7/2018 11:00,267.7,264.3
1/7/2018 12:00,282.9,265.1
1/7/2018 13:00,280.3,266.8
1/7/2018 14:00,258.3,257.4
1/7/2018 15:00,261.4,255.2
1/7/2018 16:00,255.6,252.9
1/7/2018 17:00,252.3,254.8
1/7/2018 18:00,253.3,253.9
1/7/2018 19:00,253.5,256.1
1/7/2018 20:00,252.9,254
1/7/2018 21:00,252.2,258.2
1/7/2018 22:00,255.4,258.8
1/7/2018 23:00,250,257
1/8/2018 0:00,234.3,258.2
1/8/2018 1:00,255,258.8
1/8/2018 2:00,264,259.2
1/8/2018 3:00,270.9,257.8
1/8/2018 4:00,182.2,240.3
1/8/2018 5:00,147.4,238
1/8/2018 6:00,149.8,233.7
1/8/2018 7:00,225.3,228.7
1/8/2018 8:00,214.5,226.8
1/8/2018 9:00,225,210.6
1/8/2018 10:00,234,246.3
1/8/2018 11:00,254.8,262.4
1/8/2018 12:00,249.3,263.4
1/8/2018 13:00,247.3,258.3
1/8/2018 14:00,248.4,257.7
1/8/2018 15:00,244.6,254.7
1/8/2018 16:00,234.2,254.1
1/8/2018 17:00,241,254.3
1/8/2018 18:00,232.7,248.3
1/8/2018 19:00,241.9,254.4
1/8/2018 20:00,188.6,246.2
1/8/2018 21:00,233.2,240.4
1/8/2018 22:00,74.85,227.7
1/8/2018 23:00,79.29,191.1
1/9/2018 0:00,108.9,187.1
1/9/2018 1:00,109.9, 
1/9/2018 2:00,116,168.7
1/9/2018 3:00,108.7,167.1
1/9/2018 4:00,111.8,178.8
1/9/2018 5:00,119.2,157.8
1/9/2018 6:00,116.5,156.8
1/9/2018 7:00,122.2,174.3
1/9/2018 8:00,120.6,168.2
1/9/2018 9:00,120.6,167.3
1/9/2018 10:00,118.5,181.9
1/9/2018 11:00,117.4,193.3
1/9/2018 12:00,311.8,185.9
1/9/2018 13:00,298.7,214.6
1/9/2018 14:00,276.4,214.4
1/9/2018 15:00,229.9,226.2
1/9/2018 16:00,0,226.5
1/9/2018 17:00,359.2,254.2
1/9/2018 18:00,268.8,260.9
1/9/2018 19:00,268.8,253.2
1/9/2018 20:00,67.05,262.7
1/9/2018 21:00,67.81,257.3
1/9/2018 22:00,108.5,257.8
1/9/2018 23:00,114.8,262.8
1/10/2018 0:00,116.1,241.9
1/10/2018 1:00,115.7,216.5
1/10/2018 2:00,70.31,217
1/10/2018 3:00,102.6,217.5
1/10/2018 4:00,111.2,209.6
1/10/2018 5:00,111.6,199.1
1/10/2018 6:00,119.1,160.6
1/10/2018 7:00,115.2,143.5
1/10/2018 8:00,109.5,131.7
1/10/2018 9:00,103.3,127.6
1/10/2018 10:00,104.6,108
1/10/2018 11:00,99.3,97.9
1/10/2018 12:00,96,101.5
1/10/2018 13:00,100.4,96.3
1/10/2018 14:00,98.6,95.1
1/10/2018 15:00,86.8,101
1/10/2018 16:00,59.8,110.5
1/10/2018 17:00,87.3,102
1/10/2018 18:00,86.4,118.4
1/10/2018 19:00,80.6,111.6
1/10/2018 20:00,79.75,129.5
1/10/2018 21:00,112.2,0
1/10/2018 22:00,111.1,1.683
1/10/2018 23:00,80.1,16.23
1/11/2018 0:00,68.25,2.372
1/11/2018 1:00,63.04,0
1/11/2018 2:00,63.14,110.4
1/11/2018 3:00,51.88,144.7
1/11/2018 4:00,59.06,133.1
1/11/2018 5:00,102.3,135.6
1/11/2018 6:00,106.9,129.9
1/11/2018 7:00,100.8,108
1/11/2018 8:00,101.1,93.2
1/11/2018 9:00,103.2,90.8
1/11/2018 10:00,102.9,97.8
1/11/2018 11:00,109.8,106.4
1/11/2018 12:00,104.1,106
1/11/2018 13:00,103.3,108.6
1/11/2018 14:00,103.3,104.6
1/11/2018 15:00,106.6,107.6
1/11/2018 16:00,108.9,118.9
1/11/2018 17:00,108,116.8
1/11/2018 18:00,99.8,115.7
1/11/2018 19:00,86.5,140
1/11/2018 20:00,99.1,162.3
1/11/2018 21:00,105.1,168
1/11/2018 22:00,117.4,183.5
1/11/2018 23:00,120.2,193.1
1/12/2018 0:00,122.2,194.8
1/12/2018 1:00,113.9,200.3
1/12/2018 2:00,114,205
1/12/2018 3:00,116.3,201.4
1/12/2018 4:00,105.7,201.1
1/12/2018 5:00,115.7,165.3
1/12/2018 6:00,114.1,141.3
1/12/2018 7:00,114,130.5
1/12/2018 8:00,81.3,137.2
1/12/2018 9:00,114.5,142.5
1/12/2018 10:00,106.5,150.7
1/12/2018 11:00,109.9,143.3
1/12/2018 12:00,113,128.2
1/12/2018 13:00,105.2,124.7
1/12/2018 14:00,108.2,129.8
1/12/2018 15:00,100,150.2
1/12/2018 16:00,102.1,167.2
1/12/2018 17:00,85.8,152.1
1/12/2018 18:00,67.07,128.4
1/12/2018 19:00,44.74,128.1
1/12/2018 20:00,52.47,139.8
1/12/2018 21:00,55.38,155.6
1/12/2018 22:00,78.19,162.3
1/12/2018 23:00,115.3, 
1/13/2018 0:00,114.5,145.3
1/13/2018 1:00, ,134.5
1/13/2018 2:00,117.6,143.6
1/13/2018 3:00,126.4,155.4
1/13/2018 4:00,129,139.5
1/13/2018 5:00,123.8,136.2
1/13/2018 6:00,125.4,116.6
1/13/2018 7:00,114.4,113.2
1/13/2018 8:00,102.8,96.5
1/13/2018 9:00,94.5,97.5
1/13/2018 10:00,88,88.2
1/13/2018 11:00,88.3,90.3
1/13/2018 12:00,86.6,93.1
1/13/2018 13:00,91.4,97.1
1/13/2018 14:00,99.8,111
1/13/2018 15:00,104.5,117.4
1/13/2018 16:00,107.4,127.4
1/13/2018 17:00,115.4,127.8
1/13/2018 18:00,112.2,119.2
1/13/2018 19:00,110.5,135
1/13/2018 20:00,113.9,122.7
1/13/2018 21:00,96.1,96.6
1/13/2018 22:00,97.8,111.3
1/13/2018 23:00,120.2,143.9
1/14/2018 0:00,128.8,175.9
1/14/2018 1:00,124,180.1
1/14/2018 2:00,126.6,178.7
1/14/2018 3:00,127.3,157
1/14/2018 4:00,119.4,131.4
1/14/2018 5:00,117.5,139.7
1/14/2018 6:00,117.7,142.4
1/14/2018 7:00,106,127.2
1/14/2018 8:00,121.9,124.3
1/14/2018 9:00,107.9,109.8
1/14/2018 10:00,106.3,100.9
1/14/2018 11:00,102.3,102.6
1/14/2018 12:00,102.9,105.3
1/14/2018 13:00,101.1,95.9
1/14/2018 14:00,97.3,94.5
1/14/2018 15:00,97.9,92.7
1/14/2018 16:00,98.5,97.4
1/14/2018 17:00,97.3,100.9
1/14/2018 18:00,98.6,104.5
1/14/2018 19:00,98.3,101.8
1/14/2018 20:00,102,105.5
1/14/2018 21:00,96.4,115.3
1/14/2018 22:00,100.2,112
1/14/2018 23:00,107.4,110.9
1/15/2018 0:00,107.6,108.1
1/15/2018 1:00,118.7,109.5
1/15/2018 2:00,118.2,121.3
1/15/2018 3:00,113.3,116.3
1/15/2018 4:00,113.9,114.5
1/15/2018 5:00,113.7,115.8
1/15/2018 6:00,112.4,106.9
1/15/2018 7:00,104.3, 
1/15/2018 8:00,112.7,122.5
1/15/2018 9:00,115.7,112.9
1/15/2018 10:00,111.8,107.5
1/15/2018 11:00,105.4,108.5
1/15/2018 12:00,106.2,106.6
1/15/2018 13:00,106.1,111.5
1/15/2018 14:00,104.2,104.1
1/15/2018 15:00,102.2,107.8
1/15/2018 16:00,103.9,106.3
1/15/2018 17:00,98,98.3
1/15/2018 18:00,95.5,94.1
1/15/2018 19:00,97.3,94.9
1/15/2018 20:00,93.9,95.2
1/15/2018 21:00,92.5,91.5
1/15/2018 22:00,92.5,89.8
1/15/2018 23:00,93.3,91
1/16/2018 0:00,94.2, 
1/16/2018 1:00,91.5,93.1
1/16/2018 2:00,92.1,95
1/16/2018 3:00,97.1,96.7
1/16/2018 4:00,91.1,91.8
1/16/2018 5:00,90.7,88.9
1/16/2018 6:00,90.3,89.5
1/16/2018 7:00,93.2,96.9
1/16/2018 8:00,89.7,92.8
1/16/2018 9:00,85.1,90.3
1/16/2018 10:00,81.7,85
1/16/2018 11:00,80.4,87.8
1/16/2018 12:00,95.5,94.7
1/16/2018 13:00,98.2,101.6
1/16/2018 14:00,99.2,104.8
1/16/2018 15:00,89.6, 
1/16/2018 16:00,97.5,103.8
1/16/2018 17:00,91.4,76.92
1/16/2018 18:00,88.3,207.1
1/16/2018 19:00,79.77,275.4
1/16/2018 20:00,43.48,265.5
1/16/2018 21:00,131.4,267
1/16/2018 22:00,105.7,251.4
1/16/2018 23:00,124.3,252
1/17/2018 0:00,0,263.2
1/17/2018 1:00,284.6,239.9
1/17/2018 2:00,111.3,216.4
1/17/2018 3:00, ,218.1
1/17/2018 4:00,121.7,228.7
1/17/2018 5:00,112.4,243.9
1/17/2018 6:00,113.1,233.5
1/17/2018 7:00,115.9,222.8
1/17/2018 8:00,109.9,202.5
1/17/2018 9:00,115.5,211.2
1/17/2018 10:00,109.4,192.1
1/17/2018 11:00,100.8,170.1
1/17/2018 12:00,91.1,147.2
1/17/2018 13:00,98.9,124.4
1/17/2018 14:00,92.7,87.4
1/17/2018 15:00,84.5,91.1
1/17/2018 16:00,96.5,115.7
1/17/2018 17:00,101.4,118.2
1/17/2018 18:00,104.1,121.8
1/17/2018 19:00,96.5,96
1/17/2018 20:00,87.8,93.1
1/17/2018 21:00,88.4,95.8
1/17/2018 22:00,89.2,88.1
1/17/2018 23:00,89.6,92.6
1/18/2018 0:00,103.3,107.2
1/18/2018 1:00,105.7,104.7
1/18/2018 2:00,104.9,111.1
1/18/2018 3:00,101.1,105.2
1/18/2018 4:00,111,113.7
1/18/2018 5:00,110.3,109.3
1/18/2018 6:00,93.4,98.5
1/18/2018 7:00,90.8,96.3
1/18/2018 8:00,85.4,91.9
1/18/2018 9:00,84.7, 
1/18/2018 10:00,84.1,96.5
1/18/2018 11:00,101.5,101.3
1/18/2018 12:00,95.8,110.6
1/18/2018 13:00,117.6,119.6
1/18/2018 14:00,112.2,123.3
1/18/2018 15:00,107,149.9
1/18/2018 16:00,106.5,132.4
1/18/2018 17:00,97.5,131.7
1/18/2018 18:00,90.4,126.8
1/18/2018 19:00,92.9,144.9
1/18/2018 20:00,88.9,256.1
1/18/2018 21:00,44.05,222.8
1/18/2018 22:00, ,227.2
1/18/2018 23:00,110.8,246.7
1/19/2018 0:00,116.5,254
1/19/2018 1:00,161.5,234.9
1/19/2018 2:00,120.3,257.1
1/19/2018 3:00,115.2,248
1/19/2018 4:00,123.7,241.9
1/19/2018 5:00,103.5,251.1
1/19/2018 6:00,89.7,238
1/19/2018 7:00,303.1,219.7
1/19/2018 8:00,57.53,222.1
1/19/2018 9:00,146.7,213.2
1/19/2018 10:00,306.1,216.1
1/19/2018 11:00,315.7,202.7
1/19/2018 12:00,51.39,215.4
1/19/2018 13:00,309.3,217.3
1/19/2018 14:00,258.9,226.7
1/19/2018 15:00,183.4,248.6
1/19/2018 16:00,301.7,240.2
1/19/2018 17:00,301,239.1
1/19/2018 18:00,303.3,243.9
1/19/2018 19:00,306,257.5
1/19/2018 20:00,86.3,255.5
1/19/2018 21:00,84.5,266.7
1/19/2018 22:00,109.9,254.3
1/19/2018 23:00,247.9,284.5
1/20/2018 0:00,256.8,253.7
1/20/2018 1:00,113.9,209.3
1/20/2018 2:00,117,185.8
1/20/2018 3:00,105.7,189.1
1/20/2018 4:00,104.4,182.2
1/20/2018 5:00,103.3,184.5
1/20/2018 6:00,103.7,182
1/20/2018 7:00,262.9,194.5
1/20/2018 8:00,116.5,212.3
1/20/2018 9:00,334.9,202.3
1/20/2018 10:00,97.8,247
1/20/2018 11:00,69.24,252.2
1/20/2018 12:00,21.8,323.3
1/20/2018 13:00,13.36,8.72
1/20/2018 14:00,25.81,331.4
1/20/2018 15:00,28.38,331.9
1/20/2018 16:00,31.96,335.3
1/20/2018 17:00,42.93,5.306
1/20/2018 18:00,33.23,23.52
1/20/2018 19:00,41.51,28.49
1/20/2018 20:00,37.84,25.09
1/20/2018 21:00,26.07,25.1
1/20/2018 22:00,32.75,93.2
1/20/2018 23:00,57.23,187.5
1/21/2018 0:00,107.9,192.3
1/21/2018 1:00,111.2,180.3
1/21/2018 2:00,115.5,153.6
1/21/2018 3:00,116.7,159.9
1/21/2018 4:00,109.1,159
1/21/2018 5:00,116.5,158.2
1/21/2018 6:00,115.2,156.3
1/21/2018 7:00,113,164.1
1/21/2018 8:00,115.2,166.2
1/21/2018 9:00,112.8,174.2
1/21/2018 10:00,118,180.4
1/21/2018 11:00,111.5,182.5
1/21/2018 12:00,106.3,193.6
1/21/2018 13:00,86.9,220.8
1/21/2018 14:00,81.6,201.2
1/21/2018 15:00, ,239.6
1/21/2018 16:00,317.7,261.9
1/21/2018 17:00,265.8,257.2
1/21/2018 18:00,148.7,204.5
1/21/2018 19:00,80.3,206.2
1/21/2018 20:00,101.4,199.9
1/21/2018 21:00,109.6,186.7
1/21/2018 22:00,103.3,178.7
1/21/2018 23:00,115.3,166
1/22/2018 0:00,113.9,177.5
1/22/2018 1:00,118.2, 
1/22/2018 2:00,113.8,167.2
1/22/2018 3:00,113.8,163
1/22/2018 4:00,115.9,170.2
1/22/2018 5:00,121.8,171.8
1/22/2018 6:00,125.9,139.9
1/22/2018 7:00,114.1,118.2
1/22/2018 8:00,103.1,114.3
1/22/2018 9:00,103.2,110.3
1/22/2018 10:00,103.6,108.2
1/22/2018 11:00,108.5,107.9
1/22/2018 12:00,116.4,111.7
1/22/2018 13:00,109.8,118.4
1/22/2018 14:00,97.1,122.4
1/22/2018 15:00,102.8,125.7
1/22/2018 16:00,123.3,172.7
1/22/2018 17:00,100.2,221.1
1/22/2018 18:00,135.8,248.5
1/22/2018 19:00,147.6,247.4
1/22/2018 20:00,130.9,252.6
1/22/2018 21:00,108.9,250.9
1/22/2018 22:00,112,252.8
1/22/2018 23:00,94.9,233.2
1/23/2018 0:00,103.8,205.5
1/23/2018 1:00,103.9,213
1/23/2018 2:00,110.8,201.5
1/23/2018 3:00,114.9,209.9
1/23/2018 4:00,113.8,206.9
1/23/2018 5:00, ,210
1/23/2018 6:00,115.6,215.6
1/23/2018 7:00,114.2,214.4
1/23/2018 8:00,113,200.4
1/23/2018 9:00,114.4,181.2
1/23/2018 10:00,103.8,162.4
1/23/2018 11:00,101.6,159.8
1/23/2018 12:00,101.5,160.5
1/23/2018 13:00,310.3,166
1/23/2018 14:00, ,155.4
1/23/2018 15:00,94.5,171.3
1/23/2018 16:00,72.47,174.5
1/23/2018 17:00,97.4,185.7
1/23/2018 18:00,99.1, 
1/23/2018 19:00,114.5,169.7
1/23/2018 20:00,122.1,158.1
1/23/2018 21:00,120.5,153.5
1/23/2018 22:00,122.6,141.4
1/23/2018 23:00,126.4,143.9
1/24/2018 0:00,123.6,128.1
1/24/2018 1:00,109.3,131
1/24/2018 2:00,104.8,114.8
1/24/2018 3:00,97.9,102.8
1/24/2018 4:00,90.4,144.9
1/24/2018 5:00,109.6,164.9
1/24/2018 6:00,118.8,165.6
1/24/2018 7:00,119.1,128.3
1/24/2018 8:00,116.1,114.5
1/24/2018 9:00,117.8, 
1/24/2018 10:00,116.3,123.6
1/24/2018 11:00,109.7,109.8
1/24/2018 12:00,108,106.9
1/24/2018 13:00,104.4,112.1
1/24/2018 14:00,106.8,109.3
1/24/2018 15:00,100.6,117.4
1/24/2018 16:00,103.8,110.6
1/24/2018 17:00,110,116.9
1/24/2018 18:00,114.9,127.5
1/24/2018 19:00,118.4,130.6
1/24/2018 20:00,115.4,132.9
1/24/2018 21:00,124.4,168.5
1/24/2018 22:00,119.7,183.3
1/24/2018 23:00,114,196.6
1/25/2018 0:00,116.4,200.8
1/25/2018 1:00,121.6,203.6
1/25/2018 2:00,116.5,200.4
1/25/2018 3:00,115.2,198.8
1/25/2018 4:00,113.3,194.4
1/25/2018 5:00,112.1,180
1/25/2018 6:00,112.3,192.9
1/25/2018 7:00,119,208.9
1/25/2018 8:00,127.2,205.3
1/25/2018 9:00,128.5,177.4
1/25/2018 10:00,121.6,162.4
1/25/2018 11:00,117.1,175.2
1/25/2018 12:00,121.1,186.3
1/25/2018 13:00,117.2,208
1/25/2018 14:00,109.2,207.5
1/25/2018 15:00,96.9,213.7
1/25/2018 16:00,117.8,243.2
1/25/2018 17:00,228.7,243.3
1/25/2018 18:00,180.5,243.9
1/25/2018 19:00,129.4,253.7
1/25/2018 20:00,117.5,245.4
1/25/2018 21:00,44.7,259.6
1/25/2018 22:00,78.34,259.1
1/25/2018 23:00,71.38,269.5
1/26/2018 0:00,80.8,263.7
1/26/2018 1:00,94.5,250.8
1/26/2018 2:00,81.9,235.6
1/26/2018 3:00,108.9,224.2
1/26/2018 4:00,108,217.5
1/26/2018 5:00, ,217.3
1/26/2018 6:00,111.7,211.9
1/26/2018 7:00,109.4,211.7
1/26/2018 8:00,107.7,211.9
1/26/2018 9:00,59.17,25.18
1/26/2018 10:00,62.5, 
1/26/2018 11:00,55.56,93.3
1/26/2018 12:00,92.4,139.9
1/26/2018 13:00,108.3,131.5
1/26/2018 14:00,115.1,112.7
1/26/2018 15:00,111.2,128.3
1/26/2018 16:00,111.3,128
1/26/2018 17:00,114.6,122.1
1/26/2018 18:00,111.2,141.1
1/26/2018 19:00,99.3,121.8
1/26/2018 20:00,72.24,150.8
1/26/2018 21:00,95.8,176.7
1/26/2018 22:00,79.25,108.8
1/26/2018 23:00,88.1,80.5
1/27/2018 0:00,83.1,132
1/27/2018 1:00,84,141.6
1/27/2018 2:00,93.5,306.2
1/27/2018 3:00,93.5,227.2
1/27/2018 4:00,104.4,218.2
1/27/2018 5:00,109,157.7
1/27/2018 6:00,110.1,146.6
1/27/2018 7:00,116,122.6
1/27/2018 8:00,103.7,124.3
1/27/2018 9:00,111.4,128
1/27/2018 10:00,105.1,121.1
1/27/2018 11:00,114.7,132.5
1/27/2018 12:00,121.4,167.2
1/27/2018 13:00,250.3,202.8
1/27/2018 14:00,247.3,251.9
1/27/2018 15:00,230.6,240.8
1/27/2018 16:00,229.2,238.4
1/27/2018 17:00,204.8,240.8
1/27/2018 18:00,181.4,246.4
1/27/2018 19:00,131.5,248.8
1/27/2018 20:00,117.6,247
1/27/2018 21:00,101,243.1
1/27/2018 22:00,124.2, 
1/27/2018 23:00,125.4,184
1/28/2018 0:00,120.4,168
1/28/2018 1:00,119, 
1/28/2018 2:00,119.9,146.2
1/28/2018 3:00,122.6,139.8
1/28/2018 4:00,122.2,147.6
1/28/2018 5:00,120.5,140.8
1/28/2018 6:00,121.8,138.2
1/28/2018 7:00,123.3,141.6
1/28/2018 8:00,123.9,138.6
1/28/2018 9:00,121.8,135.8
1/28/2018 10:00,114.8,128.5
1/28/2018 11:00,110.4,117.6
1/28/2018 12:00,107.1, 
1/28/2018 13:00,108, 
1/28/2018 14:00,105.4,104.5
1/28/2018 15:00,97.4,102.9
1/28/2018 16:00,96.7,101.5
1/28/2018 17:00,89.9,90.6
1/28/2018 18:00,85.6,85
1/28/2018 19:00,88.1,79.3
1/28/2018 20:00,96,94.7
1/28/2018 21:00,115.8, 
1/28/2018 22:00,126,157.4
1/28/2018 23:00,134.1,150.3
1/29/2018 0:00,119.1,138.5
1/29/2018 1:00,125.4,140.5
1/29/2018 2:00,118.8,120.5
1/29/2018 3:00,101.5,97.5
1/29/2018 4:00,93.3,100.8
1/29/2018 5:00,108.4,122.1
1/29/2018 6:00, ,120.4
1/29/2018 7:00,115.7,118.2
1/29/2018 8:00,101,103.6
1/29/2018 9:00,103.2,103.2
1/29/2018 10:00,96.1,101.3
1/29/2018 11:00,90.3,86.2
1/29/2018 12:00,92.5,87.4
1/29/2018 13:00,90.9,86.3
1/29/2018 14:00,97,92.8
1/29/2018 15:00,94.5,98.8
1/29/2018 16:00,102.7,103.4
1/29/2018 17:00,109.2,112
1/29/2018 18:00,99.2,109.6
1/29/2018 19:00,91.6,123.7
1/29/2018 20:00,96.9,141.8
1/29/2018 21:00,235.4,149
1/29/2018 22:00,100.3,123.7
1/29/2018 23:00,118,132.4
1/30/2018 0:00,115,160.2
1/30/2018 1:00,121.5,176.2
1/30/2018 2:00,116.9,165
1/30/2018 3:00,115.2,149.4
1/30/2018 4:00,104.3,142.3
1/30/2018 5:00,99.9,132.9
1/30/2018 6:00,104.2,134.1
1/30/2018 7:00,104.1,134.1
1/30/2018 8:00,112.5,144.9
1/30/2018 9:00,117.1,155.3
1/30/2018 10:00,116.9,153.8
1/30/2018 11:00,112.4,152.9
1/30/2018 12:00,117.7,159.2
1/30/2018 13:00,112.3,157.2
1/30/2018 14:00,120.9,169.5
1/30/2018 15:00,108.8,162.4
1/30/2018 16:00,104.7,128
1/30/2018 17:00,101.4,146.6
1/30/2018 18:00,106.7,153.4
1/30/2018 19:00,112.6,151.5
1/30/2018 20:00,108.1,153.9
1/30/2018 21:00,112,151.8
1/30/2018 22:00,125.9,137.7
1/30/2018 23:00,116.8,122.9
1/31/2018 0:00,119.6,150.1
1/31/2018 1:00,117.5,175.9
1/31/2018 2:00,116.9,171.7
1/31/2018 3:00,118.7,172.8
1/31/2018 4:00,119.2,186.2
1/31/2018 5:00,123.6,179.8
1/31/2018 6:00,124.9,161.5
1/31/2018 7:00,110.9,151.9
1/31/2018 8:00,111.1,148.8
1/31/2018 9:00,116.8,140.1
1/31/2018 10:00,114,142.1
1/31/2018 11:00,120.8,138
1/31/2018 12:00,119.4,139.6
1/31/2018 13:00,117,143.1
1/31/2018 14:00,114.5,145.5
1/31/2018 15:00,105.7,140.6
1/31/2018 16:00,100.7,142.9
1/31/2018 17:00,104.6,148.5
1/31/2018 18:00,101.2,138
1/31/2018 19:00,98.7,134.3
1/31/2018 20:00,99.2,146.4
1/31/2018 21:00,104,168.4
1/31/2018 22:00,108,172.3
1/31/2018 23:00,119.6,168.7
2/1/2018 0:00, , 
2/1/2018 1:00, ,169.3
2/1/2018 2:00,119.4,168
2/1/2018 3:00,117.6,162.8
2/1/2018 4:00,121.1,163.2
2/1/2018 5:00,124.1,165.7
2/1/2018 6:00, ,165.4
2/1/2018 7:00,120.5,152.8
2/1/2018 8:00,120.4,147
2/1/2018 9:00,123.1,158.2
2/1/2018 10:00,124.3,162.9
2/1/2018 11:00,122.8,157.8
2/1/2018 12:00,125.2,155.7
2/1/2018 13:00,121.2,155.9
2/1/2018 14:00,114.8,154.7
2/1/2018 15:00,113.5,136.1
2/1/2018 16:00,107.6,139
2/1/2018 17:00,111.8, 
2/1/2018 18:00,115,127.7
2/1/2018 19:00,108.7,124
2/1/2018 20:00,115.6,136.4
2/1/2018 21:00,117.7,138.8
2/1/2018 22:00,122.2,130.1
2/1/2018 23:00,120.8,155.3
2/2/2018 0:00,121,148.7
2/2/2018 1:00,118.1,145.3
2/2/2018 2:00,120.8,150.5
2/2/2018 3:00,119.7,145.1
2/2/2018 4:00,120.6,149.2
2/2/2018 5:00,117.8,151.5
2/2/2018 6:00,124.2,150.7
2/2/2018 7:00,126.3,147.8
2/2/2018 8:00,124.4,147.4
2/2/2018 9:00,120.8,148
2/2/2018 10:00,130.3,138.6
2/2/2018 11:00,130,125.9
2/2/2018 12:00,120.4,115.9
2/2/2018 13:00,122.4,119.5
2/2/2018 14:00,123,118
2/2/2018 15:00,117.4,115.3
2/2/2018 16:00,112.8,115.4
2/2/2018 17:00,117.6,118.9
2/2/2018 18:00,124.9,121.7
2/2/2018 19:00,122.3,119.5
2/2/2018 20:00,120.4,117.9
2/2/2018 21:00,105.8,115.6
2/2/2018 22:00,119,122.9
2/2/2018 23:00,112,121.6
2/3/2018 0:00,124.2,129.8
2/3/2018 1:00,121.6,125.5
2/3/2018 2:00,119.5,123.4
2/3/2018 3:00,119.8,122.9
2/3/2018 4:00,119.6,120.9
2/3/2018 5:00,119.1,123.9
2/3/2018 6:00,118.5,119.3
2/3/2018 7:00,116.7,126.9
2/3/2018 8:00,116.6,128
2/3/2018 9:00,118.6,128.5
2/3/2018 10:00,115,119.3
2/3/2018 11:00,119.3,118.1
2/3/2018 12:00,125.2,118.2
2/3/2018 13:00,116.1,117.7
2/3/2018 14:00,122.1,117.2
2/3/2018 15:00,125,120.2
2/3/2018 16:00,138,126.1
2/3/2018 17:00,137.2,138.8
2/3/2018 18:00,114.3,125.4
2/3/2018 19:00,112.8,127.4
2/3/2018 20:00,125.7,128.7
2/3/2018 21:00,130.8,131.8
2/3/2018 22:00,114.2,114.2
2/3/2018 23:00,116.3,111.4
2/4/2018 0:00,116.9,124.5
2/4/2018 1:00,118.4,122.3
2/4/2018 2:00,116.3,134.2
2/4/2018 3:00, ,122.8
2/4/2018 4:00,122.1,122.7
2/4/2018 5:00,106.1,108.2
2/4/2018 6:00,103.7,109.3
2/4/2018 7:00,108.3,107.5
2/4/2018 8:00,98.8,100.9
2/4/2018 9:00,98.4,101.6
2/4/2018 10:00,97.1,101.1
2/4/2018 11:00,100,98.5
2/4/2018 12:00,99.3,99.2
2/4/2018 13:00,98,94.1
2/4/2018 14:00,97.4,99.4
2/4/2018 15:00,90,88.4
2/4/2018 16:00,94.2,94.1
2/4/2018 17:00,95.6,103.6
2/4/2018 18:00,95.1,98.5
2/4/2018 19:00,98.6,101.9
2/4/2018 20:00,99.5,96.1
2/4/2018 21:00,97.7,92.8
2/4/2018 22:00,91.3,88
2/4/2018 23:00,85.5,90.1
2/5/2018 0:00,85.4,90.1
2/5/2018 1:00,79.89,87.3
2/5/2018 2:00,86.1,88.3
2/5/2018 3:00,85.8,89.2
2/5/2018 4:00,88.1,85
2/5/2018 5:00,90.1,89
2/5/2018 6:00,91.9,92.4
2/5/2018 7:00,91.3,93.7
2/5/2018 8:00,91.8,92.4
2/5/2018 9:00,94.3,94.6
2/5/2018 10:00,92.2,94.5
2/5/2018 11:00,89,89.9
2/5/2018 12:00,85.7,86.5
2/5/2018 13:00,83.2,81.4
2/5/2018 14:00,78.29,78.21
2/5/2018 15:00,72.73,66.24
2/5/2018 16:00,72.38,76.85
2/5/2018 17:00,69.07,62.34
2/5/2018 18:00,64.97,62.04
2/5/2018 19:00,75.86,77.96
2/5/2018 20:00,79.37,75.86
2/5/2018 21:00,75.41,71.63
2/5/2018 22:00,78.53,79.84
2/5/2018 23:00,80.9,79.47
2/6/2018 0:00,78.35,79.36
2/6/2018 1:00,82.4,83.4
2/6/2018 2:00,85.8,87.5
2/6/2018 3:00,88.6,97.5
2/6/2018 4:00,92.7,97.5
2/6/2018 5:00,101.6,106.7
2/6/2018 6:00,106,114.5
2/6/2018 7:00,101.9,112.7
2/6/2018 8:00,109.5,117.3
2/6/2018 9:00,111.5,117.9
2/6/2018 10:00,111.8,117
2/6/2018 11:00,114.6,114.1
2/6/2018 12:00,117.9,122.9
2/6/2018 13:00,114.2,122.7
2/6/2018 14:00,118.1,122.4
2/6/2018 15:00,123.4,130.1
2/6/2018 16:00,130.2,144.2
2/6/2018 17:00,125.3,134.6
2/6/2018 18:00,130.5,167.8
2/6/2018 19:00,129.1,161.5
2/6/2018 20:00,128.1,161.7
2/6/2018 21:00,125.4,173.2
2/6/2018 22:00,124.2,177.4
2/6/2018 23:00,123.7,199.2
2/7/2018 0:00,122.5,192.8
2/7/2018 1:00,122.7,176.3
2/7/2018 2:00,128.3,176.9
2/7/2018 3:00,129.8,181.8
2/7/2018 4:00,130.2,183.5
2/7/2018 5:00,129.6,161.5
2/7/2018 6:00,129.3,169.2
2/7/2018 7:00,125.9,158.4
2/7/2018 8:00,120.6,156.3
2/7/2018 9:00,115.8,151.1
2/7/2018 10:00,123.8,142.7
2/7/2018 11:00,117.2,159.8
2/7/2018 12:00,125,148.5
2/7/2018 13:00,120.6,133
2/7/2018 14:00,108.3,124.6
2/7/2018 15:00,108,119.9
2/7/2018 16:00,120.2,132.8
2/7/2018 17:00,125.9,148.2
2/7/2018 18:00,123,144.5
2/7/2018 19:00,120.7,161.1
2/7/2018 20:00,121.1,159.6
2/7/2018 21:00,122.2,163.7
2/7/2018 22:00,126.1,166.2
2/7/2018 23:00, ,170.5
2/8/2018 0:00,114.2,158.5
2/8/2018 1:00,118.6,164.8
2/8/2018 2:00,122.1,168.1
2/8/2018 3:00,119.7,163.9
2/8/2018 4:00,126.4,172.5
2/8/2018 5:00,116.6,161.6
2/8/2018 6:00,117.6,171.5
2/8/2018 7:00,111,118.9
2/8/2018 8:00,82.2,97.7
2/8/2018 9:00, , 
2/8/2018 10:00,69.43,60.34
2/8/2018 11:00,74.94,69.51
2/8/2018 12:00,75.42,75.05
2/8/2018 13:00,77.23,85.3
2/8/2018 14:00,70.92,67.57
2/8/2018 15:00,73.73,71.4
2/8/2018 16:00,84.7,86.3
2/8/2018 17:00,79.75,89.7
2/8/2018 18:00,91.6,96.2
2/8/2018 19:00,94.8,99.6
2/8/2018 20:00,87.8,91.2
2/8/2018 21:00,92.6,102.9
2/8/2018 22:00,100,105
2/8/2018 23:00,106,110.2
2/9/2018 0:00,108,114.4
2/9/2018 1:00,108.6,113.9
2/9/2018 2:00,117,123.8
2/9/2018 3:00,121.3,122.7
2/9/2018 4:00,120.5,121.8
2/9/2018 5:00,129.8,134.8
2/9/2018 6:00,132.9,139.8
2/9/2018 7:00,132.7,140.2
2/9/2018 8:00,134.8,133.2
2/9/2018 9:00,133.5,135
2/9/2018 10:00,129.9,132.2
2/9/2018 11:00,117.7,120.7
2/9/2018 12:00,115.5,113
2/9/2018 13:00,100.2,101.9
2/9/2018 14:00,98.9,106.2
2/9/2018 15:00,87.6,85
2/9/2018 16:00,70.24,66.53
2/9/2018 17:00,66.03,56.65
2/9/2018 18:00,74.09,74.11
2/9/2018 19:00,86.4,96.1
2/9/2018 20:00,96.7,110.6
2/9/2018 21:00,102.2,110.8
2/9/2018 22:00,101.5,106.6
2/9/2018 23:00,101.9,111
2/10/2018 0:00,107.3,117.5
2/10/2018 1:00,110.1,126.8
2/10/2018 2:00,116.7,131.4
2/10/2018 3:00,127,124.3
2/10/2018 4:00,125.9,143.8
2/10/2018 5:00,123.2,142.5
2/10/2018 6:00,124.3,137
2/10/2018 7:00,124.5,142.1
2/10/2018 8:00,123.4,141.3
2/10/2018 9:00,122.4,142.2
2/10/2018 10:00,126.2,139.9
2/10/2018 11:00,126.6,145
2/10/2018 12:00,125.4,151.4
2/10/2018 13:00,125.8,156.7
2/10/2018 14:00,121.8,157.2
2/10/2018 15:00,122.5,159.2
2/10/2018 16:00,118.7,160.6
2/10/2018 17:00,120.9,166.2
2/10/2018 18:00,122.2,171
2/10/2018 19:00,114.1,164.5
2/10/2018 20:00,122.1,164
2/10/2018 21:00,121.4,165.4
2/10/2018 22:00,121.4,162.3
2/10/2018 23:00,124.6,153.2
2/11/2018 0:00,124.1,146.4
2/11/2018 1:00,126.5,142.2
2/11/2018 2:00,126.1,141.7
2/11/2018 3:00,121.7,147.5
2/11/2018 4:00,126.2, 
2/11/2018 5:00,121.2,133.4
2/11/2018 6:00,123.6,139.8
2/11/2018 7:00,122.1,138.7
2/11/2018 8:00,125.5,142.2
2/11/2018 9:00,122.2,139.8
2/11/2018 10:00,122,134.6
2/11/2018 11:00,122,132.4
2/11/2018 12:00,119.7,141.1
2/11/2018 13:00,126,147.2
2/11/2018 14:00,123.9,149
2/11/2018 15:00,126.9,159.5
2/11/2018 16:00,133.1,169.1
2/11/2018 17:00,142.2,180
2/11/2018 18:00,142.2,180.8
2/11/2018 19:00,155.4,181.9
2/11/2018 20:00,155,181.6
2/11/2018 21:00,167.3,188.8
2/11/2018 22:00,179.2,187.8
2/11/2018 23:00,173.5,192.8
2/12/2018 0:00,187.3,192.6
2/12/2018 1:00,142.5,179.7
2/12/2018 2:00,139,170.3
2/12/2018 3:00,134,165.8
2/12/2018 4:00,129.5,159.3
2/12/2018 5:00,125.7,154.3
2/12/2018 6:00,126.1,148
2/12/2018 7:00,123,146.1
2/12/2018 8:00,124,142.5
2/12/2018 9:00,125.5,137.5
2/12/2018 10:00,119.8,124.8
2/12/2018 11:00, ,132.4
2/12/2018 12:00,109.2,115.7
2/12/2018 13:00,101.6,120.4
2/12/2018 14:00,92.5,103.3
2/12/2018 15:00,88.5,104.9
2/12/2018 16:00,89.5,106.9
2/12/2018 17:00,72.69,84.1
2/12/2018 18:00,77.83,91.6
2/12/2018 19:00,82.5,115.7
2/12/2018 20:00,80.7,103.5
2/12/2018 21:00,89.6,130
2/12/2018 22:00,94.9,125.3
2/12/2018 23:00,101.5,121.7
2/13/2018 0:00,102.5,150
2/13/2018 1:00,108.4,151.5
2/13/2018 2:00,113.3,145
2/13/2018 3:00,112.4,139.1
2/13/2018 4:00,112.5,135
2/13/2018 5:00,114.5,134.4
2/13/2018 6:00,118.2,128.6
2/13/2018 7:00,112.4,119.4
2/13/2018 8:00,108,113
2/13/2018 9:00,106.2,113.9
2/13/2018 10:00,108.3,111.4
2/13/2018 11:00,107,112.4
2/13/2018 12:00,110,115.8
2/13/2018 13:00,110.1,112.6
2/13/2018 14:00,104.9,110.7
2/13/2018 15:00,99.9,101.9
2/13/2018 16:00,106.9,105.8
2/13/2018 17:00,101.5,103.2
2/13/2018 18:00,116,121.4
2/13/2018 19:00,128.1, 
2/13/2018 20:00,122.7,128.9
2/13/2018 21:00,129.1,127.6
2/13/2018 22:00,128.3,134.6
2/13/2018 23:00,128.5,138.1
2/14/2018 0:00,127.7,137.6
2/14/2018 1:00,126.6,140.8
2/14/2018 2:00,130.4,148.2
2/14/2018 3:00,121,148
2/14/2018 4:00,115.3,141.8
2/14/2018 5:00,114.7,133.3
2/14/2018 6:00,111.5,121.1
2/14/2018 7:00,111.4,123.1
2/14/2018 8:00,114.7,124.1
2/14/2018 9:00,117.1,123.6
2/14/2018 10:00,120.5,121.6
2/14/2018 11:00,111.1,114.9
2/14/2018 12:00,114.9,121.1
2/14/2018 13:00,127.3,138.5
2/14/2018 14:00,123.8,118
2/14/2018 15:00,124,127.5
2/14/2018 16:00,127.2,131.7
2/14/2018 17:00,125.6,131
2/14/2018 18:00,128.4,134.8
2/14/2018 19:00,126.4,130.1
2/14/2018 20:00,122.8,138.4
2/14/2018 21:00,122.8,132.9
2/14/2018 22:00,126.8,132.1
2/14/2018 23:00,122.4,127.2
2/15/2018 0:00,119.8,127.4
2/15/2018 1:00,123,135.8
2/15/2018 2:00,122.4,137.6
2/15/2018 3:00,119.9,137.9
2/15/2018 4:00,119.2,134.3
2/15/2018 5:00,119.6,131.1
2/15/2018 6:00,120.7,131.6
2/15/2018 7:00,119.1,128.5
2/15/2018 8:00,119.5,133.4
2/15/2018 9:00,114.1,134
2/15/2018 10:00,120.2,138.5
2/15/2018 11:00,117.2,141.3
2/15/2018 12:00,115.8,135.5
2/15/2018 13:00,113.8,135.6
2/15/2018 14:00,114.5,129.7
2/15/2018 15:00,112.4,143.9
2/15/2018 16:00,113.3,139.1
2/15/2018 17:00,116.1,133.4
2/15/2018 18:00,117,139.6
2/15/2018 19:00,125.8,146.5
2/15/2018 20:00,127,152.4
2/15/2018 21:00,129.1,149.8
2/15/2018 22:00,125.5,144.7
2/15/2018 23:00,126.7,143.5
2/16/2018 0:00,123.3,149
2/16/2018 1:00,123.8,142.6
2/16/2018 2:00,124.4,145.6
2/16/2018 3:00,123.6,139
2/16/2018 4:00,124.6,151.3
2/16/2018 5:00, ,145.6
2/16/2018 6:00,123.4,146.5
2/16/2018 7:00,124.4,151
2/16/2018 8:00,123.8,149
2/16/2018 9:00,126.8,144.5
2/16/2018 10:00,126.7,142.6
2/16/2018 11:00,128.5,137.9
2/16/2018 12:00,121.3,143.8
2/16/2018 13:00,116.7,147.1
2/16/2018 14:00,117.3,152.6
2/16/2018 15:00,114.1,154.6
2/16/2018 16:00,112.5,164.4
2/16/2018 17:00,120.3,176.3
2/16/2018 18:00,117.2,171.1
2/16/2018 19:00,120,177.2
2/16/2018 20:00,118.6,168.5
2/16/2018 21:00,119.3,167
2/16/2018 22:00,123.4,163.9
2/16/2018 23:00,122.4,156.3
2/17/2018 0:00,123.4,152.4
2/17/2018 1:00,121.2,147.4
2/17/2018 2:00,120.1,143.1
2/17/2018 3:00,120.6,153.4
2/17/2018 4:00,126.8,145.4
2/17/2018 5:00,124.2,149
2/17/2018 6:00,125.4,144.8
2/17/2018 7:00,121.4,144.5
2/17/2018 8:00,121.1,134.8
2/17/2018 9:00,119,133
2/17/2018 10:00,121.3,135.7
2/17/2018 11:00,122.9, 
2/17/2018 12:00,122.3,138.2
2/17/2018 13:00,120.6,145.5
2/17/2018 14:00,122.8,155.5
2/17/2018 15:00,122.2,158
2/17/2018 16:00,123.3,181.1
2/17/2018 17:00,126.3,188.6
2/17/2018 18:00,125.8,177.1
2/17/2018 19:00,124.4,175.2
2/17/2018 20:00,118.6,170.9
2/17/2018 21:00,119.7,166.5
2/17/2018 22:00, ,164.2
2/17/2018 23:00, ,165.1
2/18/2018 0:00, ,162.1
2/18/2018 1:00,122.1,166.4
2/18/2018 2:00,124.4,165
2/18/2018 3:00,120.4,164.6
2/18/2018 4:00,113.4,162.7
2/18/2018 5:00,117.7,161.4
2/18/2018 6:00,120.1,157.2
2/18/2018 7:00,121.2,154.5
2/18/2018 8:00,119.5,158.9
2/18/2018 9:00,120.8,156.5
2/18/2018 10:00,117.1,154.9
2/18/2018 11:00,114.1,150.1
2/18/2018 12:00,118.9,143.5
2/18/2018 13:00,115.9,132.7
2/18/2018 14:00,110.1,127.5
2/18/2018 15:00,109.3,134.4
2/18/2018 16:00,110.4,123.8
2/18/2018 17:00,110.7,132.9
2/18/2018 18:00,114.2,134
2/18/2018 19:00,115.5,145.7
2/18/2018 20:00,116.4,148.3
2/18/2018 21:00,119.7,145.2
2/18/2018 22:00,120.6,144.8
2/18/2018 23:00,122.5,140.5
2/19/2018 0:00,122.6,147
2/19/2018 1:00,123.1,153.5
2/19/2018 2:00,121.8,150.7
2/19/2018 3:00,122,150.4
2/19/2018 4:00,124,153
2/19/2018 5:00, ,147.2
2/19/2018 6:00,121.9,148
2/19/2018 7:00,121.6,145.8
2/19/2018 8:00,120.1,144.7
2/19/2018 9:00,123.4,149.1
2/19/2018 10:00,124,152.2
2/19/2018 11:00,124,156
2/19/2018 12:00, ,156.2
2/19/2018 13:00,126.5,160.3
2/19/2018 14:00,125.5,164.5
2/19/2018 15:00,125.3,168.7
2/19/2018 16:00,124,168
2/19/2018 17:00,125.4,172.4
2/19/2018 18:00,125,173.3
2/19/2018 19:00,129,179.7
2/19/2018 20:00,127.6,182.3
2/19/2018 21:00,127.1,182.7
2/19/2018 22:00,128.6,175.2
2/19/2018 23:00,132.2,175.9
2/20/2018 0:00,129.7,176.5
2/20/2018 1:00,126.8,165.8
2/20/2018 2:00,127.9,163.8
2/20/2018 3:00,127.9,159.6
2/20/2018 4:00,128.5,158.9
2/20/2018 5:00,126.9,160.8
2/20/2018 6:00,127.2,160.2
2/20/2018 7:00,125.1,166.8
2/20/2018 8:00,127.1,155.5
2/20/2018 9:00,125.8,152.9
2/20/2018 10:00,131.9,158.3
2/20/2018 11:00,132.1,159.7
2/20/2018 12:00,129.2,159.2
2/20/2018 13:00,132.8,163.7
2/20/2018 14:00,136.5,164.5
2/20/2018 15:00,132.8,166.2
2/20/2018 16:00,130.2,188.2
2/20/2018 17:00,131.5,191.5
2/20/2018 18:00,130.3,189.8
2/20/2018 19:00,250.6,192.8
2/20/2018 20:00,132.2,192
2/20/2018 21:00,125.9,189.7
2/20/2018 22:00,125.4,183.1
2/20/2018 23:00,123.8,191.4
2/21/2018 0:00,126.4,186.5
2/21/2018 1:00,124.1,185.2
2/21/2018 2:00,122.4,186.2
2/21/2018 3:00,120.3,185.9
2/21/2018 4:00,122.2,192.9
2/21/2018 5:00,121.7,186.7
2/21/2018 6:00,122.1,186.1
2/21/2018 7:00,122.4,195.7
2/21/2018 8:00,120.3,188.7
2/21/2018 9:00,120,184.9
2/21/2018 10:00,123.4,182
2/21/2018 11:00,122,185.5
2/21/2018 12:00,104.7,169.5
2/21/2018 13:00,113.5,191.1
2/21/2018 14:00,111.7,196
2/21/2018 15:00,346.4,202.5
2/21/2018 16:00,331.1,199.6
2/21/2018 17:00,58.31, 
2/21/2018 18:00,176.6,211.2
2/21/2018 19:00,122.1,208.3
2/21/2018 20:00,113.5,202
2/21/2018 21:00,116.6,201
2/21/2018 22:00,116.8,195.6
2/21/2018 23:00,118.3,198.8
2/22/2018 0:00,119.4,184.1
2/22/2018 1:00,116.2,181.4
2/22/2018 2:00,118.3,182.1
2/22/2018 3:00,112.8,172.7
2/22/2018 4:00,115.9,158.9
2/22/2018 5:00,109.9, 
2/22/2018 6:00,121.1,161
2/22/2018 7:00,119.8,155.2
2/22/2018 8:00,120,154.9
2/22/2018 9:00,117.6,153.9
2/22/2018 10:00,115.6,145.3
2/22/2018 11:00,112.7,139.2
2/22/2018 12:00,117.4, 
2/22/2018 13:00,115.4,123
2/22/2018 14:00,114.3,120
2/22/2018 15:00,104.7,114.7
2/22/2018 16:00,116.7,125.1
2/22/2018 17:00,120.8,137.4
2/22/2018 18:00,126.5,143.7
2/22/2018 19:00,124,144.1
2/22/2018 20:00,124.4,154.4
2/22/2018 21:00,122.4,136.4
2/22/2018 22:00,123.8,130.1
2/22/2018 23:00,124.6,133.1
2/23/2018 0:00,122.1,138.4
2/23/2018 1:00,124.6,137.4
2/23/2018 2:00,125.2,142.8
2/23/2018 3:00, ,135.8
2/23/2018 4:00,123.9,136.9
2/23/2018 5:00,124.8,131
2/23/2018 6:00,122.7,132.2
2/23/2018 7:00,120.6,129
2/23/2018 8:00,120.6,134.4
2/23/2018 9:00,120.4,133.7
2/23/2018 10:00,120.8,135.9
2/23/2018 11:00,123.1,132.7
2/23/2018 12:00,130.4,133.9
2/23/2018 13:00,130.2,138.2
2/23/2018 14:00,135.3,145.7
2/23/2018 15:00,133.7,138.5
2/23/2018 16:00,128.6, 
2/23/2018 17:00,124.8,144.5
2/23/2018 18:00,125.6,148
2/23/2018 19:00,126.4,155.2
2/23/2018 20:00,129.5,154.4
2/23/2018 21:00,125.8,167.7
2/23/2018 22:00,124.2,168.9
2/23/2018 23:00, ,166.9
2/24/2018 0:00,128,161.1
2/24/2018 1:00,123.8,156.5
2/24/2018 2:00,128.1,148.2
2/24/2018 3:00,126.8,137.6
2/24/2018 4:00,125.8,141.4
2/24/2018 5:00,122.2,138.3
2/24/2018 6:00,124.4,144.5
2/24/2018 7:00,122.3,145.6
2/24/2018 8:00,120.9,144
2/24/2018 9:00,120.3,148.5
2/24/2018 10:00,114.3,137.9
2/24/2018 11:00,114.5,135.6
2/24/2018 12:00,118,141.2
2/24/2018 13:00,113.8,141.1
2/24/2018 14:00,108.6,126.4
2/24/2018 15:00,109.1,126.3
2/24/2018 16:00,113.7,124.8
2/24/2018 17:00,116.4,135.4
2/24/2018 18:00,116.1,139.9
2/24/2018 19:00,119.6,148.4
2/24/2018 20:00,119.6,145.5
2/24/2018 21:00,120,144.7
2/24/2018 22:00,119.6,147.4
2/24/2018 23:00,119.7,152.5
2/25/2018 0:00,123.5,139.5
2/25/2018 1:00,122.3,138.9
2/25/2018 2:00,121.8,135.3
2/25/2018 3:00,123.3,139.1
2/25/2018 4:00,121.4,140.4
2/25/2018 5:00,120.9,142.9
2/25/2018 6:00,123.9,142
2/25/2018 7:00,119.2,133
2/25/2018 8:00,122,134.5
2/25/2018 9:00,118.1,131.9
2/25/2018 10:00,122.6,135.1
2/25/2018 11:00,121,138.7
2/25/2018 12:00,124,141
2/25/2018 13:00,123.9,144.9
2/25/2018 14:00,123.9,148.7
2/25/2018 15:00,122.5,145.9
2/25/2018 16:00,118.5,148.2
2/25/2018 17:00,116,148.1
2/25/2018 18:00,121.2,153.9
2/25/2018 19:00,127.5,158
2/25/2018 20:00,124.4,166.4
2/25/2018 21:00,122,160.6
2/25/2018 22:00,123.6,163.4
2/25/2018 23:00,124.5,163
2/26/2018 0:00,120.3,161.6
2/26/2018 1:00,123.2,157.4
2/26/2018 2:00,121.8,147.6
2/26/2018 3:00,124.4,146.8
2/26/2018 4:00,120.9,145.2
2/26/2018 5:00,122,143.6
2/26/2018 6:00,120.8,145.8
2/26/2018 7:00,119.2,144.2
2/26/2018 8:00,121.6,146.9
2/26/2018 9:00,123.4,147.6
2/26/2018 10:00,122.7,142.9
2/26/2018 11:00,124,138.7
2/26/2018 12:00,122.7,138.5
2/26/2018 13:00,111.5,137.4
2/26/2018 14:00,115.8,133.5
2/26/2018 15:00,112.7,137.5
2/26/2018 16:00,114.5,135.1
2/26/2018 17:00,121.2,138.1
2/26/2018 18:00,122.5,146.2
2/26/2018 19:00,122,151.1
2/26/2018 20:00,121.9,151.4
2/26/2018 21:00,124.4,153.4
2/26/2018 22:00, ,153.4
2/26/2018 23:00, , 
2/27/2018 0:00,126.1,157.2
2/27/2018 1:00,126.6,157.8
2/27/2018 2:00,125.6,155.6
2/27/2018 3:00,125.4,152
2/27/2018 4:00,125.1,151.4
2/27/2018 5:00,124,153.8
2/27/2018 6:00,123.5,151.2
2/27/2018 7:00,125.4,153.5
2/27/2018 8:00,124.4,145.7
2/27/2018 9:00,123.1,147.6
2/27/2018 10:00,123.5,147.3
2/27/2018 11:00,124,150.3
2/27/2018 12:00,122.5,159.3
2/27/2018 13:00,118.4,163.6
2/27/2018 14:00,112,166.6
2/27/2018 15:00,112.2,162.8
2/27/2018 16:00,114.4,155.9
2/27/2018 17:00,105.7,143.6
2/27/2018 18:00,108.3,172
2/27/2018 19:00,121.5,171.1
2/27/2018 20:00,118.8,164.1
2/27/2018 21:00,121,160.1
2/27/2018 22:00,120.8,161.3
2/27/2018 23:00,122.5,165.2
2/28/2018 0:00,123.9,164.2
2/28/2018 1:00,122.6,158.5
2/28/2018 2:00,119.4,158.2
2/28/2018 3:00,120.3,154.2
2/28/2018 4:00,116.8,149.1
2/28/2018 5:00,118.9,151.4
2/28/2018 6:00,118.6,149.2
2/28/2018 7:00,118.9,151.1
2/28/2018 8:00,120.8,148.6
2/28/2018 9:00,121.9,145.7
2/28/2018 10:00,122.4,148.4
2/28/2018 11:00,120.8,147.1
2/28/2018 12:00,119.5,140.4
2/28/2018 13:00,123,150.2
2/28/2018 14:00,122.3,153.2
2/28/2018 15:00,119.6,155.6
2/28/2018 16:00,118.2,164.2
2/28/2018 17:00,111.2,148.6
2/28/2018 18:00,107.5,158.5
2/28/2018 19:00,116.1,168.5
2/28/2018 20:00,115.1,164.2
2/28/2018 21:00,117.6,167.3
2/28/2018 22:00,120.5,173.2
2/28/2018 23:00,119.5,161.7
3/1/2018 0:00, , 
3/1/2018 1:00, ,163.3
3/1/2018 2:00, ,168.9
3/1/2018 3:00,121.7,160.4
3/1/2018 4:00,120.4,156.3
3/1/2018 5:00,120.9,148.4
3/1/2018 6:00,121.5,143.7
3/1/2018 7:00,123.2, 
3/1/2018 8:00,121.1,146
3/1/2018 9:00,121.9,144.9
3/1/2018 10:00,117.6,147.4
3/1/2018 11:00,120.5,151.2
3/1/2018 12:00,123.2,152.5
3/1/2018 13:00,123.8,170.6
3/1/2018 14:00,120.6,175.1
3/1/2018 15:00,119.1,180.8
3/1/2018 16:00,121.6,164.1
3/1/2018 17:00,116,180.6
3/1/2018 18:00,118.1,178.5
3/1/2018 19:00,114.6,189.4
3/1/2018 20:00,115.9,180.6
3/1/2018 21:00,114.8,176.6
3/1/2018 22:00,120.7,185.2
3/1/2018 23:00,121.5, 
3/2/2018 0:00,121.9,177.3
3/2/2018 1:00,118.2,158.7
3/2/2018 2:00,121.2,163.5
3/2/2018 3:00,119.7,161.4
3/2/2018 4:00,120.3,159.3
3/2/2018 5:00,120.5,157.5
3/2/2018 6:00,120.4,156.6
3/2/2018 7:00,120.8,155.4
3/2/2018 8:00,123.2,148.9
3/2/2018 9:00,118.7,142.8
3/2/2018 10:00,119.4,143.7
3/2/2018 11:00,121.2,141
3/2/2018 12:00,117.3,134.2
3/2/2018 13:00,114.9,131.5
3/2/2018 14:00,115.6,132
3/2/2018 15:00,115,133.2
3/2/2018 16:00,112.8,131.8
3/2/2018 17:00,115.6,127
3/2/2018 18:00,115.1,127.7
3/2/2018 19:00,114.8,125.2
3/2/2018 20:00,111.5,118.1
3/2/2018 21:00,109.7,121.2
3/2/2018 22:00,109.5, 
3/2/2018 23:00,114.5, 
3/3/2018 0:00,114.5,133.9
3/3/2018 1:00,113.7,132.7
3/3/2018 2:00,114.5,131.9
3/3/2018 3:00,115.6,135.7
3/3/2018 4:00,116.2,134.4
3/3/2018 5:00,115.7,134
3/3/2018 6:00,114.7,139.4
3/3/2018 7:00,118.8,140.7
3/3/2018 8:00,119.6,139.5
3/3/2018 9:00,122.3,146.3
3/3/2018 10:00,124.4,148.2
3/3/2018 11:00,126,147.2
3/3/2018 12:00,125.2,142
3/3/2018 13:00,117.4,130.3
3/3/2018 14:00,113.4,116
3/3/2018 15:00, ,118.4
3/3/2018 16:00,113.5,125
3/3/2018 17:00,128.2,132.6
3/3/2018 18:00,129.6,139.1
3/3/2018 19:00,127.5,152.2
3/3/2018 20:00,124.7,158.4
3/3/2018 21:00,124.9,158.6
3/3/2018 22:00,121.8,150.3
3/3/2018 23:00,126.2,146.2
3/4/2018 0:00,129.7,144
3/4/2018 1:00,127.1,143.9
3/4/2018 2:00,125.8,143.8
3/4/2018 3:00,126.5,151.3
3/4/2018 4:00,126.6,146.6
3/4/2018 5:00,126.8,155.7
3/4/2018 6:00,130.8,165.3
3/4/2018 7:00,139.2,166.1
3/4/2018 8:00,136.9,164
3/4/2018 9:00,135.9,153.4
3/4/2018 10:00,132.6,149.1
3/4/2018 11:00,126,150.8
3/4/2018 12:00,125.5,144.8
3/4/2018 13:00,128,144.2
3/4/2018 14:00,132.7,151.1
3/4/2018 15:00,137.7,151.1
3/4/2018 16:00,132.5,165
3/4/2018 17:00,135.1,164.4
3/4/2018 18:00,127,163.3
3/4/2018 19:00,120.5,161.3
3/4/2018 20:00, , 
3/4/2018 21:00,118.3,164.7
3/4/2018 22:00,106,170.7
3/4/2018 23:00, , 
3/5/2018 0:00,120.8,165.1
3/5/2018 1:00,121.9,170.5
3/5/2018 2:00,130.3,170.5
3/5/2018 3:00,129.3,169.6
3/5/2018 4:00,139.6,174
3/5/2018 5:00,141.7,190.8
3/5/2018 6:00,147.6,193.4
3/5/2018 7:00,128,192.5
3/5/2018 8:00,254.1,206.9
3/5/2018 9:00,204.4,200.5
3/5/2018 10:00,188.4,231.9
3/5/2018 11:00,4.047,276.4
3/5/2018 12:00,129.1,191.5
3/5/2018 13:00,127.5,187.3
3/5/2018 14:00,123.5,196.4
3/5/2018 15:00,128,172.1
3/5/2018 16:00,128.8,191.2
3/5/2018 17:00,128.6,175
3/5/2018 18:00,265.5,190.2
3/5/2018 19:00,133.1,179
3/5/2018 20:00,120.2,155.6
3/5/2018 21:00,117.5,175.6
3/5/2018 22:00,115.3,169.4
3/5/2018 23:00,106.3,148.9
3/6/2018 0:00,106.9,173.8
3/6/2018 1:00,119.4,169.3
3/6/2018 2:00,131.7,192.5
3/6/2018 3:00,121.6,178.2
3/6/2018 4:00,122.4,191.5
3/6/2018 5:00,124.1,170
3/6/2018 6:00,117.6,180.3
3/6/2018 7:00,126.5,166
3/6/2018 8:00,127.4,172.2
3/6/2018 9:00,125,162.7
3/6/2018 10:00,127.2,168.2
3/6/2018 11:00, ,165.9
3/6/2018 12:00,117.8, 
3/6/2018 13:00,120.4,159.5
3/6/2018 14:00,119.9,152.9
3/6/2018 15:00,121.1,153.7
3/6/2018 16:00,122.7,156.2
3/6/2018 17:00,121.1,158.9
3/6/2018 18:00,120.1,160.7
3/6/2018 19:00,122.9,161.2
3/6/2018 20:00, ,153.4
3/6/2018 21:00,125.1,153.4
3/6/2018 22:00,125,149.7
3/6/2018 23:00, ,152
3/7/2018 0:00,122.4,145.9
3/7/2018 1:00,123.9,148.6
3/7/2018 2:00,122.2,146.9
3/7/2018 3:00,123.9,149.8
3/7/2018 4:00,123.1,149.5
3/7/2018 5:00,122.3,151.8
3/7/2018 6:00,123.6,153.1
3/7/2018 7:00,123.7,155.8
3/7/2018 8:00,121.8,155.6
3/7/2018 9:00,123,156.5
3/7/2018 10:00,120.8,154.9
3/7/2018 11:00,122.5,154.1
3/7/2018 12:00,124.2,154.4
3/7/2018 13:00,122,156.5
3/7/2018 14:00,125.7,158.2
3/7/2018 15:00,124.8,160.3
3/7/2018 16:00,130.6,155.8
3/7/2018 17:00,122.5,155.6
3/7/2018 18:00,122.5,155.2
3/7/2018 19:00,124.9,152
3/7/2018 20:00, , 
3/7/2018 21:00,132.9,161.5
3/7/2018 22:00,131.5,162.5
3/7/2018 23:00,137.8,163
3/8/2018 0:00,133.3,170
3/8/2018 1:00,133.8,159.5
3/8/2018 2:00,129.2,165.4
3/8/2018 3:00,128.9,158.4
3/8/2018 4:00,126.5,160
3/8/2018 5:00,129.6,155.8
3/8/2018 6:00,130.9,154.5
3/8/2018 7:00,138.7,158.9
3/8/2018 8:00,136.2,155.7
3/8/2018 9:00,131,149.7
3/8/2018 10:00,129,152
3/8/2018 11:00,128.1,151.7
3/8/2018 12:00,130.3,144.1
3/8/2018 13:00,128.9,144.7
3/8/2018 14:00,125.9,151.5
3/8/2018 15:00,125.1,147.5
3/8/2018 16:00,126.2,150.7
3/8/2018 17:00,127.3,148.7
3/8/2018 18:00,125.5,151.7
3/8/2018 19:00,127.8,151.7
3/8/2018 20:00,124.7,151.4
3/8/2018 21:00,124.4,154.6
3/8/2018 22:00,123.9,152.4
3/8/2018 23:00,124.6,152.2
3/9/2018 0:00,124.7,153.7
3/9/2018 1:00,124,154.1
3/9/2018 2:00,124.4,158.5
3/9/2018 3:00,124.2,156.9
3/9/2018 4:00,126.4,152.4
3/9/2018 5:00,125.6,155.1
3/9/2018 6:00,124.6,158.1
3/9/2018 7:00,126,159.6
3/9/2018 8:00,125.6,153.7
3/9/2018 9:00,127.9,153.9
3/9/2018 10:00,125.5,156
3/9/2018 11:00,127,150.8
3/9/2018 12:00,127,154.4
3/9/2018 13:00,124.4,155.7
3/9/2018 14:00,125.2,157.8
3/9/2018 15:00,123.8,159.6
3/9/2018 16:00,124.6,161.7
3/9/2018 17:00,122.4,156.7
3/9/2018 18:00,125.8,153.8
3/9/2018 19:00,126.5,154.2
3/9/2018 20:00,123.8,152.6
3/9/2018 21:00,125.8,155.7
3/9/2018 22:00,126.1,154.8
3/9/2018 23:00,126.5,159.1
3/10/2018 0:00,125.5,156.3
3/10/2018 1:00,124.9,151.3
3/10/2018 2:00,122.7,142.5
3/10/2018 3:00,122.5,137.2
3/10/2018 4:00,123.5, 
3/10/2018 5:00, ,139.8
3/10/2018 6:00,122.2,147.1
3/10/2018 7:00,120.6,137.7
3/10/2018 8:00,119.4,140
3/10/2018 9:00,116.7,143.2
3/10/2018 10:00,120,143.6
3/10/2018 11:00,123.9,142.3
3/10/2018 12:00,128.3,139
3/10/2018 13:00,125.8,138
3/10/2018 14:00,127.8,144.1
3/10/2018 15:00,125.4,141.2
3/10/2018 16:00,123.8,139.3
3/10/2018 17:00,126.5,135
3/10/2018 18:00,122.2,134.8
3/10/2018 19:00,122.2,137.4
3/10/2018 20:00,127.2,141.8
3/10/2018 21:00,126.2,140.6
3/10/2018 22:00, ,142.1
3/10/2018 23:00,125.1,141.9
3/11/2018 0:00,125.8,141.9
3/11/2018 1:00,127.3,140.7
3/11/2018 2:00,125.4,140.9
3/11/2018 3:00,123,138.8
3/11/2018 4:00,123.5,138
3/11/2018 5:00,124,136.8
3/11/2018 6:00,124.6,136.6
3/11/2018 7:00,124.3,137.6
3/11/2018 8:00,126.2,140.5
3/11/2018 9:00,126.1,141.2
3/11/2018 10:00,128.2,140
3/11/2018 11:00,127,128.1
3/11/2018 12:00,124.2,122.7
3/11/2018 13:00,125.7,126.1
3/11/2018 14:00,126.1,131
3/11/2018 15:00,123.8,132.2
3/11/2018 16:00,125.2,136.9
3/11/2018 17:00,125.8,140.8
3/11/2018 18:00,126.6,137.5
3/11/2018 19:00,123.9,137.7
3/11/2018 20:00,126.5,137.9
3/11/2018 21:00,124.9,132.4
3/11/2018 22:00,127.9, 
3/11/2018 23:00,125,129.5
3/12/2018 0:00,123.1,126.4
3/12/2018 1:00,121.5,127.9
3/12/2018 2:00,116.2,132.3
3/12/2018 3:00,120.1,133.6
3/12/2018 4:00,118.8,132.5
3/12/2018 5:00,120.8,129.9
3/12/2018 6:00,122.2,128.4
3/12/2018 7:00,121.5,133.7
3/12/2018 8:00,121.2,137.5
3/12/2018 9:00,122.6,136.8
3/12/2018 10:00,122.2,135.8
3/12/2018 11:00,122.7,135
3/12/2018 12:00,121.8,135.9
3/12/2018 13:00,123.1,138.1
3/12/2018 14:00,122.5,139.1
3/12/2018 15:00,123.9,140.3
3/12/2018 16:00,123.6,139.5
3/12/2018 17:00,122.3,137.3
3/12/2018 18:00,122.9,141.3
3/12/2018 19:00,122.5,139.4
3/12/2018 20:00,122.3,140.3
3/12/2018 21:00,124.2,140.7
3/12/2018 22:00,123,140.9
3/12/2018 23:00,123.5,140.5
3/13/2018 0:00,120.6,139.9
3/13/2018 1:00,121.9,139.9
3/13/2018 2:00,123,137.7
3/13/2018 3:00,123.8,141.6
3/13/2018 4:00, , 
3/13/2018 5:00,124.2,144.2
3/13/2018 6:00,124.6,145.9
3/13/2018 7:00,124.5,141.9
3/13/2018 8:00,124.2,140.4
3/13/2018 9:00,121,137.2
3/13/2018 10:00,123.5,137.5
3/13/2018 11:00,121.8,137.6
3/13/2018 12:00,117,134.8
3/13/2018 13:00,115.9,130.7
3/13/2018 14:00,115,132.5
3/13/2018 15:00,114.1,132.3
3/13/2018 16:00,111.1,129.6
3/13/2018 17:00,114.1, 
3/13/2018 18:00,114.3,129.8
3/13/2018 19:00,120.6,135.7
3/13/2018 20:00,121.1,135.6
3/13/2018 21:00,120.8,136.5
3/13/2018 22:00,115.1,136.5
3/13/2018 23:00,117.2,137.4
3/14/2018 0:00,118.4,141.2
3/14/2018 1:00,116.3,140.8
3/14/2018 2:00,117.3,137.2
3/14/2018 3:00,119,136.2
3/14/2018 4:00,119.3,137.4
3/14/2018 5:00,120,138.2
3/14/2018 6:00,120.8,140.5
3/14/2018 7:00,120.9,140.6
3/14/2018 8:00,119.7,142.2
3/14/2018 9:00,118,136.4
3/14/2018 10:00,117.6,137.3
3/14/2018 11:00,119,137.5
3/14/2018 12:00,121.4,137.5
3/14/2018 13:00,117.9,137.4
3/14/2018 14:00,117.1,133.2
3/14/2018 15:00,117.8,131.3
3/14/2018 16:00,116.7,130.9
3/14/2018 17:00,118.5,130.6
3/14/2018 18:00,116.3,130.9
3/14/2018 19:00,120.3,133.5
3/14/2018 20:00,122.3,137.5
3/14/2018 21:00,122.3,138.3
3/14/2018 22:00, ,136.6
3/14/2018 23:00,123.4,137.9
3/15/2018 0:00,124,148.3
3/15/2018 1:00,124.5,147.9
3/15/2018 2:00,123.4,140
3/15/2018 3:00,125.3,152.2
3/15/2018 4:00,124.8,147.2
3/15/2018 5:00,125.5,148.4
3/15/2018 6:00,126.3,147.6
3/15/2018 7:00,126.1,147.1
3/15/2018 8:00,126.3,140.2
3/15/2018 9:00,126.5,139.9
3/15/2018 10:00,124.9,141.7
3/15/2018 11:00,125.7,137.8
3/15/2018 12:00,122.8,133.4
3/15/2018 13:00,123,135.2
3/15/2018 14:00,123.4,139
3/15/2018 15:00,118,136.3
3/15/2018 16:00,120.1,138.1
3/15/2018 17:00,128.3,144.8
3/15/2018 18:00,125.9,143.1
3/15/2018 19:00,124.9,140.4
3/15/2018 20:00,123.3,133.4
3/15/2018 21:00,117.9,132.9
3/15/2018 22:00,117.7,141.3
3/15/2018 23:00,119.9,141.3
3/16/2018 0:00,121.9,141.1
3/16/2018 1:00,119,139.7
3/16/2018 2:00,119.1,136.8
3/16/2018 3:00,120.2,139.2
3/16/2018 4:00,121.8,135.5
3/16/2018 5:00,120.1,140.1
3/16/2018 6:00,121.6,139
3/16/2018 7:00,120.3,142.5
3/16/2018 8:00,122.3,142.1
3/16/2018 9:00,121.9,139.7
3/16/2018 10:00,119.9,137
3/16/2018 11:00,121.7, 
3/16/2018 12:00,121.7,136.4
3/16/2018 13:00,123.3,136.7
3/16/2018 14:00,122.9,136.5
3/16/2018 15:00,123.6,138.4
3/16/2018 16:00,124.2,142.3
3/16/2018 17:00,126,144.8
3/16/2018 18:00,124.3,142.4
3/16/2018 19:00,127.1,143.4
3/16/2018 20:00,126,139.1
3/16/2018 21:00,117.3,130.2
3/16/2018 22:00,95.5,97.8
3/16/2018 23:00,96.8,95.5
3/17/2018 0:00,97.2,97.9
3/17/2018 1:00,101.1,98.3
3/17/2018 2:00,102.1,107.6
3/17/2018 3:00,103.9,105.6
3/17/2018 4:00,97.2,100.5
3/17/2018 5:00,101.6,102
3/17/2018 6:00,98.6,101.3
3/17/2018 7:00,94.6,99.6
3/17/2018 8:00,96.3,96.3
3/17/2018 9:00,99.5,101.6
3/17/2018 10:00,99.8, 
3/17/2018 11:00,125.1,147.3
3/17/2018 12:00,125.6,143.9
3/17/2018 13:00,126.4,140.1
3/17/2018 14:00,122.8,138.7
3/17/2018 15:00,124.5,137.9
3/17/2018 16:00,124.7,136.9
3/17/2018 17:00,125.2,153.8
3/17/2018 18:00, ,163.6
3/17/2018 19:00,124.5,169.1
3/17/2018 20:00, ,155.8
3/17/2018 21:00,125.3,165.9
3/17/2018 22:00,121.1,164
3/17/2018 23:00,122.6,179.3
3/18/2018 0:00,125,178.3
3/18/2018 1:00,121.7, 
3/18/2018 2:00,119.6,177.9
3/18/2018 3:00,125.1,174.7
3/18/2018 4:00,122.1,168.3
3/18/2018 5:00,120,166.3
3/18/2018 6:00,121.9,168.2
3/18/2018 7:00,121.9,165.1
3/18/2018 8:00,121.5,163
3/18/2018 9:00,119.6,160.3
3/18/2018 10:00,119.3,154.8
3/18/2018 11:00, ,153.7
3/18/2018 12:00,118.6,156.9
3/18/2018 13:00,116.7,153.4
3/18/2018 14:00,117.7,152.7
3/18/2018 15:00,119.6,154.4
3/18/2018 16:00,122.9,151.8
3/18/2018 17:00,123.3,153.7
3/18/2018 18:00,121.3,151.8
3/18/2018 19:00,118.5,152.6
3/18/2018 20:00,120.3,151
3/18/2018 21:00,121.7,151.6
3/18/2018 22:00,114.7,147.1
3/18/2018 23:00,118.2,144
3/19/2018 0:00,118.3,144.5
3/19/2018 1:00,117.4,140.6
3/19/2018 2:00,117.2,134.5
3/19/2018 3:00,117.8,133.3
3/19/2018 4:00,116.7,130.4
3/19/2018 5:00,117.8,132.7
3/19/2018 6:00,116.5,132.2
3/19/2018 7:00,116,129.8
3/19/2018 8:00,118.1,128
3/19/2018 9:00,115.3,127.9
3/19/2018 10:00,117,129.1
3/19/2018 11:00,119.7, 
3/19/2018 12:00,120.9,133.9
3/19/2018 13:00,119.7,133.2
3/19/2018 14:00,117.4,133.5
3/19/2018 15:00,118.9,132.8
3/19/2018 16:00,122.5,133.7
3/19/2018 17:00,124.7,137.3
3/19/2018 18:00,123.9,140.7
3/19/2018 19:00,124.2,139.3
3/19/2018 20:00,124.6,139.5
3/19/2018 21:00,122.2,139.2
3/19/2018 22:00,123.2,139.3
3/19/2018 23:00,121.6,135.9
3/20/2018 0:00,121.8,136.4
3/20/2018 1:00,122.3,136.8
3/20/2018 2:00,121.9,135.7
3/20/2018 3:00,120.6,133.2
3/20/2018 4:00,121.9,133.9
3/20/2018 5:00,120.5,133.5
3/20/2018 6:00,120.3,130.3
3/20/2018 7:00,119.8,131.3
3/20/2018 8:00,115.8,127.7
3/20/2018 9:00,118.8,130.1
3/20/2018 10:00,118.9,133.2
3/20/2018 11:00,119.1,132.2
3/20/2018 12:00,121.4,132.7
3/20/2018 13:00,120.7,133.6
3/20/2018 14:00,119.9,137.9
3/20/2018 15:00,119.5,138
3/20/2018 16:00,121,140
3/20/2018 17:00,118.3,136.6
3/20/2018 18:00, ,130.6
3/20/2018 19:00,120,132.3
3/20/2018 20:00,121.6,139
3/20/2018 21:00,120.5,136.7
3/20/2018 22:00,123,140.3
3/20/2018 23:00,120.2,143.3
3/21/2018 0:00,121.2,138.6
3/21/2018 1:00,120.1,136.7
3/21/2018 2:00,118.8,133
3/21/2018 3:00,118.2,136.2
3/21/2018 4:00,120.7,136.3
3/21/2018 5:00,120.4,137.9
3/21/2018 6:00,121.2,143.6
3/21/2018 7:00,122.8, 
3/21/2018 8:00,124.7,144.6
3/21/2018 9:00,125.6,144.3
3/21/2018 10:00,125.2,145
3/21/2018 11:00, , 
3/21/2018 12:00,126.9,144.8
3/21/2018 13:00,124.3,145.1
3/21/2018 14:00,127.7,147.3
3/21/2018 15:00,129.7,148.6
3/21/2018 16:00,126.4,149.2
3/21/2018 17:00,126.8,151
3/21/2018 18:00,127.7,150
3/21/2018 19:00,130.6,149.9
3/21/2018 20:00,132.7,147.8
3/21/2018 21:00,129.7,147.5
3/21/2018 22:00,128.6,143.9
3/21/2018 23:00,124.9,146
3/22/2018 0:00,124.6,140.8
3/22/2018 1:00,122.7,138.3
3/22/2018 2:00,116.3,135.4
3/22/2018 3:00,116.6,136.3
3/22/2018 4:00,117,134
3/22/2018 5:00,120.4,129.2
3/22/2018 6:00,124.2,127.7
3/22/2018 7:00,121.1, 
3/22/2018 8:00, ,128.7
3/22/2018 9:00,121.4,127.8
3/22/2018 10:00,122,127.3
3/22/2018 11:00,120.5,128.3
3/22/2018 12:00,120,128.3
3/22/2018 13:00,117.6,127.9
3/22/2018 14:00,116.3,125.9
3/22/2018 15:00,113.1,130.7
3/22/2018 16:00,117.3,128.3
3/22/2018 17:00,116.2,126.5
3/22/2018 18:00,116.8,127.9
3/22/2018 19:00,120.3,131.5
3/22/2018 20:00,122.3,135.6
3/22/2018 21:00,121.6,132.9
3/22/2018 22:00,123.4,134.1
3/22/2018 23:00,123.4,131.2
3/23/2018 0:00,122.6,134.2
3/23/2018 1:00,124.7,135
3/23/2018 2:00,123.1,133.4
3/23/2018 3:00,124.6,132.5
3/23/2018 4:00,120.8,127.4
3/23/2018 5:00,120.2,126.8
3/23/2018 6:00,120.4,125.7
3/23/2018 7:00,122.4,127.1
3/23/2018 8:00,122.8,128.5
3/23/2018 9:00,124.9,126.8
3/23/2018 10:00,122.7,125.5
3/23/2018 11:00,121,124.6
3/23/2018 12:00,120.2,127.2
3/23/2018 13:00,117.6,125.5
3/23/2018 14:00,120,130.2
3/23/2018 15:00,113.9,132.2
3/23/2018 16:00,112.8,133.1
3/23/2018 17:00,112.4,134.4
3/23/2018 18:00,115,134.6
3/23/2018 19:00,124.5,138.2
3/23/2018 20:00,126.3,138.9
3/23/2018 21:00,124.4,135.9
3/23/2018 22:00,125.5,136.9
3/23/2018 23:00,124.4,132.8
3/24/2018 0:00,122.9,129.9
3/24/2018 1:00, ,128.7
3/24/2018 2:00,118.3,130.7
3/24/2018 3:00,114.6,131.5
3/24/2018 4:00,115.8,134.6
3/24/2018 5:00, ,130.9
3/24/2018 6:00,116.3,132.3
3/24/2018 7:00,119.6,131.3
3/24/2018 8:00,120.1,135.1
3/24/2018 9:00,119.5,133.1
3/24/2018 10:00,122.7,133.3
3/24/2018 11:00, , 
3/24/2018 12:00,121.7,143.9
3/24/2018 13:00,123.2,141.6
3/24/2018 14:00,121.7,143
3/24/2018 15:00,116.8,151.3
3/24/2018 16:00,126.3,155.3
3/24/2018 17:00,122.9,152.6
3/24/2018 18:00,123.3,151.7
3/24/2018 19:00,122.9,144.1
3/24/2018 20:00,120.5,139.5
3/24/2018 21:00,115.7,138.7
3/24/2018 22:00,110.7,134.4
3/24/2018 23:00,109.9,144.1
3/25/2018 0:00,110.6,144.4
3/25/2018 1:00,111.3,152.3
3/25/2018 2:00,113.6, 
3/25/2018 3:00,110,155.8
3/25/2018 4:00,111.6,158.1
3/25/2018 5:00,111.6,129.2
3/25/2018 6:00,108.8,133
3/25/2018 7:00,112.3,135.8
3/25/2018 8:00,113,142.2
3/25/2018 9:00,110.3,140.9
3/25/2018 10:00,109.6,142.3
3/25/2018 11:00,103.8,133.1
3/25/2018 12:00,111.1,146.1
3/25/2018 13:00,110.9,137.2
3/25/2018 14:00,108.9,151.3
3/25/2018 15:00,108.2,137.3
3/25/2018 16:00,108.1,147.1
3/25/2018 17:00,108.8,162.3
3/25/2018 18:00,111.7,165.8
3/25/2018 19:00,115.7,174.2
3/25/2018 20:00,124,164.4
3/25/2018 21:00,118.3,165.4
3/25/2018 22:00,125.9,172.3
3/25/2018 23:00,129.8,189.6
3/26/2018 0:00,127.5,161.3
3/26/2018 1:00,128.9,179.1
3/26/2018 2:00,133.2,176.7
3/26/2018 3:00,130.1,181.3
3/26/2018 4:00,128.1,167.7
3/26/2018 5:00,126.6,166.9
3/26/2018 6:00,127.5,151.2
3/26/2018 7:00,127.6,142.1
3/26/2018 8:00,128.2,139.3
3/26/2018 9:00,134.6,136.1
3/26/2018 10:00,119.4,133.3
3/26/2018 11:00,127.3,133.9
3/26/2018 12:00,122.6,133.4
3/26/2018 13:00,123.2,132
3/26/2018 14:00,126,127.7
3/26/2018 15:00,118.5,129
3/26/2018 16:00,123.3,127.8
3/26/2018 17:00,120.8,131.4
3/26/2018 18:00, ,131
3/26/2018 19:00,118.9,128.5
3/26/2018 20:00,121.1,141.8
3/26/2018 21:00,128.7,141.6
3/26/2018 22:00,125.2,143.6
3/26/2018 23:00,121.1,170.7
3/27/2018 0:00,116.1,150.5
3/27/2018 1:00, ,150.4
3/27/2018 2:00,124.8,162
3/27/2018 3:00,122.5,155.2
3/27/2018 4:00, ,163
3/27/2018 5:00,119.8,172.9
3/27/2018 6:00,118.3,166.2
3/27/2018 7:00,121.4,168.1
3/27/2018 8:00,121.3,165.5
3/27/2018 9:00,123.9,162.1
3/27/2018 10:00,127.9,160.7
3/27/2018 11:00,130.8, 
3/27/2018 12:00, , 
3/27/2018 13:00, , 
3/27/2018 14:00, , 
3/27/2018 15:00, , 
3/27/2018 16:00, , 
3/27/2018 17:00, , 
3/27/2018 18:00, , 
3/27/2018 19:00, , 
3/27/2018 20:00, , 
3/27/2018 21:00, , 
3/27/2018 22:00, , 
3/27/2018 23:00, , 
3/28/2018 0:00, , 
3/28/2018 1:00, , 
3/28/2018 2:00, , 
3/28/2018 3:00, , 
3/28/2018 4:00, , 
3/28/2018 5:00, , 
3/28/2018 6:00, ,135.9
3/28/2018 7:00,115.1,133.1
3/28/2018 8:00,113.2,128.8
3/28/2018 9:00,113,128.7
3/28/2018 10:00,112.5,127.5
3/28/2018 11:00,106.5,125.3
3/28/2018 12:00,106.2,124.8
3/28/2018 13:00,107.8,124.2
3/28/2018 14:00,102.7,124.4
3/28/2018 15:00,107.8,123.8
3/28/2018 16:00,107.4,124.1
3/28/2018 17:00,107,127.9
3/28/2018 18:00,109.6,127.4
3/28/2018 19:00,109.7,128.6
3/28/2018 20:00, ,129.2
3/28/2018 21:00,118.3,128.1
3/28/2018 22:00, ,130.9
3/28/2018 23:00,115.5,134.7
3/29/2018 0:00,116.3,138.4
3/29/2018 1:00,119.2, 
3/29/2018 2:00,119,140
3/29/2018 3:00,119.5,141.6
3/29/2018 4:00,118.9,137.9
3/29/2018 5:00,120,139.3
3/29/2018 6:00,119.4,138.5
3/29/2018 7:00,121.4,147.1
3/29/2018 8:00,113.2,135.9
3/29/2018 9:00,117.1,141.3
3/29/2018 10:00,119.5,137.1
3/29/2018 11:00,116.6,135.6
3/29/2018 12:00,115.9,145.2
3/29/2018 13:00, ,144.6
3/29/2018 14:00,113.5,142.8
3/29/2018 15:00,111.9,137.7
3/29/2018 16:00,116,144.7
3/29/2018 17:00,116.6,144.1
3/29/2018 18:00,114.6,137.2
3/29/2018 19:00,119.3,137.4
3/29/2018 20:00,120.9,138.4
3/29/2018 21:00,120.5,140.2
3/29/2018 22:00,122.1,139.6
3/29/2018 23:00,122.2,138.3
3/30/2018 0:00,119.4,137.9
3/30/2018 1:00, ,138.7
3/30/2018 2:00,121.5,136.1
3/30/2018 3:00,119.1,133.6
3/30/2018 4:00,117.4,132
3/30/2018 5:00,118.7,132.2
3/30/2018 6:00,116.9,132.1
3/30/2018 7:00,113.5,129.6
3/30/2018 8:00,111.5,129.3
3/30/2018 9:00,118.3,128.2
3/30/2018 10:00,115.7,128.8
3/30/2018 11:00,119.3,129.6
3/30/2018 12:00,115.9, 
3/30/2018 13:00, ,130.1
3/30/2018 14:00,120.8,130.5
3/30/2018 15:00,111.4,132.9
3/30/2018 16:00,120.1,136.3
3/30/2018 17:00,131.3,136.2
3/30/2018 18:00,137.1,152.1
3/30/2018 19:00,139.3,147.4
3/30/2018 20:00,139.4,159.2
3/30/2018 21:00,131.4,151.6
3/30/2018 22:00,135.1,160.8
3/30/2018 23:00,131.5,159.4
3/31/2018 0:00,136.1,164.4
3/31/2018 1:00,145.6,169.5
3/31/2018 2:00,166.1,178.7
3/31/2018 3:00,191,182.3
3/31/2018 4:00,195.4,176.7
3/31/2018 5:00,186.3,155.3
3/31/2018 6:00,137.8,157.6
3/31/2018 7:00,136.1,166.2
3/31/2018 8:00,136.7,164
3/31/2018 9:00,140.4,190.6
3/31/2018 10:00,185.8, 
3/31/2018 11:00,356.4,272.1
3/31/2018 12:00, ,228
3/31/2018 13:00,93.9,100.8
3/31/2018 14:00,104,121.7
3/31/2018 15:00,127.6,148.7
3/31/2018 16:00,114.1,129.6
3/31/2018 17:00,109.5,121.4
3/31/2018 18:00,106.5,123.9
3/31/2018 19:00,111.6,131.7
3/31/2018 20:00,104.2,103.9
3/31/2018 21:00,101.4,116.6
3/31/2018 22:00,111.9, 
3/31/2018 23:00,117.1,117.6
4/1/2018 0:00, , 
4/1/2018 1:00, ,136.6
4/1/2018 2:00,121.2,136
4/1/2018 3:00,128.2,136.3
4/1/2018 4:00,132.6,141.1
4/1/2018 5:00,124.8,122.2
4/1/2018 6:00,95.4,89.8
4/1/2018 7:00,94.5,89.9
4/1/2018 8:00,71.42,56.07
4/1/2018 9:00,84,82.3
4/1/2018 10:00,81.7,86.9
4/1/2018 11:00,88.1,87.4
4/1/2018 12:00,89.4,80.1
4/1/2018 13:00,96.5,97
4/1/2018 14:00,95,95.4
4/1/2018 15:00,100.3,97.8
4/1/2018 16:00,96.8,100
4/1/2018 17:00,92.4,91
4/1/2018 18:00, ,96.8
4/1/2018 19:00,100,97.8
4/1/2018 20:00,98.4,96
4/1/2018 21:00, ,99
4/1/2018 22:00,103.7,101.7
4/1/2018 23:00,104.8,100.5
4/2/2018 0:00, , 
4/2/2018 1:00, ,109.2
4/2/2018 2:00,122.8,126.9
4/2/2018 3:00,123.8, 
4/2/2018 4:00,123.7,142.5
4/2/2018 5:00,126.2,140.4
4/2/2018 6:00,124.8,136.9
4/2/2018 7:00,122.9,134.4
4/2/2018 8:00,118.6,132.9
4/2/2018 9:00,120.8,121.6
4/2/2018 10:00,119.4,119.6
4/2/2018 11:00,111,111.4
4/2/2018 12:00,100.1,90
4/2/2018 13:00,36.45,339.6
4/2/2018 14:00,61.86,62.27
4/2/2018 15:00,80.2,97.4
4/2/2018 16:00,98.5,104.3
4/2/2018 17:00,99.5,116.4
4/2/2018 18:00,98.2,101.5
4/2/2018 19:00,99.7,113.8
4/2/2018 20:00,106.8,112.4
4/2/2018 21:00,103,107
4/2/2018 22:00,108,117.1
4/2/2018 23:00,112.2,116.6
4/3/2018 0:00, , 
4/3/2018 1:00, ,114.9
4/3/2018 2:00,120.6,125.3
4/3/2018 3:00,119.6,118.4
4/3/2018 4:00,114.2,110.3
4/3/2018 5:00,98.5,98.5
4/3/2018 6:00,97.5,98.7
4/3/2018 7:00,98.3,94.9
4/3/2018 8:00,95.7,94.7
4/3/2018 9:00,91.4,88.4
4/3/2018 10:00,89.9,88.8
4/3/2018 11:00,90.1,85.1
4/3/2018 12:00,89.8,86.2
4/3/2018 13:00,95.2,90.8
4/3/2018 14:00,97.8,93.7
4/3/2018 15:00,99.2,95.9
4/3/2018 16:00,97.2,94.6
4/3/2018 17:00,95.6,96.5
4/3/2018 18:00,96.1,97.3
4/3/2018 19:00,95.6,96.6
4/3/2018 20:00,95.4,97.1
4/3/2018 21:00,94,95.3
4/3/2018 22:00,97.3,97.2
4/3/2018 23:00,97.6,98
4/4/2018 0:00, , 
4/4/2018 1:00, ,99.3
4/4/2018 2:00,100.7,102.1
4/4/2018 3:00,102.1,104.3
4/4/2018 4:00,102.1,107.9
4/4/2018 5:00,103.4,109.8
4/4/2018 6:00,102.4,110.1
4/4/2018 7:00,106.4,115.2
4/4/2018 8:00,109.4,116.2
4/4/2018 9:00,111.2,118.3
4/4/2018 10:00,111.8,122.7
4/4/2018 11:00,111.1,125.7
4/4/2018 12:00,110.1, 
4/4/2018 13:00,115.4,129.5
4/4/2018 14:00,114.6,131.5
4/4/2018 15:00,116,126.6
4/4/2018 16:00,116.3,122.6
4/4/2018 17:00,112.3,122.3
4/4/2018 18:00,120.5,123.3
4/4/2018 19:00,117.7,126.8
4/4/2018 20:00, ,125.8
4/4/2018 21:00,118.8,129.8
4/4/2018 22:00,125.9,144.2
4/4/2018 23:00,116,137.7
4/5/2018 0:00, , 
4/5/2018 1:00, ,145.6
4/5/2018 2:00,117.2,144.8
4/5/2018 3:00,114.6,149.3
4/5/2018 4:00,115.2,151.8
4/5/2018 5:00,118.8,149.1
4/5/2018 6:00,123.6,158.9
4/5/2018 7:00,118.4,154.6
4/5/2018 8:00,119.4,152.3
4/5/2018 9:00,111.7,136.9
4/5/2018 10:00,116.3,137.8
4/5/2018 11:00,114.4,137.1
4/5/2018 12:00,111.1,138.2
4/5/2018 13:00,104.9, 
4/5/2018 14:00,111.9,133.5
4/5/2018 15:00,112.6,128.7
4/5/2018 16:00,108.3,132.1
4/5/2018 17:00,109.1,135.9
4/5/2018 18:00,111.6,130.1
4/5/2018 19:00,103,128.9
4/5/2018 20:00,110.2,127.2
4/5/2018 21:00,117.2,127
4/5/2018 22:00,112.1,133.2
4/5/2018 23:00,112.7,132.4
4/6/2018 0:00, , 
4/6/2018 1:00, ,133.2
4/6/2018 2:00,121.5,134.4
4/6/2018 3:00,119,138.5
4/6/2018 4:00,120.3,137.2
4/6/2018 5:00,121.4,138.7
4/6/2018 6:00,120.9,138.6
4/6/2018 7:00,122.7,139.4
4/6/2018 8:00,121.5,141.4
4/6/2018 9:00,120.9, 
4/6/2018 10:00,119.9, 
4/6/2018 11:00,120.9,138
4/6/2018 12:00,121.5,140.2
4/6/2018 13:00,121.8,140.8
4/6/2018 14:00,125.5,143.8
4/6/2018 15:00,124.1,144.1
4/6/2018 16:00,123.2,140.1
4/6/2018 17:00,123.1,139.1
4/6/2018 18:00,120.6,142.1
4/6/2018 19:00,123.7,143.9
4/6/2018 20:00,125.1,143.6
4/6/2018 21:00,122.7,142.2
4/6/2018 22:00,123.5,141.5
4/6/2018 23:00,124.1,142.1
4/7/2018 0:00, , 
4/7/2018 1:00, ,141.2
4/7/2018 2:00,122.9,136.2
4/7/2018 3:00,122.3,135.3
4/7/2018 4:00,120.4,136.4
4/7/2018 5:00,118.4,131.5
4/7/2018 6:00,116.1,130.4
4/7/2018 7:00,117.2,133.4
4/7/2018 8:00,117.1,133
4/7/2018 9:00,117.7,134
4/7/2018 10:00,117.6,134.3
4/7/2018 11:00,122.4,135.4
4/7/2018 12:00,122.9,139.9
4/7/2018 13:00,124.1,137.8
4/7/2018 14:00,122.1,140.5
4/7/2018 15:00,119.6,143.1
4/7/2018 16:00,122,144.5
4/7/2018 17:00,118.5,147.2
4/7/2018 18:00,118,140.4
4/7/2018 19:00,119.5,140.7
4/7/2018 20:00,114.4,142.8
4/7/2018 21:00,113.7,137.9
4/7/2018 22:00,115.8,138.8
4/7/2018 23:00,113.3,138.3
4/8/2018 0:00, , 
4/8/2018 1:00, ,142.5
4/8/2018 2:00,114.2,144.3
4/8/2018 3:00,115.2,144.7
4/8/2018 4:00,115.1,146.4
4/8/2018 5:00,116.7,147.8
4/8/2018 6:00,117.4,149.4
4/8/2018 7:00,116.7,149.4
4/8/2018 8:00,118.8,148.1
4/8/2018 9:00,121.2,149.4
4/8/2018 10:00,117.2,146.1
4/8/2018 11:00,118.4,146.3
4/8/2018 12:00,118.2, 
4/8/2018 13:00,120.5,150
4/8/2018 14:00,122.3,150
4/8/2018 15:00,122.6,154
4/8/2018 16:00,123.4,151
4/8/2018 17:00,120.9,150.4
4/8/2018 18:00,122.1,152
4/8/2018 19:00,120.9,151.4
4/8/2018 20:00,121,149
4/8/2018 21:00,121.7,149.8
4/8/2018 22:00,122.3,151.8
4/8/2018 23:00, ,150.9
4/9/2018 0:00, , 
4/9/2018 1:00, ,152.6
4/9/2018 2:00,119.9,151
4/9/2018 3:00,121.5,149.3
4/9/2018 4:00,119.8,151.2
4/9/2018 5:00,120.4,151.7
4/9/2018 6:00,121.2,150.8
4/9/2018 7:00,120.6,152.9
4/9/2018 8:00,120.1,151.1
4/9/2018 9:00,116.1,146.1
4/9/2018 10:00,116.9,153.3
4/9/2018 11:00,115.9,151.3
4/9/2018 12:00,118.3,150.4
4/9/2018 13:00,116.8,153.1
4/9/2018 14:00,118.4,157.4
4/9/2018 15:00,117.6,152.9
4/9/2018 16:00,118.9,154
4/9/2018 17:00,118.2,157.9
4/9/2018 18:00, ,157.8
4/9/2018 19:00,120.6,154.3
4/9/2018 20:00,119.7,157.1
4/9/2018 21:00,119.2,155.9
4/9/2018 22:00,119.6,159.7
4/9/2018 23:00,116.5,156.9
4/10/2018 0:00, , 
4/10/2018 1:00, ,151.1
4/10/2018 2:00,118,157.1
4/10/2018 3:00,116.6,161.3
4/10/2018 4:00,119.8,160.7
4/10/2018 5:00,119.4,160.7
4/10/2018 6:00,116.9,160.1
4/10/2018 7:00,118.6,161
4/10/2018 8:00,118.2,155.8
4/10/2018 9:00,117.4,157
4/10/2018 10:00,118.5,162.7
4/10/2018 11:00,115.2,162.4
4/10/2018 12:00,114.6,163.9
4/10/2018 13:00,113.7,177.1
4/10/2018 14:00,115.3,182.3
4/10/2018 15:00,116.2,171.8
4/10/2018 16:00,114.3,162
4/10/2018 17:00,116.5,185.3
4/10/2018 18:00,117.2,157.7
4/10/2018 19:00,122.9,160.7
4/10/2018 20:00,122.1,165.6
4/10/2018 21:00,115.3,179.5
4/10/2018 22:00,117.1,156
4/10/2018 23:00,109.6,156
4/11/2018 0:00, , 
4/11/2018 1:00, ,188.5
4/11/2018 2:00,115.7,198.9
4/11/2018 3:00,111.8, 
4/11/2018 4:00,114.9,211.9
4/11/2018 5:00,121.8,213.5
4/11/2018 6:00,112.1,185.6
4/11/2018 7:00,133.4,189.7
4/11/2018 8:00,135,195.5
4/11/2018 9:00,133.1,189.3
4/11/2018 10:00,132,184.5
4/11/2018 11:00,178.2,177.4
4/11/2018 12:00,193.4,190.3
4/11/2018 13:00,199,176.9
4/11/2018 14:00,141,215.2
4/11/2018 15:00,152.1,209.6
4/11/2018 16:00,143.3,222.5
4/11/2018 17:00,140.4,228.7
4/11/2018 18:00,121.6,214.9
4/11/2018 19:00,109.5,206.2
4/11/2018 20:00,93.8,185.5
4/11/2018 21:00,102.6,168.2
4/11/2018 22:00,98.4,145
4/11/2018 23:00,112.4,181.8
4/12/2018 0:00, , 
4/12/2018 1:00, ,151.1
4/12/2018 2:00,111.8,166.2
4/12/2018 3:00,116.4,167.1
4/12/2018 4:00,114.5,164.1
4/12/2018 5:00,116.4,162
4/12/2018 6:00,117.3,154.1
4/12/2018 7:00,116.6,152.5
4/12/2018 8:00,117.3,138.8
4/12/2018 9:00,120.5,152.9
4/12/2018 10:00,119.8, 
4/12/2018 11:00,116,135.4
4/12/2018 12:00,116,135.4
4/12/2018 13:00,118.2,137
4/12/2018 14:00,118.6,144.7
4/12/2018 15:00,123.7,151.6
4/12/2018 16:00,119.4,138.6
4/12/2018 17:00,118.7, 
4/12/2018 18:00,119.8,137.8
4/12/2018 19:00,120.8,132.8
4/12/2018 20:00,118.4,126.1
4/12/2018 21:00,123.9,132.1
4/12/2018 22:00,119.4,123.9
4/12/2018 23:00,112.6,123.6
4/13/2018 0:00, , 
4/13/2018 1:00, ,130.9
4/13/2018 2:00, ,133.7
4/13/2018 3:00,122.2,136.3
4/13/2018 4:00,125.3,134.6
4/13/2018 5:00,126.6,135.3
4/13/2018 6:00,128.3,128.2
4/13/2018 7:00,126.5,127.1
4/13/2018 8:00,122.2,116.5
4/13/2018 9:00,112.4,112.2
4/13/2018 10:00,107,109.7
4/13/2018 11:00,101.9,101.5
4/13/2018 12:00,100.2,100.9
4/13/2018 13:00,101.9,95.5
4/13/2018 14:00,95.6,90.1
4/13/2018 15:00,92,87.9
4/13/2018 16:00,86.9,81.8
4/13/2018 17:00,85.2,78.22
4/13/2018 18:00,83.2,78.76
4/13/2018 19:00,83.5,79.03
4/13/2018 20:00,84.2,77.83
4/13/2018 21:00,83.7,77.27
4/13/2018 22:00,83.2,77.73
4/13/2018 23:00,81.9,77.65
4/14/2018 0:00, , 
4/14/2018 1:00, ,83.3
4/14/2018 2:00,86.6,84.9
4/14/2018 3:00,87,86.9
4/14/2018 4:00,89,87.8
4/14/2018 5:00,99.1,100.3
4/14/2018 6:00,104.2,104.8
4/14/2018 7:00, ,106.1
4/14/2018 8:00,98.6,104.2
4/14/2018 9:00,97.2,103.3
4/14/2018 10:00,99.5,101.2
4/14/2018 11:00,98.6,105.7
4/14/2018 12:00,104.3,112.2
4/14/2018 13:00,103.1,111.1
4/14/2018 14:00,102.8,104.5
4/14/2018 15:00,108.8,112.7
4/14/2018 16:00,109.7,111.2
4/14/2018 17:00,103,107.5
4/14/2018 18:00,102.5,106.3
4/14/2018 19:00,101.7,104.6
4/14/2018 20:00,103.7,101.7
4/14/2018 21:00,99.3,105.4
4/14/2018 22:00,107.7,111
4/14/2018 23:00,111.6,113.3
4/15/2018 0:00, , 
4/15/2018 1:00, ,117.4
4/15/2018 2:00,113.8,120.1
4/15/2018 3:00,116.4,119.1
4/15/2018 4:00,108.2,125
4/15/2018 5:00,108.3,128.9
4/15/2018 6:00,110.5,135.1
4/15/2018 7:00,103.3,141.1
4/15/2018 8:00,138.3,112.4
4/15/2018 9:00,112.6,105.6
4/15/2018 10:00,127.6,123.5
4/15/2018 11:00,127.5,126.7
4/15/2018 12:00, ,134
4/15/2018 13:00,120.4,134.9
4/15/2018 14:00,116.1,130.8
4/15/2018 15:00,109.8,133.3
4/15/2018 16:00,109.1,132.3
4/15/2018 17:00,99.5,133.6
4/15/2018 18:00,113.6,130.5
4/15/2018 19:00,117.6,136.1
4/15/2018 20:00,103.1,136
4/15/2018 21:00,115.2,127.9
4/15/2018 22:00,106.2,126.1
4/15/2018 23:00,95.3,125.4
4/16/2018 0:00, , 
4/16/2018 1:00, ,133.7
4/16/2018 2:00,108.6,136.9
4/16/2018 3:00,109.9,136.7
4/16/2018 4:00,114.2,145.9
4/16/2018 5:00,115.3,155.1
4/16/2018 6:00,117.4,152.5
4/16/2018 7:00,113.8,159.2
4/16/2018 8:00,110.2,160.9
4/16/2018 9:00,111.2,160.3
4/16/2018 10:00,117.9,169
4/16/2018 11:00,120.4,170.5
4/16/2018 12:00,118.2,171.4
4/16/2018 13:00, ,163.7
4/16/2018 14:00,119.9,160.2
4/16/2018 15:00,120.3,162.7
4/16/2018 16:00,115.7,155.1
4/16/2018 17:00,115.9,163.1
4/16/2018 18:00,118.8,163.6
4/16/2018 19:00,116.7,150.3
4/16/2018 20:00,120.4,150.6
4/16/2018 21:00,118.9,147.4
4/16/2018 22:00,120.6,150.7
4/16/2018 23:00,116.5,146.7
4/17/2018 0:00, , 
4/17/2018 1:00, ,138.9
4/17/2018 2:00,113.2,139.4
4/17/2018 3:00,114.3,137
4/17/2018 4:00,116.9,141.2
4/17/2018 5:00,115.4,141.3
4/17/2018 6:00,115.8,141.9
4/17/2018 7:00, ,138.1
4/17/2018 8:00,116.5,136.5
4/17/2018 9:00,114.5,137.4
4/17/2018 10:00,112.9,137.6
4/17/2018 11:00, ,135.1
4/17/2018 12:00,111.6,135.2
4/17/2018 13:00,113.6,138.9
4/17/2018 14:00,103.9,135.6
4/17/2018 15:00,102.6,140.5
4/17/2018 16:00,94.8,132.5
4/17/2018 17:00,107.4,134.1
4/17/2018 18:00,116,128.8
4/17/2018 19:00,116,126.6
4/17/2018 20:00,120.5,128.2
4/17/2018 21:00,115.5,130.8
4/17/2018 22:00,114.7,125.9
4/17/2018 23:00,115.2,129.9
4/18/2018 0:00, , 
4/18/2018 1:00, ,132.9
4/18/2018 2:00,114.9,128.5
4/18/2018 3:00,115.8,131.1
4/18/2018 4:00,116.4,129.2
4/18/2018 5:00,113.6,130
4/18/2018 6:00,115.5,128.8
4/18/2018 7:00,113.3,125.7
4/18/2018 8:00,109.2,125.1
4/18/2018 9:00,111,124.6
4/18/2018 10:00,111.2,123.7
4/18/2018 11:00,110.1,126.7
4/18/2018 12:00,111.4,129
4/18/2018 13:00,113.5,127.9
4/18/2018 14:00,120.1,132.4
4/18/2018 15:00,122.3,133.8
4/18/2018 16:00,122.8,138.9
4/18/2018 17:00,123.1,143.6
4/18/2018 18:00,127.1,152.4
4/18/2018 19:00,124.2,150.4
4/18/2018 20:00,120.7,160.7
4/18/2018 21:00,123.9,155.6
4/18/2018 22:00,123.9,144.5
4/18/2018 23:00,120.1,143.3
4/19/2018 0:00, , 
4/19/2018 1:00, ,155.2
4/19/2018 2:00,121.8,153.3
4/19/2018 3:00,119.4,150.6
4/19/2018 4:00,124.1,146.4
4/19/2018 5:00,122.3,144.3
4/19/2018 6:00,122.8,148.5
4/19/2018 7:00,120.3,148.1
4/19/2018 8:00,120.3,153
4/19/2018 9:00,117.8,152
4/19/2018 10:00,117.3,151.9
4/19/2018 11:00,118.6,147
4/19/2018 12:00,115.9,152.1
4/19/2018 13:00,115.6,156.1
4/19/2018 14:00,121.7,145.9
4/19/2018 15:00,117,135.2
4/19/2018 16:00, ,145.4
4/19/2018 17:00,125.5,149.2
4/19/2018 18:00,126.7,148.8
4/19/2018 19:00,128.7,149.1
4/19/2018 20:00,130.3,145.6
4/19/2018 21:00,130.7, 
4/19/2018 22:00,129.5,137.4
4/19/2018 23:00,129.2,141.8
4/20/2018 0:00, , 
4/20/2018 1:00, ,147.8
4/20/2018 2:00,128.3,149.5
4/20/2018 3:00,126.9,152
4/20/2018 4:00,127.7,163.4
4/20/2018 5:00,125.3,171.4
4/20/2018 6:00,123.7,173
4/20/2018 7:00,119.7,182.6
4/20/2018 8:00,121.4,180.8
4/20/2018 9:00,118.7,173.3
4/20/2018 10:00,114.5,174.9
4/20/2018 11:00,114,188
4/20/2018 12:00,121.3,184.5
4/20/2018 13:00,116,164.7
4/20/2018 14:00, ,161.7
4/20/2018 15:00,124,164.9
4/20/2018 16:00,123.8,165.2
4/20/2018 17:00,128.4,163.1
4/20/2018 18:00,122.4,171.4
4/20/2018 19:00,121.1,170.5
4/20/2018 20:00,116.7,188.1
4/20/2018 21:00,114.8,180.8
4/20/2018 22:00,115.6,186.5
4/20/2018 23:00, ,169.3
4/21/2018 0:00, , 
4/21/2018 1:00, ,164
4/21/2018 2:00,122.5,157.8
4/21/2018 3:00,121,158.2
4/21/2018 4:00,122.6,156.8
4/21/2018 5:00,120.6,139.9
4/21/2018 6:00,122,149.5
4/21/2018 7:00,121.2,146.7
4/21/2018 8:00,132.3,144.9
4/21/2018 9:00,131.6,143
4/21/2018 10:00,130.1,140.8
4/21/2018 11:00,125.1,145.9
4/21/2018 12:00,120.9,142.6
4/21/2018 13:00,118.4, 
4/21/2018 14:00,120.3,138.7
4/21/2018 15:00,128.4,151.3
4/21/2018 16:00,122.5,132.1
4/21/2018 17:00,142,147.6
4/21/2018 18:00,130.5,144.6
4/21/2018 19:00,129.3,150.8
4/21/2018 20:00,130.5,151.4
4/21/2018 21:00,124.3,151.8
4/21/2018 22:00,124.7,150.7
4/21/2018 23:00,122.1,157.7
4/22/2018 0:00, , 
4/22/2018 1:00, ,164.6
4/22/2018 2:00,123.5,160
4/22/2018 3:00,122.7,167.3
4/22/2018 4:00,118.7,161.5
4/22/2018 5:00,113.1,164.1
4/22/2018 6:00,117.8,162.6
4/22/2018 7:00,124.2,157
4/22/2018 8:00,121.2,163.2
4/22/2018 9:00,117.9,160
4/22/2018 10:00,122.8,153.3
4/22/2018 11:00,123.4,154.6
4/22/2018 12:00,126.2, 
4/22/2018 13:00,125.9,149.8
4/22/2018 14:00,127.8,153.8
4/22/2018 15:00,127.1,149.4
4/22/2018 16:00,125.5,148.3
4/22/2018 17:00,126.7,153.2
4/22/2018 18:00,126.5,152.3
4/22/2018 19:00,124.1,145.5
4/22/2018 20:00,125.9,148.8
4/22/2018 21:00,126.9,162.3
4/22/2018 22:00,124.2,155.1
4/22/2018 23:00, , 
4/23/2018 0:00, , 
4/23/2018 1:00, ,143.9
4/23/2018 2:00,116.5,143.1
4/23/2018 3:00,116.9,148
4/23/2018 4:00,117.1,141.2
4/23/2018 5:00,105.1,132.7
4/23/2018 6:00,109.8,136.6
4/23/2018 7:00,118.4,140.3
