Real-time, RM Young Average Wind Speed (m/s) Station 1, RM Young Average Wind Speed (m/s) Station 2
12/15/2017 0:00,7.886,5.207
12/15/2017 1:00,9.83,5.863
12/15/2017 2:00,9.61,5.995
12/15/2017 3:00, ,6.376
12/15/2017 4:00,9.97,6.704
12/15/2017 5:00,10.24,6.215
12/15/2017 6:00,10.88,5.236
12/15/2017 7:00,11.12,6.569
12/15/2017 8:00,10.55,6.543
12/15/2017 9:00,9.8,7.18
12/15/2017 10:00,9.37,6.561
12/15/2017 11:00,9.25,7.176
12/15/2017 12:00,7.38,6.368
12/15/2017 13:00,6.474,4.808
12/15/2017 14:00,6.33,4.375
12/15/2017 15:00,5.808,4.394
12/15/2017 16:00,4.722,3.522
12/15/2017 17:00,4.434,3.268
12/15/2017 18:00,4.28,2.689
12/15/2017 19:00,5.692,4.304
12/15/2017 20:00,5.589,4.47
12/15/2017 21:00,5.69,4.823
12/15/2017 22:00,6.688,4.929
12/15/2017 23:00,7.178,5.216
12/16/2017 0:00,7.123,6.188
12/16/2017 1:00,8.07,6.58
12/16/2017 2:00,7.441,6.704
12/16/2017 3:00,8.9,8.71
12/16/2017 4:00,10.6,8.83
12/16/2017 5:00,11.02,9.05
12/16/2017 6:00,9.47,9.61
12/16/2017 7:00,8.89,11
12/16/2017 8:00,9.32,10.86
12/16/2017 9:00,9,11.11
12/16/2017 10:00,9.43,9.83
12/16/2017 11:00,8.11,9.93
12/16/2017 12:00,8.11,8.66
12/16/2017 13:00,6.585,9.2
12/16/2017 14:00,6.169,8.7
12/16/2017 15:00,3.818,6.096
12/16/2017 16:00,2.327,7.165
12/16/2017 17:00,5.997,9.13
12/16/2017 18:00,2.505,9.78
12/16/2017 19:00,1.266,9.97
12/16/2017 20:00,2.448,10.23
12/16/2017 21:00,2.439,9.32
12/16/2017 22:00,5.802,7.365
12/16/2017 23:00,7.389,7.613
12/17/2017 0:00,8.16,7.554
12/17/2017 1:00,10.34,9.61
12/17/2017 2:00, ,10.04
12/17/2017 3:00,16.54,10.04
12/17/2017 4:00,17.98,10.06
12/17/2017 5:00,18.39,11.31
12/17/2017 6:00,17.67,12.94
12/17/2017 7:00,16.98,13.31
12/17/2017 8:00,1.971,13.58
12/17/2017 9:00,2.532,13.23
12/17/2017 10:00,7.528,12.66
12/17/2017 11:00,9.82,11.42
12/17/2017 12:00,8.93,10.31
12/17/2017 13:00,8.89,9.45
12/17/2017 14:00,7.605,8.49
12/17/2017 15:00,9.05,9.62
12/17/2017 16:00,8.98,9.48
12/17/2017 17:00,11.38,8.86
12/17/2017 18:00,11.9,9.11
12/17/2017 19:00,14.38,9.77
12/17/2017 20:00,15.19,10.26
12/17/2017 21:00,15.88,11.45
12/17/2017 22:00,16.49,12.77
12/17/2017 23:00,14.91,13.13
12/18/2017 0:00,11.64,13.64
12/18/2017 1:00,10.06,13.53
12/18/2017 2:00,11.73,14.23
12/18/2017 3:00,12.51, 
12/18/2017 4:00,13.11,15.23
12/18/2017 5:00,12.76,15.55
12/18/2017 6:00,10.66,15.82
12/18/2017 7:00,13.06,14.62
12/18/2017 8:00,12.33,12.38
12/18/2017 9:00,11.62, 
12/18/2017 10:00,11.1, 
12/18/2017 11:00, ,10.19
12/18/2017 12:00,11.04,9.33
12/18/2017 13:00,11.7,9.07
12/18/2017 14:00,11.05,8.62
12/18/2017 15:00,8.19,7.972
12/18/2017 16:00,9.31,7.715
12/18/2017 17:00,7.126,6.029
12/18/2017 18:00,8.25,6.791
12/18/2017 19:00,7.694,5.788
12/18/2017 20:00,8.77,5.634
12/18/2017 21:00,9.29,6.09
12/18/2017 22:00,9.5,5.09
12/18/2017 23:00,8.67,7.107
12/19/2017 0:00,10.14,8.84
12/19/2017 1:00,9.62,7.588
12/19/2017 2:00,10.6,7.58
12/19/2017 3:00,11.48,6.308
12/19/2017 4:00,11.19,7.769
12/19/2017 5:00,10.65,6.097
12/19/2017 6:00,10.96,5.968
12/19/2017 7:00,10.41,6.528
12/19/2017 8:00,9.66,6.725
12/19/2017 9:00,10.08, 
12/19/2017 10:00,10.07,6.902
12/19/2017 11:00,9.16,6.301
12/19/2017 12:00,7.809,5.631
12/19/2017 13:00,8.14,5.12
12/19/2017 14:00,7.237,4.187
12/19/2017 15:00,7.025,3.305
12/19/2017 16:00,6.704,2.369
12/19/2017 17:00,5.652,2.562
12/19/2017 18:00,6.59,2.553
12/19/2017 19:00,5.309,2.129
12/19/2017 20:00,6.101,0.006
12/19/2017 21:00,6.512,0
12/19/2017 22:00,5.436,2.652
12/19/2017 23:00,8.16,4.438
12/20/2017 0:00,9.38,5.207
12/20/2017 1:00,9.69,5.236
12/20/2017 2:00,10.09,5.659
12/20/2017 3:00,10.92,5.61
12/20/2017 4:00,11.68,6.727
12/20/2017 5:00,11.98,7.189
12/20/2017 6:00,12.69,6.87
12/20/2017 7:00,11.4,7.518
12/20/2017 8:00,12.07,7.947
12/20/2017 9:00,11.75,7.448
12/20/2017 10:00,11.88,6.686
12/20/2017 11:00,12.28,6.729
12/20/2017 12:00,11.34,6.174
12/20/2017 13:00,11.58,6.323
12/20/2017 14:00,11.85,6.078
12/20/2017 15:00,11.57,4.095
12/20/2017 16:00,11.06,4.219
12/20/2017 17:00,8.22,2.742
12/20/2017 18:00,8.8,3.039
12/20/2017 19:00,9,3.33
12/20/2017 20:00,6.027,3.632
12/20/2017 21:00,4.645,3.773
12/20/2017 22:00,5.326,3.058
12/20/2017 23:00,5.898,3.958
12/21/2017 0:00,6.401,5.088
12/21/2017 1:00,8.83,5.883
12/21/2017 2:00,10.3,6.124
12/21/2017 3:00,11.22, 
12/21/2017 4:00,11.42,6.688
12/21/2017 5:00,11.18, 
12/21/2017 6:00,10.7,5.43
12/21/2017 7:00,10.36,6.065
12/21/2017 8:00,9.99,5.989
12/21/2017 9:00,9.29, 
12/21/2017 10:00,11.07, 
12/21/2017 11:00,10.48,4.988
12/21/2017 12:00,9.24,4.399
12/21/2017 13:00,7.716,4.263
12/21/2017 14:00,7.753,4.724
12/21/2017 15:00,7.252,4.468
12/21/2017 16:00,7.562,4.074
12/21/2017 17:00,7.782,4.485
12/21/2017 18:00,7.918,3.972
12/21/2017 19:00,8.65,4.446
12/21/2017 20:00,9.81,5.38
12/21/2017 21:00,10.54,5.426
12/21/2017 22:00,11.06,6.096
12/21/2017 23:00,11.5,6.385
12/22/2017 0:00,11.12,6.302
12/22/2017 1:00, ,6.53
12/22/2017 2:00,11.56,6.309
12/22/2017 3:00,11.7,6.641
12/22/2017 4:00,11.7,6.112
12/22/2017 5:00,11.37,6.305
12/22/2017 6:00,11.17,6.14
12/22/2017 7:00,11.04,5.954
12/22/2017 8:00,11.05,6.784
12/22/2017 9:00,10.93,6.912
12/22/2017 10:00,11.27,5.613
12/22/2017 11:00,10.6,6.051
12/22/2017 12:00,9.5,4.839
12/22/2017 13:00,8.34,4.073
12/22/2017 14:00,6.676,2.82
12/22/2017 15:00,4.138,1.797
12/22/2017 16:00,0.741,2.161
12/22/2017 17:00,1.096,2.037
12/22/2017 18:00,0.315,3.601
12/22/2017 19:00,0.788,4.015
12/22/2017 20:00,1.943,3.667
12/22/2017 21:00,3.944,2.677
12/22/2017 22:00,3.317,2.595
12/22/2017 23:00,5.18,3.073
12/23/2017 0:00,5.183,4.332
12/23/2017 1:00,5.858,4.215
12/23/2017 2:00,4.334,3.909
12/23/2017 3:00,5.492,3.227
12/23/2017 4:00,5.939,3.249
12/23/2017 5:00,5.115,3.127
12/23/2017 6:00,6.372,3.04
12/23/2017 7:00,6.275,3.12
12/23/2017 8:00,6.907,4.429
12/23/2017 9:00,6.836,4.212
12/23/2017 10:00,7.108,4.143
12/23/2017 11:00,7.337,4.402
12/23/2017 12:00,7.869,4.271
12/23/2017 13:00,7.698,4.047
12/23/2017 14:00,6.608,3.76
12/23/2017 15:00,5.268,3.671
12/23/2017 16:00,5.08,3.131
12/23/2017 17:00,4.411,3.051
12/23/2017 18:00,4.766,2.705
12/23/2017 19:00,4.414,3.233
12/23/2017 20:00,4.631,2.584
12/23/2017 21:00,5.974,3.277
12/23/2017 22:00,5.342,2.822
12/23/2017 23:00,2.816,2.2
12/24/2017 0:00,0.56,0.511
12/24/2017 1:00,0.586,1.261
12/24/2017 2:00,1.362,1.583
12/24/2017 3:00, ,1.711
12/24/2017 4:00,0.4,1.83
12/24/2017 5:00,0.128,1.898
12/24/2017 6:00,1.503,2.76
12/24/2017 7:00,1.549,3.179
12/24/2017 8:00,2.123,2.835
12/24/2017 9:00,2.466, 
12/24/2017 10:00,1.895,3.193
12/24/2017 11:00,3.671,2.599
12/24/2017 12:00,4.181,3.509
12/24/2017 13:00,4.668,3.292
12/24/2017 14:00,3.28,4.376
12/24/2017 15:00,3.038,4.659
12/24/2017 16:00,1.987,3.606
12/24/2017 17:00,1.412,3.028
12/24/2017 18:00,1.502,2.293
12/24/2017 19:00,0.999,2.053
12/24/2017 20:00,0.494,1.703
12/24/2017 21:00,2.389,1.878
12/24/2017 22:00,1.206,2.283
12/24/2017 23:00,3.183,2.339
12/25/2017 0:00,3.224,1.826
12/25/2017 1:00,3.789, 
12/25/2017 2:00,4.089,3.295
12/25/2017 3:00,5.084,2.736
12/25/2017 4:00,3.262,2.485
12/25/2017 5:00,3.745,2.623
12/25/2017 6:00,2.191,2.303
12/25/2017 7:00,3.158,1.176
12/25/2017 8:00,1.198,1.489
12/25/2017 9:00,1.1,1.971
12/25/2017 10:00,3.143,2.769
12/25/2017 11:00,4.074,3.686
12/25/2017 12:00,5.678,5.394
12/25/2017 13:00,7.742,7.091
12/25/2017 14:00,11.55,8.17
12/25/2017 15:00,12.26, 
12/25/2017 16:00,10.63,6.191
12/25/2017 17:00,10.14,6.41
12/25/2017 18:00,9.18,5.757
12/25/2017 19:00,8.77,6.072
12/25/2017 20:00,7.752,5.547
12/25/2017 21:00,6.98,4.928
12/25/2017 22:00,7.047,4.996
12/25/2017 23:00,8.6,5.637
12/26/2017 0:00,8.26,5.85
12/26/2017 1:00,8.09,6.162
12/26/2017 2:00,11.41, 
12/26/2017 3:00,12.99,7.164
12/26/2017 4:00,12.65,8.25
12/26/2017 5:00,11.18,7.91
12/26/2017 6:00,9.87,9.05
12/26/2017 7:00,11.17,10.11
12/26/2017 8:00,11.66,9.45
12/26/2017 9:00,11.98,10.65
12/26/2017 10:00,11.36,10.63
12/26/2017 11:00,11.75,10.77
12/26/2017 12:00,11.56,12.09
12/26/2017 13:00,11.46,10.41
12/26/2017 14:00,12.34,10.23
12/26/2017 15:00,10.94,9.17
12/26/2017 16:00,9.99,10.46
12/26/2017 17:00,10.49,9.22
12/26/2017 18:00,8.62,9.09
12/26/2017 19:00,8.41,9.03
12/26/2017 20:00,8.28,7.836
12/26/2017 21:00,8.39,7.776
12/26/2017 22:00,8.59,7.273
12/26/2017 23:00,7.734, 
12/27/2017 0:00,7.391,5.937
12/27/2017 1:00, ,5.453
12/27/2017 2:00,8.82,5.23
12/27/2017 3:00,9.52,5.2
12/27/2017 4:00,9.8,6.391
12/27/2017 5:00,10.19,6.604
12/27/2017 6:00,9.49,5.886
12/27/2017 7:00,8.91,5.403
12/27/2017 8:00,8.48,5.914
12/27/2017 9:00, ,6.504
12/27/2017 10:00,9.59, 
12/27/2017 11:00,8.35,6.733
12/27/2017 12:00,8.15,7.717
12/27/2017 13:00,8.37,7.248
12/27/2017 14:00,8.12,7.461
12/27/2017 15:00,8.36,6.695
12/27/2017 16:00,7.731,7.12
12/27/2017 17:00,6.921,6.964
12/27/2017 18:00,7.67,6.482
12/27/2017 19:00,7.146,6.381
12/27/2017 20:00,8.58,8.14
12/27/2017 21:00,7.752,7.245
12/27/2017 22:00,7.462,6.045
12/27/2017 23:00,10.42,7.205
12/28/2017 0:00,8.79,8.47
12/28/2017 1:00,9.96,8.38
12/28/2017 2:00,10.04,8.13
12/28/2017 3:00,9.75,8.94
12/28/2017 4:00,8.22,7.234
12/28/2017 5:00,9.62,9.51
12/28/2017 6:00,10.51,10.07
12/28/2017 7:00,10.96,10.76
12/28/2017 8:00,12.17,10.54
12/28/2017 9:00,11.21,10.34
12/28/2017 10:00,11.11,10.51
12/28/2017 11:00,14.71,11.42
12/28/2017 12:00,14.2,9.63
12/28/2017 13:00,13.77,10.73
12/28/2017 14:00,12.25,9.98
12/28/2017 15:00,11.86,9.85
12/28/2017 16:00,11.9,10.03
12/28/2017 17:00,13.37,10.43
12/28/2017 18:00,14.22,10.28
12/28/2017 19:00,13.87,9.76
12/28/2017 20:00,14.08,8.9
12/28/2017 21:00,14.71,10.38
12/28/2017 22:00,14.44,9
12/28/2017 23:00,15.06,9.08
12/29/2017 0:00,12.6,8.96
12/29/2017 1:00,12.53,9.28
12/29/2017 2:00,11.91,8.62
12/29/2017 3:00,11.06,8.87
12/29/2017 4:00,11.61,7.391
12/29/2017 5:00,11,9.36
12/29/2017 6:00,10.74,7.672
12/29/2017 7:00,10.73,8.31
12/29/2017 8:00,10.76,9.18
12/29/2017 9:00,9.91,8.17
12/29/2017 10:00,10.33,8.24
12/29/2017 11:00,9.01,8.29
12/29/2017 12:00,8.55,7.927
12/29/2017 13:00,7.278,7.623
12/29/2017 14:00,8.33,7.696
12/29/2017 15:00,7.714,7.324
12/29/2017 16:00,8.97,6.565
12/29/2017 17:00,7.874,6.746
12/29/2017 18:00,6.115,4.96
12/29/2017 19:00,6.997,4.666
12/29/2017 20:00,5.442,3.904
12/29/2017 21:00,6.108,3.383
12/29/2017 22:00,6.306,3.803
12/29/2017 23:00,7.328,3.582
12/30/2017 0:00,7.546,3.59
12/30/2017 1:00,6.939,3.447
12/30/2017 2:00,6.937,3.562
12/30/2017 3:00,6.716, 
12/30/2017 4:00,6.801,5.185
12/30/2017 5:00,6.842,4.999
12/30/2017 6:00,7.419,5.45
12/30/2017 7:00,8.42,6.359
12/30/2017 8:00,8.04,6.541
12/30/2017 9:00,8.74,6.253
12/30/2017 10:00,8.63,6.459
12/30/2017 11:00,9.64,6.276
12/30/2017 12:00,9.29,6.633
12/30/2017 13:00,9.29,5.847
12/30/2017 14:00,8.4,5.798
12/30/2017 15:00,8.11,5.619
12/30/2017 16:00,8.13,6.004
12/30/2017 17:00,8.59,6.529
12/30/2017 18:00,8.11,6.928
12/30/2017 19:00,8.25,6.648
12/30/2017 20:00,9.22,7.43
12/30/2017 21:00,9.92,8.85
12/30/2017 22:00,9.77,8.27
12/30/2017 23:00,9.57,7.138
12/31/2017 0:00,10.28,6.128
12/31/2017 1:00,10.27,5.406
12/31/2017 2:00,10.65,5.019
12/31/2017 3:00,10.64,4.539
12/31/2017 4:00,10.9,7.034
12/31/2017 5:00,10.35,7.37
12/31/2017 6:00,9.35,7.219
12/31/2017 7:00,9.15,6.567
12/31/2017 8:00,7.684,5.923
12/31/2017 9:00,7.66,6.025
12/31/2017 10:00,7.928,5.667
12/31/2017 11:00,7.804,5.462
12/31/2017 12:00,7.575,4.759
12/31/2017 13:00,7.104,4.485
12/31/2017 14:00,7.332,4.089
12/31/2017 15:00,6.246,5.776
12/31/2017 16:00,6.021,3.385
12/31/2017 17:00,5.295,4.285
12/31/2017 18:00,2.799,2.719
12/31/2017 19:00,3.804,2.16
12/31/2017 20:00,4.41,2.001
12/31/2017 21:00,4.128,1.817
12/31/2017 22:00,4.693,1.996
12/31/2017 23:00,5.748,1.981
1/1/2018 0:00, , 
1/1/2018 1:00, ,2.75
1/1/2018 2:00,6.626,4.352
1/1/2018 3:00,9.53,5.147
1/1/2018 4:00,8.48,4.838
1/1/2018 5:00,7.545,5.102
1/1/2018 6:00,9.79,5.828
1/1/2018 7:00,11.1,6.068
1/1/2018 8:00,9.53,7.089
1/1/2018 9:00,9.1,7.716
1/1/2018 10:00,10.04,7.322
1/1/2018 11:00,9.68,8.48
1/1/2018 12:00,10.06,7.857
1/1/2018 13:00,9.25,7.733
1/1/2018 14:00,8.99,7.833
1/1/2018 15:00,9.75,7.717
1/1/2018 16:00,9.04,7.675
1/1/2018 17:00,7.206,5.649
1/1/2018 18:00,6.448,4.923
1/1/2018 19:00,6.647,5.411
1/1/2018 20:00,8.79,5.069
1/1/2018 21:00,9.63,4.781
1/1/2018 22:00,7.807,4.209
1/1/2018 23:00,7.528,3.828
1/2/2018 0:00,7.563,4.881
1/2/2018 1:00,9.23,5.957
1/2/2018 2:00,9.21,6.91
1/2/2018 3:00,9.19,6.945
1/2/2018 4:00,10.2,5.864
1/2/2018 5:00,9.92,6.736
1/2/2018 6:00,9.23,6.777
1/2/2018 7:00,11.03,7.422
1/2/2018 8:00,11.6,9.22
1/2/2018 9:00,12.19,8.94
1/2/2018 10:00,11.11,9.45
1/2/2018 11:00,11.15,9.25
1/2/2018 12:00,11.42,9.52
1/2/2018 13:00,10.09,8.39
1/2/2018 14:00,9.39,7.397
1/2/2018 15:00,9.36,7.964
1/2/2018 16:00,8.87,7.075
1/2/2018 17:00,8.44,6.621
1/2/2018 18:00,6.497,5.588
1/2/2018 19:00,5.977,5.361
1/2/2018 20:00,6.923, 
1/2/2018 21:00,7.296,6.884
1/2/2018 22:00,8.77,9.01
1/2/2018 23:00,9.25,8.66
1/3/2018 0:00,8.16,8.84
1/3/2018 1:00,10.47,9.45
1/3/2018 2:00,12.94,9.37
1/3/2018 3:00,13.39,9.79
1/3/2018 4:00,13.52,10.28
1/3/2018 5:00,17.65,10.13
1/3/2018 6:00,19.06,11.39
1/3/2018 7:00,20.21, 
1/3/2018 8:00,16.89,11.72
1/3/2018 9:00, ,11.89
1/3/2018 10:00,13.55,11.42
1/3/2018 11:00,13.22,12.72
1/3/2018 12:00,16.61,15.52
1/3/2018 13:00,17.95,14.18
1/3/2018 14:00,16.2,13.55
1/3/2018 15:00,15.97,13.33
1/3/2018 16:00,15.83,16.47
1/3/2018 17:00,14.93,17.82
1/3/2018 18:00,14.81,17.24
1/3/2018 19:00,18.46,18.42
1/3/2018 20:00,21.94,20.18
1/3/2018 21:00,24.36,20.87
1/3/2018 22:00,26.42,23.2
1/3/2018 23:00,28.38,23.23
1/4/2018 0:00,27.71,23.63
1/4/2018 1:00,27.16,24.28
1/4/2018 2:00,26.65,24.29
1/4/2018 3:00,26.22,24.41
1/4/2018 4:00,25.79,23.77
1/4/2018 5:00,24.96,23.6
1/4/2018 6:00,25.95,23.37
1/4/2018 7:00,23.61,21.96
1/4/2018 8:00,23.05,20.44
1/4/2018 9:00,21.51,19.89
1/4/2018 10:00,22.23,20.77
1/4/2018 11:00,20.69,20.34
1/4/2018 12:00,19.85,17.96
1/4/2018 13:00,20.05,18.23
1/4/2018 14:00,17.44,17.98
1/4/2018 15:00,18.21,16.98
1/4/2018 16:00,17.02,17.18
1/4/2018 17:00,16.49,16.01
1/4/2018 18:00,15.39,14.84
1/4/2018 19:00,15.41,12.94
1/4/2018 20:00,13.63,11.14
1/4/2018 21:00,12.65,10.16
1/4/2018 22:00,12.7,10.21
1/4/2018 23:00,11.73,8.71
1/5/2018 0:00,10.57,7.321
1/5/2018 1:00,10.05,6.566
1/5/2018 2:00,10.23,6.718
1/5/2018 3:00,9.93,5.855
1/5/2018 4:00,8.46,4.693
1/5/2018 5:00,8.38,4.158
1/5/2018 6:00,7.082,3.88
1/5/2018 7:00,5.987,3.962
1/5/2018 8:00,5.4,4.036
1/5/2018 9:00,4.177,5.072
1/5/2018 10:00,2.96,4.634
1/5/2018 11:00,4.275,4.448
1/5/2018 12:00,5.012, 
1/5/2018 13:00,4.319,7.538
1/5/2018 14:00,3.984,7.555
1/5/2018 15:00,3.232,7.078
1/5/2018 16:00,2.351,6.347
1/5/2018 17:00,1.648,4.651
1/5/2018 18:00,2.649,2.819
1/5/2018 19:00,3.941,2.355
1/5/2018 20:00,7.363,3.006
1/5/2018 21:00,9.95,4.563
1/5/2018 22:00,10.23,5.989
1/5/2018 23:00,11.54,5.646
1/6/2018 0:00,10.7,5.017
1/6/2018 1:00,10.12,6.795
1/6/2018 2:00,8.3,6.657
1/6/2018 3:00,8.83,5.717
1/6/2018 4:00,6.885,5.398
1/6/2018 5:00,6.12,5.31
1/6/2018 6:00,6.427,4.399
1/6/2018 7:00,5.482,3.127
1/6/2018 8:00,4.44,2.989
1/6/2018 9:00, ,3.119
1/6/2018 10:00,2.667,3.648
1/6/2018 11:00,2.031,3.083
1/6/2018 12:00,0.995,1.504
1/6/2018 13:00,1.032,1.014
1/6/2018 14:00,0.979,0.715
1/6/2018 15:00,1.332,1.557
1/6/2018 16:00,1.384,3.169
1/6/2018 17:00,2.721,3.586
1/6/2018 18:00,2.257,4.104
1/6/2018 19:00,2.684,5.243
1/6/2018 20:00,2.077,5.421
1/6/2018 21:00,2.532,5.108
1/6/2018 22:00,1.997,6.466
1/6/2018 23:00,2.647,6.595
1/7/2018 0:00,2.18,6.643
1/7/2018 1:00,1.619,6.415
1/7/2018 2:00,1.495,7.245
1/7/2018 3:00,1.645,5.496
1/7/2018 4:00,1.894,5.421
1/7/2018 5:00,2.979,5.021
1/7/2018 6:00,1.082,5.538
1/7/2018 7:00,2.365,6.091
1/7/2018 8:00,5.278,7.574
1/7/2018 9:00,5.771,8.43
1/7/2018 10:00,5.928, 
1/7/2018 11:00,5.153,12.11
1/7/2018 12:00,7.39,12.3
1/7/2018 13:00,7.609,13.51
1/7/2018 14:00,8.32,13.58
1/7/2018 15:00,7.524,13.43
1/7/2018 16:00,7.168,13.95
1/7/2018 17:00,6.154,13.57
1/7/2018 18:00,5.849,12.49
1/7/2018 19:00,4.848,12.91
1/7/2018 20:00,5.235,12.69
1/7/2018 21:00,3.733,12.4
1/7/2018 22:00,3.226,11.78
1/7/2018 23:00,2.937,12.55
1/8/2018 0:00,3.091,11.86
1/8/2018 1:00,2.843,11.74
1/8/2018 2:00,3.46,10.67
1/8/2018 3:00,1.589,10.88
1/8/2018 4:00,2.191,8.8
1/8/2018 5:00,0.747,7.293
1/8/2018 6:00,1.486,6.49
1/8/2018 7:00,0.812,6.251
1/8/2018 8:00,2.514,6.605
1/8/2018 9:00,2.563,6.178
1/8/2018 10:00,3.546,8.54
1/8/2018 11:00,3.606,9.06
1/8/2018 12:00,5.047,10.59
1/8/2018 13:00,6.095,11.52
1/8/2018 14:00,6.563,11.78
1/8/2018 15:00,5.563,11.24
1/8/2018 16:00,5.242,10.47
1/8/2018 17:00,5.035,10.51
1/8/2018 18:00,4.662,11.33
1/8/2018 19:00,3.732,10.53
1/8/2018 20:00,3.106,8.63
1/8/2018 21:00,0.6,6.923
1/8/2018 22:00,1.33,5.413
1/8/2018 23:00,2.209,4.787
1/9/2018 0:00,7.269,3.945
1/9/2018 1:00,7.711, 
1/9/2018 2:00,6.644,2.906
1/9/2018 3:00,6.246,2.682
1/9/2018 4:00,6.911,2.92
1/9/2018 5:00,4.69,4.931
1/9/2018 6:00,6.871,3.767
1/9/2018 7:00,6.165,4.133
1/9/2018 8:00,5.23,3.63
1/9/2018 9:00,5.083,3.844
1/9/2018 10:00,6.195,3.395
1/9/2018 11:00,3.037,3.525
1/9/2018 12:00,1.431,3.502
1/9/2018 13:00,1.338,2.614
1/9/2018 14:00,0.501,1.985
1/9/2018 15:00,0.425,2.656
1/9/2018 16:00,0,4.531
1/9/2018 17:00,1.562,4.129
1/9/2018 18:00,0.021,5.345
1/9/2018 19:00,0.054,5.295
1/9/2018 20:00,1.642,5.553
1/9/2018 21:00,0.026,5.443
1/9/2018 22:00,0.804,5.732
1/9/2018 23:00,1.615,4.483
1/10/2018 0:00,2.285,4.196
1/10/2018 1:00,1.623,4.381
1/10/2018 2:00,2.533,4.383
1/10/2018 3:00,4.54,4.714
1/10/2018 4:00,6.952,4.633
1/10/2018 5:00,7.094,4.979
1/10/2018 6:00,11.41,6.658
1/10/2018 7:00,11.73,5.571
1/10/2018 8:00,13.5,5.574
1/10/2018 9:00,11.84,4.846
1/10/2018 10:00,11.32,4.614
1/10/2018 11:00,10.76,5.295
1/10/2018 12:00,10.48,4.423
1/10/2018 13:00,9.68,4.366
1/10/2018 14:00,9.33,4.96
1/10/2018 15:00,6.923,4.508
1/10/2018 16:00,3.967,4.161
1/10/2018 17:00,4.5,4.249
1/10/2018 18:00,4.889,4.73
1/10/2018 19:00,2.707,3.955
1/10/2018 20:00,2.355,2.08
1/10/2018 21:00,0.87,0
1/10/2018 22:00,0.653,0.449
1/10/2018 23:00,3.193,0.268
1/11/2018 0:00,4.432,0.3
1/11/2018 1:00,3.162,0
1/11/2018 2:00,3.2,1.577
1/11/2018 3:00,2.94,2.069
1/11/2018 4:00,3.107,1.964
1/11/2018 5:00,5.214,3.784
1/11/2018 6:00,9.21,4.187
1/11/2018 7:00,8.68,4.877
1/11/2018 8:00,9.8,5.075
1/11/2018 9:00,9.91,4.29
1/11/2018 10:00,8.52,3.548
1/11/2018 11:00,9.98,5.216
1/11/2018 12:00,9.32,6.699
1/11/2018 13:00,7.98,4.89
1/11/2018 14:00,7.311,5.348
1/11/2018 15:00,8.11,6.73
1/11/2018 16:00,7.814,4.861
1/11/2018 17:00,5.337,3.631
1/11/2018 18:00,4.508,2.795
1/11/2018 19:00,3.951,2.174
1/11/2018 20:00,4.351,2.538
1/11/2018 21:00,5.372,1.796
1/11/2018 22:00,6.008,3.349
1/11/2018 23:00,6.293,3.641
1/12/2018 0:00,7.37,4.55
1/12/2018 1:00,7.343,4.088
1/12/2018 2:00,7.547,4.236
1/12/2018 3:00,7.682,3.934
1/12/2018 4:00,7.053,3.275
1/12/2018 5:00,6.246,3.653
1/12/2018 6:00,6.221,4.075
1/12/2018 7:00,5.743,3.101
1/12/2018 8:00,4.705,4.219
1/12/2018 9:00,7.745,3.357
1/12/2018 10:00,7.142,3.962
1/12/2018 11:00,6.287,3.569
1/12/2018 12:00,6.98,4.251
1/12/2018 13:00,7.009,4.388
1/12/2018 14:00,7.066,3.588
1/12/2018 15:00,5.581,2.499
1/12/2018 16:00,4.752,2.392
1/12/2018 17:00,4.535,0.972
1/12/2018 18:00,4.326,1.895
1/12/2018 19:00,4.95,1.567
1/12/2018 20:00,3.644,2.481
1/12/2018 21:00,3.533,3.001
1/12/2018 22:00,3.359,3.125
1/12/2018 23:00,7.577, 
1/13/2018 0:00,8.37,4.225
1/13/2018 1:00, ,3.54
1/13/2018 2:00,7.951,3.518
1/13/2018 3:00,8.06,4.197
1/13/2018 4:00,8.59,5.132
1/13/2018 5:00,10.07,5.89
1/13/2018 6:00,10.14,7.421
1/13/2018 7:00,10.44,8.21
1/13/2018 8:00,11.01,10.19
1/13/2018 9:00,11.53,11.75
1/13/2018 10:00,12.04,10.6
1/13/2018 11:00,12.31,10.47
1/13/2018 12:00,14.32,10.14
1/13/2018 13:00,12.14,10.38
1/13/2018 14:00,12.6,8.81
1/13/2018 15:00,13.88,8.82
1/13/2018 16:00,12.54,6.662
1/13/2018 17:00,10.81,7.964
1/13/2018 18:00,9.35,6.783
1/13/2018 19:00,8.74,5.676
1/13/2018 20:00,7.59,4.018
1/13/2018 21:00,7.359,3.887
1/13/2018 22:00,6.919,3.897
1/13/2018 23:00,6.759,4.263
1/14/2018 0:00,6.793,4.554
1/14/2018 1:00,7.324,4.452
1/14/2018 2:00,7.313,4.411
1/14/2018 3:00,7.976,4.655
1/14/2018 4:00,9.29,4.687
1/14/2018 5:00,10.47,5.509
1/14/2018 6:00,10.83,7.727
1/14/2018 7:00,15.46,6.991
1/14/2018 8:00,10.02,7.118
1/14/2018 9:00,10.64,9.14
1/14/2018 10:00,12.21,11.39
1/14/2018 11:00,12.98,11.21
1/14/2018 12:00,13.39,11.28
1/14/2018 13:00,13.68,11.72
1/14/2018 14:00,12.55,11.3
1/14/2018 15:00,13.09,11.23
1/14/2018 16:00,13.34,10.63
1/14/2018 17:00,13.03,10.29
1/14/2018 18:00,13.98,10.31
1/14/2018 19:00,14.6,10.32
1/14/2018 20:00,14.91,9.8
1/14/2018 21:00,15.11,9.36
1/14/2018 22:00,14.65,8.11
1/14/2018 23:00,12.49,8.58
1/15/2018 0:00,12.25,8.83
1/15/2018 1:00,11.11,8.51
1/15/2018 2:00,10.93,8.51
1/15/2018 3:00,11.43,8.69
1/15/2018 4:00,11.7,9.05
1/15/2018 5:00,10.23,7.991
1/15/2018 6:00,10.88,8.94
1/15/2018 7:00,11.96, 
1/15/2018 8:00,12.35,8.58
1/15/2018 9:00,11.63,10.09
1/15/2018 10:00,11.23,9.18
1/15/2018 11:00,11.45,9.47
1/15/2018 12:00,12.73,9.9
1/15/2018 13:00,12.84,9.23
1/15/2018 14:00,13,10.63
1/15/2018 15:00,13.1,10.01
1/15/2018 16:00,13.01,10.61
1/15/2018 17:00,13.04,11.39
1/15/2018 18:00,13.58,11.34
1/15/2018 19:00,13.26,10.78
1/15/2018 20:00,13.8,10.76
1/15/2018 21:00,13.63,11.48
1/15/2018 22:00,14.43,12.57
1/15/2018 23:00,14.01,13.01
1/16/2018 0:00,14.17, 
1/16/2018 1:00,13.88,12.55
1/16/2018 2:00,13.03,10.49
1/16/2018 3:00,13.01,11.02
1/16/2018 4:00,13.54,11.55
1/16/2018 5:00,13.71,11.61
1/16/2018 6:00,13.85,11.37
1/16/2018 7:00,13.1,10.63
1/16/2018 8:00,11.83,9.74
1/16/2018 9:00,10.71,10.28
1/16/2018 10:00,9.94,8.91
1/16/2018 11:00,9.29,7.835
1/16/2018 12:00,8.09,6.974
1/16/2018 13:00,7.738,6.558
1/16/2018 14:00,6.826,5.716
1/16/2018 15:00,5.357, 
1/16/2018 16:00,4.589,3.138
1/16/2018 17:00,4.139,2.226
1/16/2018 18:00,2.398,1.129
1/16/2018 19:00,4.191,3.328
1/16/2018 20:00,0.876,4.64
1/16/2018 21:00,2.3,5.249
1/16/2018 22:00,3.903,4.751
1/16/2018 23:00,1.588,5.259
1/17/2018 0:00,0,5.555
1/17/2018 1:00,0.565,4.297
1/17/2018 2:00,0.474,3.969
1/17/2018 3:00, ,4.317
1/17/2018 4:00,4.54,4.431
1/17/2018 5:00,4.644,2.508
1/17/2018 6:00,4.547,3.687
1/17/2018 7:00,4.012,2.827
1/17/2018 8:00,5.295,2.564
1/17/2018 9:00,5.489,3.242
1/17/2018 10:00,4.823,2.713
1/17/2018 11:00,4.892,2.248
1/17/2018 12:00,5.3,2.246
1/17/2018 13:00,5.125,3.227
1/17/2018 14:00,5.158,4.935
1/17/2018 15:00,6.183,4.785
1/17/2018 16:00,6.798,4.366
1/17/2018 17:00,6.222,4.228
1/17/2018 18:00,5.819,4.127
1/17/2018 19:00,5.35,3.783
1/17/2018 20:00,4.582,4.014
1/17/2018 21:00,4.877,3.774
1/17/2018 22:00,5.899,3.952
1/17/2018 23:00,4.885,3.646
1/18/2018 0:00,5.463,3.73
1/18/2018 1:00,6.252,3.749
1/18/2018 2:00,5.556,3.02
1/18/2018 3:00,5.225,2.783
1/18/2018 4:00,5.705,3.236
1/18/2018 5:00,5.269,3.457
1/18/2018 6:00,5.044,5.061
1/18/2018 7:00,6.397,5.09
1/18/2018 8:00,6.233,5.88
1/18/2018 9:00,5.968, 
1/18/2018 10:00,6.329,5.708
1/18/2018 11:00,6,5.855
1/18/2018 12:00,5.576,5.424
1/18/2018 13:00,6.568,5.44
1/18/2018 14:00,6.734,5.221
1/18/2018 15:00,6.161,3.999
1/18/2018 16:00,5.369,3.283
1/18/2018 17:00,4.14,2.591
1/18/2018 18:00,4.179,1.985
1/18/2018 19:00,4.438,1.236
1/18/2018 20:00,4.749,2.681
1/18/2018 21:00,1.845,2.257
1/18/2018 22:00, ,1.239
1/18/2018 23:00,3.804,2.872
1/19/2018 0:00,3.303,3.408
1/19/2018 1:00,1.075,4.33
1/19/2018 2:00,2.395,3.728
1/19/2018 3:00,2.163,3.873
1/19/2018 4:00,1.101,3.039
1/19/2018 5:00,0.698,5.061
1/19/2018 6:00,0.391,4.189
1/19/2018 7:00,0.004,4.398
1/19/2018 8:00,0.391,4.371
1/19/2018 9:00,0.04,4.769
1/19/2018 10:00,0.358,4.102
1/19/2018 11:00,0.143,3.732
1/19/2018 12:00,0.576,3.297
1/19/2018 13:00,0.598,3.642
1/19/2018 14:00,0.816,2.848
1/19/2018 15:00,1.079,4.017
1/19/2018 16:00,0.467,4.643
1/19/2018 17:00,0.898,4.905
1/19/2018 18:00,0.97,5.568
1/19/2018 19:00,1.014,6.041
1/19/2018 20:00,1.136,5.926
1/19/2018 21:00,2.76,5.672
1/19/2018 22:00,0.438,4.565
1/19/2018 23:00,0.46,2.212
1/20/2018 0:00,1.789,4.622
1/20/2018 1:00,0.816,5.343
1/20/2018 2:00,5.068,5.292
1/20/2018 3:00,4.726,2.49
1/20/2018 4:00,4.96,2.64
1/20/2018 5:00,3.264,3.212
1/20/2018 6:00,4.021,3.084
1/20/2018 7:00,0.604,3.362
1/20/2018 8:00,4.642,2.773
1/20/2018 9:00,1.507,2.818
1/20/2018 10:00,2.136,1.89
1/20/2018 11:00,1.911,1.351
1/20/2018 12:00,2.726,1.446
1/20/2018 13:00,2.051,1.813
1/20/2018 14:00,3.863,3.471
1/20/2018 15:00,3.76,2.972
1/20/2018 16:00,3.322,2.697
1/20/2018 17:00,2.973,1.614
1/20/2018 18:00,3.801,1.408
1/20/2018 19:00,3.984,1.815
1/20/2018 20:00,3.508,0.865
1/20/2018 21:00,2.532,0.011
1/20/2018 22:00,1.897,0.211
1/20/2018 23:00,1.543,2.3
1/21/2018 0:00,4.192,2.356
1/21/2018 1:00,4.997,2.939
1/21/2018 2:00,5.619,3.848
1/21/2018 3:00,6.198,4.244
1/21/2018 4:00,6.177,4.267
1/21/2018 5:00,6.475,4.293
1/21/2018 6:00,6.835,4.819
1/21/2018 7:00,6.672,4.989
1/21/2018 8:00,6.583,4.635
1/21/2018 9:00,5.737,3.958
1/21/2018 10:00,5.343,3.717
1/21/2018 11:00,4.414,3.057
1/21/2018 12:00,2.708,1.975
1/21/2018 13:00,1.702,1.841
1/21/2018 14:00,0.001,0.619
1/21/2018 15:00, ,1.515
1/21/2018 16:00,1.729,2.401
1/21/2018 17:00,0.428,2.363
1/21/2018 18:00,0.363,2.378
1/21/2018 19:00,2.134,2.046
1/21/2018 20:00,2.886,2.315
1/21/2018 21:00,4.075,2.461
1/21/2018 22:00,5.018,2.875
1/21/2018 23:00,5.196,2.642
1/22/2018 0:00,5.072,2.774
1/22/2018 1:00,5.668, 
1/22/2018 2:00,5.868,2.493
1/22/2018 3:00,6.612,2.793
1/22/2018 4:00,6.989,2.056
1/22/2018 5:00,6.611,2.486
1/22/2018 6:00,6.677,3.71
1/22/2018 7:00,6.468,3.595
1/22/2018 8:00,8.55,4.675
1/22/2018 9:00,9.87,5.059
1/22/2018 10:00,8.87,4.883
1/22/2018 11:00,7.594,5.034
1/22/2018 12:00,6.593,5.209
1/22/2018 13:00,6.532,4.751
1/22/2018 14:00,5.692,2.539
1/22/2018 15:00,5.296,2.304
1/22/2018 16:00,2.998,2.264
1/22/2018 17:00,2.928,2.217
1/22/2018 18:00,2.774,2.639
1/22/2018 19:00,2.015,2.18
1/22/2018 20:00,2.286,4.593
1/22/2018 21:00,1.751,4.008
1/22/2018 22:00,2.47,3.74
1/22/2018 23:00,2.442,3.521
1/23/2018 0:00,5.525,3.138
1/23/2018 1:00,6.666,3.137
1/23/2018 2:00,7.137,3.429
1/23/2018 3:00,7.713,3.862
1/23/2018 4:00,7.266,3.543
1/23/2018 5:00, ,3.389
1/23/2018 6:00,6.515,3.046
1/23/2018 7:00,5.734,3.135
1/23/2018 8:00,5.74,3.168
1/23/2018 9:00,5.929,3.426
1/23/2018 10:00,5.941,3.066
1/23/2018 11:00,3.683,2.078
1/23/2018 12:00,3.262,2.558
1/23/2018 13:00,1.445,2.851
1/23/2018 14:00, ,2.559
1/23/2018 15:00,4.038,1.963
1/23/2018 16:00,3.022,1.332
1/23/2018 17:00,4.81,1.747
1/23/2018 18:00,5.455, 
1/23/2018 19:00,6.587,3.704
1/23/2018 20:00,7.42,3.777
1/23/2018 21:00,8.71,4.236
1/23/2018 22:00,9.41,5.36
1/23/2018 23:00,9.09,4.996
1/24/2018 0:00,8.34,4.548
1/24/2018 1:00,9.06,3.908
1/24/2018 2:00,5.705,2.151
1/24/2018 3:00,4.159,1.292
1/24/2018 4:00,5.957,1.337
1/24/2018 5:00,6.363,1.843
1/24/2018 6:00,8.24,2.962
1/24/2018 7:00,7.914,2.542
1/24/2018 8:00,7.841,3.184
1/24/2018 9:00,9.33, 
1/24/2018 10:00,9.56,4.911
1/24/2018 11:00,9.56,7.564
1/24/2018 12:00,10.13,6.49
1/24/2018 13:00,10.06,7.261
1/24/2018 14:00,9.71,6.203
1/24/2018 15:00,8.95,6.097
1/24/2018 16:00,8.14,5.924
1/24/2018 17:00,6.948,5.365
1/24/2018 18:00,7.252,5.693
1/24/2018 19:00,7.698,4.532
1/24/2018 20:00,6.315,3.779
1/24/2018 21:00,6.197,3.052
1/24/2018 22:00,6.065,3.257
1/24/2018 23:00,6.359,4.006
1/25/2018 0:00,6.271,4.609
1/25/2018 1:00,6.764,4.771
1/25/2018 2:00,6.091,4.134
1/25/2018 3:00,6.188,2.806
1/25/2018 4:00,6.038,3.098
1/25/2018 5:00,6.44,3.344
1/25/2018 6:00,5.931,3.029
1/25/2018 7:00,5.221,3.74
1/25/2018 8:00,4.777,3.937
1/25/2018 9:00,5.439,4.545
1/25/2018 10:00,5.464,4.575
1/25/2018 11:00,5.64,4.036
1/25/2018 12:00,5.199,4.123
1/25/2018 13:00,4.278,3.55
1/25/2018 14:00,3.821,2.775
1/25/2018 15:00,1.456,2.118
1/25/2018 16:00,0.959,1.985
1/25/2018 17:00,0.728,2.076
1/25/2018 18:00,1.564,2.993
1/25/2018 19:00,2.142,3.272
1/25/2018 20:00,2.42,4.284
1/25/2018 21:00,0.794,4.877
1/25/2018 22:00,1.482,4.737
1/25/2018 23:00,2.236,4.876
1/26/2018 0:00,1.992,4.59
1/26/2018 1:00,2.264,2.922
1/26/2018 2:00,2.996,0.177
1/26/2018 3:00,6.892,4.852
1/26/2018 4:00,6.914,4.224
1/26/2018 5:00, ,3.898
1/26/2018 6:00,6.021,3.486
1/26/2018 7:00,5.318,2.624
1/26/2018 8:00,5.065,1.469
1/26/2018 9:00,5.982,2.86
1/26/2018 10:00,5.786, 
1/26/2018 11:00,4.773,3.165
1/26/2018 12:00,4.918,4.051
1/26/2018 13:00,7.075,4.981
1/26/2018 14:00,6.533,4.494
1/26/2018 15:00,6.234,4.804
1/26/2018 16:00,5.694,4.017
1/26/2018 17:00,5.165,3.683
1/26/2018 18:00,4.474,3.026
1/26/2018 19:00,3.802,2.753
1/26/2018 20:00,2.32,2.093
1/26/2018 21:00,3.649,1.851
1/26/2018 22:00,4.262,0.655
1/26/2018 23:00,4.834,1.035
1/27/2018 0:00,4.518,0.531
1/27/2018 1:00,3.155,1.146
1/27/2018 2:00,3.798,0.646
1/27/2018 3:00,3.833,1.858
1/27/2018 4:00,5.191,1.966
1/27/2018 5:00,6.343,3.015
1/27/2018 6:00,7.493,3.215
1/27/2018 7:00,8.06,2.689
1/27/2018 8:00,8.1,2.293
1/27/2018 9:00,7.842,3.487
1/27/2018 10:00,7.654,3.491
1/27/2018 11:00,6.166,2.828
1/27/2018 12:00,3.387,2.609
1/27/2018 13:00,0.2,2.379
1/27/2018 14:00,3.311,4.003
1/27/2018 15:00,3.076,5.747
1/27/2018 16:00,2.183,5.305
1/27/2018 17:00,1.865,5.296
1/27/2018 18:00,1.925,6.022
1/27/2018 19:00,2.356,6.029
1/27/2018 20:00,1.733,5.09
1/27/2018 21:00,2.041,5.036
1/27/2018 22:00,7.437, 
1/27/2018 23:00,9.84,5.887
1/28/2018 0:00,9.53,6.732
1/28/2018 1:00,11.91, 
1/28/2018 2:00,15.07,10.97
1/28/2018 3:00,15.66,11.55
1/28/2018 4:00,17.63,10.49
1/28/2018 5:00,18.26,11.48
1/28/2018 6:00,19.16,12.67
1/28/2018 7:00,18.99,11.82
1/28/2018 8:00,18.17,11.76
1/28/2018 9:00,12.56,9.71
1/28/2018 10:00,16.33,10.42
1/28/2018 11:00,14.51,10.5
1/28/2018 12:00,15.71, 
1/28/2018 13:00,16.07, 
1/28/2018 14:00,16.89,8.98
1/28/2018 15:00,12.67,8.67
1/28/2018 16:00,11.29,9.07
1/28/2018 17:00,10.87,9.49
1/28/2018 18:00,9.49,8.16
1/28/2018 19:00,9.9,5.945
1/28/2018 20:00,7.863,5.179
1/28/2018 21:00,7.639, 
1/28/2018 22:00,6.952,3.466
1/28/2018 23:00,5.91,3.847
1/29/2018 0:00,5.668,3.827
1/29/2018 1:00,6.539,3.963
1/29/2018 2:00,6.67,5.22
1/29/2018 3:00,9.17,6.717
1/29/2018 4:00,10.21,5.918
1/29/2018 5:00,8.04,6.067
1/29/2018 6:00, ,7.081
1/29/2018 7:00,9.8,7.492
1/29/2018 8:00,8.47,8.05
1/29/2018 9:00,10.29,9.37
1/29/2018 10:00,11.51,9.54
1/29/2018 11:00,11.55,8.28
1/29/2018 12:00,11.49,7.211
1/29/2018 13:00,10.07,6.785
1/29/2018 14:00,8.86,5.929
1/29/2018 15:00,8.2,5.856
1/29/2018 16:00,7.644,5.457
1/29/2018 17:00,7.021,4.995
1/29/2018 18:00,5.733,3.078
1/29/2018 19:00,6.236,1.798
1/29/2018 20:00,6.267,2.509
1/29/2018 21:00,2.024,3.671
1/29/2018 22:00,4.608,4.408
1/29/2018 23:00,5.741,3.229
1/30/2018 0:00,6.656,3.035
1/30/2018 1:00,8.98,4.234
1/30/2018 2:00,8.71,3.858
1/30/2018 3:00,8.25,3.946
1/30/2018 4:00,9.12,4.255
1/30/2018 5:00,9.83,4.344
1/30/2018 6:00,10.61,5.796
1/30/2018 7:00,10.34,5.341
1/30/2018 8:00,11.39,5.11
1/30/2018 9:00,11.54,4.892
1/30/2018 10:00,12.58,4.804
1/30/2018 11:00,11.24,4.787
1/30/2018 12:00,5.948,5.098
1/30/2018 13:00,6.099,4.859
1/30/2018 14:00,8.52,4.865
1/30/2018 15:00,6.644,4.763
1/30/2018 16:00,7.914,4.166
1/30/2018 17:00,7.596,3.589
1/30/2018 18:00,7.821,3.891
1/30/2018 19:00,8.36,3.831
1/30/2018 20:00,6.721,3.512
1/30/2018 21:00,7.939,3.727
1/30/2018 22:00,5.809,2.83
1/30/2018 23:00,5.476,2.85
1/31/2018 0:00,5.929,3.492
1/31/2018 1:00,7.839,3.479
1/31/2018 2:00,7.405,3.615
1/31/2018 3:00,8.01,4.3
1/31/2018 4:00,8.6,4.326
1/31/2018 5:00,8.15,5.146
1/31/2018 6:00,9.24,5.372
1/31/2018 7:00,9.66,4.765
1/31/2018 8:00,9.4,5.077
1/31/2018 9:00,10.09,6.252
1/31/2018 10:00,10.37,5.949
1/31/2018 11:00,9.35,6.872
1/31/2018 12:00,9.61,6.148
1/31/2018 13:00,8.7,6.437
1/31/2018 14:00,9.56,5.935
1/31/2018 15:00,9.65,5.172
1/31/2018 16:00,8.93,4.549
1/31/2018 17:00,8.84,5.094
1/31/2018 18:00,8.74,4.981
1/31/2018 19:00,9.75,4.677
1/31/2018 20:00,9.41,3.689
1/31/2018 21:00,9.32,4.266
1/31/2018 22:00,8.91,4.496
1/31/2018 23:00,8.73,5.107
2/1/2018 0:00, , 
2/1/2018 1:00, ,5.705
2/1/2018 2:00,10.25,6.684
2/1/2018 3:00,10.44,6.299
2/1/2018 4:00,11.13,6.852
2/1/2018 5:00,12.61,7.242
2/1/2018 6:00, ,6.742
2/1/2018 7:00,12.63,7.869
2/1/2018 8:00,12.19,8.4
2/1/2018 9:00,12.05,8.61
2/1/2018 10:00,11.89,7.535
2/1/2018 11:00,11.51,6.68
2/1/2018 12:00,10.24,5.316
2/1/2018 13:00,9.38,4.922
2/1/2018 14:00,8.33,3.601
2/1/2018 15:00,8.17,4.951
2/1/2018 16:00,9.4,4.576
2/1/2018 17:00,7.864, 
2/1/2018 18:00,7.947,5.238
2/1/2018 19:00,8.44,5.968
2/1/2018 20:00,8.59,5.932
2/1/2018 21:00,8.15,6.17
2/1/2018 22:00,7.595,5.767
2/1/2018 23:00,7.146,5.083
2/2/2018 0:00,8.57,6.064
2/2/2018 1:00,10.82,6.294
2/2/2018 2:00,12.36,7.514
2/2/2018 3:00,13.99,8.71
2/2/2018 4:00,16.58,9.72
2/2/2018 5:00,17.75,10.24
2/2/2018 6:00,16.92,10.08
2/2/2018 7:00,16.96,10.26
2/2/2018 8:00,15.33,9.46
2/2/2018 9:00,14.37,8.59
2/2/2018 10:00,12.47,9.41
2/2/2018 11:00,11.8,9.06
2/2/2018 12:00,10.45,9.23
2/2/2018 13:00,10.91,10.33
2/2/2018 14:00,10.36,10.18
2/2/2018 15:00,9.66,9.86
2/2/2018 16:00,10.2,9.94
2/2/2018 17:00,9.83,8.91
2/2/2018 18:00,8.56,8.64
2/2/2018 19:00,8.79,8.16
2/2/2018 20:00,9.75,8.64
2/2/2018 21:00,12.75,9.91
2/2/2018 22:00,10.68,8.98
2/2/2018 23:00,11.15,8.76
2/3/2018 0:00,11.82,9.88
2/3/2018 1:00,12.68,10.96
2/3/2018 2:00,13.69,10.96
2/3/2018 3:00,13.1,11.25
2/3/2018 4:00,14.4,11.56
2/3/2018 5:00,14.6,12.11
2/3/2018 6:00,14.6,12.78
2/3/2018 7:00,14.81,12.95
2/3/2018 8:00,15.16,12.74
2/3/2018 9:00,12.96,11.9
2/3/2018 10:00,11.09,11.94
2/3/2018 11:00,8.89,11.22
2/3/2018 12:00,7.859,10.24
2/3/2018 13:00,9.1,9.95
2/3/2018 14:00,7.649,7.994
2/3/2018 15:00,6.592,7.302
2/3/2018 16:00,5.584,6.526
2/3/2018 17:00,4.439,6.058
2/3/2018 18:00,5.434,6.274
2/3/2018 19:00,9.41,7.441
2/3/2018 20:00,7.077,8.57
2/3/2018 21:00,8.25,10.63
2/3/2018 22:00,10.57,9.36
2/3/2018 23:00,11.91,9.07
2/4/2018 0:00,12.34,8.84
2/4/2018 1:00,13.29,10.89
2/4/2018 2:00,13.05,10.14
2/4/2018 3:00, ,10.01
2/4/2018 4:00,12.28,10.8
2/4/2018 5:00,15.45,12.38
2/4/2018 6:00,15.74,12.2
2/4/2018 7:00,14.36,12.67
2/4/2018 8:00,16.95,13.35
2/4/2018 9:00,18.28,13.97
2/4/2018 10:00,17.76,14.31
2/4/2018 11:00,16.45,14.65
2/4/2018 12:00,16.18,13.82
2/4/2018 13:00,16.49,13.27
2/4/2018 14:00,15.14,13.37
2/4/2018 15:00,12.9,11.14
2/4/2018 16:00,12.65,11.11
2/4/2018 17:00,13.23,10.85
2/4/2018 18:00,14.5,11.27
2/4/2018 19:00,11.5,11.99
2/4/2018 20:00,13.13,12.52
2/4/2018 21:00,14.35,13.12
2/4/2018 22:00,15.25,13.07
2/4/2018 23:00,12.11,12.78
2/5/2018 0:00,14.13,13.46
2/5/2018 1:00,14.43,13.31
2/5/2018 2:00,16.52,12.41
2/5/2018 3:00,16.48,12.19
2/5/2018 4:00,15.4,12.18
2/5/2018 5:00,16.03,14.97
2/5/2018 6:00,15.47,12.77
2/5/2018 7:00,14.62,12.15
2/5/2018 8:00,16.74,14.51
2/5/2018 9:00,16.22,12.79
2/5/2018 10:00,17.05,14.25
2/5/2018 11:00,16.77,13.08
2/5/2018 12:00,15.51,13.55
2/5/2018 13:00,15.03,13.22
2/5/2018 14:00,13.83,12.62
2/5/2018 15:00,12.64,10.47
2/5/2018 16:00,11.35,11.6
2/5/2018 17:00,13.05,13.08
2/5/2018 18:00,17.11,16.1
2/5/2018 19:00,13.59,11.73
2/5/2018 20:00,13.6,11.39
2/5/2018 21:00,12.05,12.64
2/5/2018 22:00,12.22,11.89
2/5/2018 23:00,13.47,11.49
2/6/2018 0:00,13.09,10.36
2/6/2018 1:00,12.97,10.52
2/6/2018 2:00,12.95,10.54
2/6/2018 3:00,13.68,9.93
2/6/2018 4:00,13.32,9.46
2/6/2018 5:00,11.67,8.77
2/6/2018 6:00,11.2,7.842
2/6/2018 7:00,11.3,8.39
2/6/2018 8:00,11.58,8.38
2/6/2018 9:00,10.72,8.71
2/6/2018 10:00,10.69,9.36
2/6/2018 11:00,10.34,8.81
2/6/2018 12:00,10.53,9.48
2/6/2018 13:00,10.09,8.85
2/6/2018 14:00,8.28,7.502
2/6/2018 15:00,7.453,6.923
2/6/2018 16:00,7.662,7.309
2/6/2018 17:00,7.711,5.821
2/6/2018 18:00,8.27,5.095
2/6/2018 19:00,8.49,6.541
2/6/2018 20:00,8.31,5.002
2/6/2018 21:00,8.41,6.174
2/6/2018 22:00,9.42,5.501
2/6/2018 23:00,10.19,5.81
2/7/2018 0:00,11.01,6.041
2/7/2018 1:00,11.74,6.609
2/7/2018 2:00,11.09,6.53
2/7/2018 3:00,10.16,6.566
2/7/2018 4:00,8.74,6.125
2/7/2018 5:00,8.54,6.583
2/7/2018 6:00,9.55,5.97
2/7/2018 7:00,9.99,5.706
2/7/2018 8:00,10.84,5.849
2/7/2018 9:00,9.55,6.348
2/7/2018 10:00,8.65,6.148
2/7/2018 11:00,8.35,4.841
2/7/2018 12:00,7.843,6.825
2/7/2018 13:00,7.285,6.031
2/7/2018 14:00,7.482,4.81
2/7/2018 15:00,6.861,6.5
2/7/2018 16:00,6.66,5.508
2/7/2018 17:00,7.382,5.5
2/7/2018 18:00,6.896,6.147
2/7/2018 19:00,6.547,5.346
2/7/2018 20:00,7.638,5.256
2/7/2018 21:00,7.32,6.039
2/7/2018 22:00,10,6.482
2/7/2018 23:00, ,4.858
2/8/2018 0:00,10.6,6.437
2/8/2018 1:00,10.99,6.406
2/8/2018 2:00,12.14,6.521
2/8/2018 3:00,11.71,6.787
2/8/2018 4:00,10.52,3.863
2/8/2018 5:00,8.56,3.992
2/8/2018 6:00,8.7,3.111
2/8/2018 7:00,10.03,4.626
2/8/2018 8:00,8.57,4.087
2/8/2018 9:00, , 
2/8/2018 10:00,9.03,7.48
2/8/2018 11:00,10.42,7.754
2/8/2018 12:00,10.44,7.039
2/8/2018 13:00,9.09,7.159
2/8/2018 14:00,7.689,6.806
2/8/2018 15:00,7.516,6.681
2/8/2018 16:00,8.41,7.667
2/8/2018 17:00,8.84,8.77
2/8/2018 18:00,9.88,9.19
2/8/2018 19:00,10.74,9.83
2/8/2018 20:00,10.55,9.1
2/8/2018 21:00,11.32,9.05
2/8/2018 22:00,12.03,9.66
2/8/2018 23:00,12.43,9.52
2/9/2018 0:00,13.26,10.67
2/9/2018 1:00,13.32,10.78
2/9/2018 2:00,12.31,9.39
2/9/2018 3:00,12.38,10.64
2/9/2018 4:00,11.94,10.41
2/9/2018 5:00,12.19,9.99
2/9/2018 6:00,13.92,11.9
2/9/2018 7:00,12.29,11.39
2/9/2018 8:00,12.28,11.95
2/9/2018 9:00,11.46,10.72
2/9/2018 10:00,11.65,10.51
2/9/2018 11:00,10.01,10.6
2/9/2018 12:00,10.74,11.05
2/9/2018 13:00,11.25,10.09
2/9/2018 14:00,11.21,10
2/9/2018 15:00,9.44,7.061
2/9/2018 16:00,6.71,6.537
2/9/2018 17:00,7.231,7.214
2/9/2018 18:00,6.374,5.641
2/9/2018 19:00,6.398,5.321
2/9/2018 20:00,6.981,5.561
2/9/2018 21:00,7.556,6.252
2/9/2018 22:00,7.613,5.601
2/9/2018 23:00,7.037,5.696
2/10/2018 0:00,7.157,5.478
2/10/2018 1:00,7.051,4.59
2/10/2018 2:00,6.535,4.525
2/10/2018 3:00,7.131,4.332
2/10/2018 4:00,12.64,8.15
2/10/2018 5:00,12.86,8.06
2/10/2018 6:00,13.37,9.18
2/10/2018 7:00,13.75,10.02
2/10/2018 8:00,15.05,9.68
2/10/2018 9:00,14.31,9.7
2/10/2018 10:00,13.75,10.62
2/10/2018 11:00,13.33,10.84
2/10/2018 12:00,12.95,9.26
2/10/2018 13:00,12.6,8.39
2/10/2018 14:00,11.77,7.051
2/10/2018 15:00,10.99,6.302
2/10/2018 16:00,10.53,5.999
2/10/2018 17:00,11.8,6.019
2/10/2018 18:00,10.53,5.522
2/10/2018 19:00,10.16,4.942
2/10/2018 20:00,10.11,5.015
2/10/2018 21:00,10.92,5.806
2/10/2018 22:00,10.47,6.123
2/10/2018 23:00,12.02,6.346
2/11/2018 0:00,11.95,7.456
2/11/2018 1:00,11.03,8.18
2/11/2018 2:00,12.67,8.54
2/11/2018 3:00,13.71,8.47
2/11/2018 4:00,12.62, 
2/11/2018 5:00,13.38,9.88
2/11/2018 6:00,14.84,11.28
2/11/2018 7:00,17.18,13.38
2/11/2018 8:00,16.91,13.13
2/11/2018 9:00,17.97,13.87
2/11/2018 10:00,18.21,14.68
2/11/2018 11:00,16.07,13.01
2/11/2018 12:00,16.99,12.86
2/11/2018 13:00,15.36,10.63
2/11/2018 14:00,14.1,9.73
2/11/2018 15:00,13.36,8.76
2/11/2018 16:00,11.06,8.8
2/11/2018 17:00,10.57,8.79
2/11/2018 18:00,10.28,8.58
2/11/2018 19:00,10.9,9.43
2/11/2018 20:00,12.36,11.26
2/11/2018 21:00,12.47,11.71
2/11/2018 22:00,8.48,11.92
2/11/2018 23:00,8.84,11.63
2/12/2018 0:00,7.21,9.68
2/12/2018 1:00,11.31,9.86
2/12/2018 2:00,11.47,10.28
2/12/2018 3:00,10.3,10.44
2/12/2018 4:00,14.68,10.71
2/12/2018 5:00,15.06,9.31
2/12/2018 6:00,14.9,9.88
2/12/2018 7:00,12.6,10.79
2/12/2018 8:00,14.37,10.44
2/12/2018 9:00,13.51,10.24
2/12/2018 10:00,12.75,8.47
2/12/2018 11:00, ,7.999
2/12/2018 12:00,10.9,5.959
2/12/2018 13:00,8.12,5.452
2/12/2018 14:00,6.779,4.521
2/12/2018 15:00,5.181,4.887
2/12/2018 16:00,7.031,4.491
2/12/2018 17:00,7.342,5.301
2/12/2018 18:00,7.592,4.996
2/12/2018 19:00,7.465,4.058
2/12/2018 20:00,5.799,2.51
2/12/2018 21:00,7.265,4.324
2/12/2018 22:00,8.04,4.169
2/12/2018 23:00,8.19,3.134
2/13/2018 0:00,10.09,3.082
2/13/2018 1:00,11.94,4.14
2/13/2018 2:00,12.84,5.2
2/13/2018 3:00,12.73,4.92
2/13/2018 4:00,12.48,5.979
2/13/2018 5:00,12.77,6.162
2/13/2018 6:00,12.39,6.079
2/13/2018 7:00,12.11,7.098
2/13/2018 8:00,12.95,9.91
2/13/2018 9:00,12.92,9.61
2/13/2018 10:00,12.46,9.37
2/13/2018 11:00,11.92,9.21
2/13/2018 12:00,10.77,8.86
2/13/2018 13:00,10.49,8.76
2/13/2018 14:00,10.19,9.35
2/13/2018 15:00,10.34,9.13
2/13/2018 16:00,10.28,9.39
2/13/2018 17:00,9.12,8.92
2/13/2018 18:00,8.92,8.2
2/13/2018 19:00,9.97, 
2/13/2018 20:00,9.82,9.4
2/13/2018 21:00,10.98,9
2/13/2018 22:00,12,10.87
2/13/2018 23:00,13.67,11.32
2/14/2018 0:00,15.24,11.84
2/14/2018 1:00,15.47,11.17
2/14/2018 2:00,15.35,11.74
2/14/2018 3:00,16.43,10.8
2/14/2018 4:00,17.5,11.91
2/14/2018 5:00,16.99,12.66
2/14/2018 6:00,14.17,14.81
2/14/2018 7:00,14.05,11.78
2/14/2018 8:00,11.57,11.31
2/14/2018 9:00,11.24,10.38
2/14/2018 10:00,9.06,10.69
2/14/2018 11:00,10.47,11.16
2/14/2018 12:00,9.54,9.69
2/14/2018 13:00,8.94,6.835
2/14/2018 14:00,9.77,8.73
2/14/2018 15:00,8.71,9.32
2/14/2018 16:00,10.3,8.84
2/14/2018 17:00,10.49,9.38
2/14/2018 18:00,10.94,9.47
2/14/2018 19:00,11.42,9.27
2/14/2018 20:00,11.49,8.58
2/14/2018 21:00,9.87,8.76
2/14/2018 22:00,9.32,8.93
2/14/2018 23:00,10.52,9.02
2/15/2018 0:00,12.83,9.82
2/15/2018 1:00,17.06,11.04
2/15/2018 2:00,18.96,11.93
2/15/2018 3:00,19.46,11.7
2/15/2018 4:00,17.85,11.89
2/15/2018 5:00,17.05,10.87
2/15/2018 6:00,17.32,11.26
2/15/2018 7:00,16.86,11.34
2/15/2018 8:00,15.94,10.87
2/15/2018 9:00,15.27,10.5
2/15/2018 10:00,13.97,9.17
2/15/2018 11:00,14.21,8.31
2/15/2018 12:00,13.13,7.476
2/15/2018 13:00,12.7,7.606
2/15/2018 14:00,12.46,7.289
2/15/2018 15:00,11.27,6.137
2/15/2018 16:00,10.95,7.061
2/15/2018 17:00,11.04,6.83
2/15/2018 18:00,9.32,6.449
2/15/2018 19:00,8.43,5.703
2/15/2018 20:00,8.78,5.856
2/15/2018 21:00,10.14,7.224
2/15/2018 22:00,11.92,8.59
2/15/2018 23:00,13.29,9.71
2/16/2018 0:00,15.19,10.77
2/16/2018 1:00,16.96,12.09
2/16/2018 2:00,17.32,12.08
2/16/2018 3:00,17.49,12.23
2/16/2018 4:00,17.8,11.12
2/16/2018 5:00, ,12.2
2/16/2018 6:00,17.12,12.01
2/16/2018 7:00,16.81,10.82
2/16/2018 8:00,16.14,10.29
2/16/2018 9:00,14.88,10.06
2/16/2018 10:00,12.73,9.25
2/16/2018 11:00,11.26,8.26
2/16/2018 12:00,11.3,7.17
2/16/2018 13:00,11.71,6.199
2/16/2018 14:00,11.03,5.868
2/16/2018 15:00,10.51,5.004
2/16/2018 16:00,9.64,4.667
2/16/2018 17:00,9.63,5.418
2/16/2018 18:00,10.81,5.44
2/16/2018 19:00,10.91,5.795
2/16/2018 20:00,11.65,5.729
2/16/2018 21:00,12.1,6.058
2/16/2018 22:00,13.76,6.96
2/16/2018 23:00,13.89,8.45
2/17/2018 0:00,12.86,8.8
2/17/2018 1:00,14.85,9.85
2/17/2018 2:00,14.47,10.02
2/17/2018 3:00,14.88,9.72
2/17/2018 4:00,14.34,10.54
2/17/2018 5:00,15.48,9.76
2/17/2018 6:00,15.43,10.26
2/17/2018 7:00,16.04,10.76
2/17/2018 8:00,16.54,12.26
2/17/2018 9:00,15.14,10.96
2/17/2018 10:00,14.12,10.57
2/17/2018 11:00,13.28, 
2/17/2018 12:00,12.41,8.63
2/17/2018 13:00,11.41,7.194
2/17/2018 14:00,10.41,6.117
2/17/2018 15:00,9.79,4.813
2/17/2018 16:00,9.18,4.385
2/17/2018 17:00,10,5.131
2/17/2018 18:00,10.34,5.608
2/17/2018 19:00,10.5,6.586
2/17/2018 20:00,9.55,6.411
2/17/2018 21:00,10.97,7.726
2/17/2018 22:00, ,7.643
2/17/2018 23:00, ,7.527
2/18/2018 0:00, ,7.131
2/18/2018 1:00,12.87,7.586
2/18/2018 2:00,13.58,8.4
2/18/2018 3:00,13.14,7.875
2/18/2018 4:00,11.95,7.852
2/18/2018 5:00,12.8,8.14
2/18/2018 6:00,12.97,8.32
2/18/2018 7:00,12.86,8.06
2/18/2018 8:00,11.98,6.985
2/18/2018 9:00,11.28,6.183
2/18/2018 10:00,10.33,5.938
2/18/2018 11:00,10.06,6.426
2/18/2018 12:00,9.96,6.309
2/18/2018 13:00,9.79,5.997
2/18/2018 14:00,9.65,6.659
2/18/2018 15:00,9.79,5.482
2/18/2018 16:00,9.76,5.539
2/18/2018 17:00,9.66,5.218
2/18/2018 18:00,8.71,5.919
2/18/2018 19:00,8.83,6.148
2/18/2018 20:00,10.03,6.496
2/18/2018 21:00,10.85,7.254
2/18/2018 22:00,10.8,7.614
2/18/2018 23:00,12.49,8.46
2/19/2018 0:00,14.4,8.61
2/19/2018 1:00,15.8,10.14
2/19/2018 2:00,15.14,10.03
2/19/2018 3:00,15.48,9.61
2/19/2018 4:00,16.63,10.49
2/19/2018 5:00, ,10.33
2/19/2018 6:00,15.67,9.35
2/19/2018 7:00,15.53,9.25
2/19/2018 8:00,15.53,9.19
2/19/2018 9:00,14.71,9.22
2/19/2018 10:00,14.31,8.01
2/19/2018 11:00,13.83,7.973
2/19/2018 12:00, ,7.801
2/19/2018 13:00,12.07,6.969
2/19/2018 14:00,11.29,6.723
2/19/2018 15:00,10.89,6.573
2/19/2018 16:00,10.35,6.1
2/19/2018 17:00,9.77,5.68
2/19/2018 18:00,9.3,6.103
2/19/2018 19:00,9.69,5.619
2/19/2018 20:00,9.75,5.703
2/19/2018 21:00,10.03,5.859
2/19/2018 22:00,10.45,7.835
2/19/2018 23:00,10.22,7.833
2/20/2018 0:00,12.25,8.22
2/20/2018 1:00,12.18,7.669
2/20/2018 2:00,11.02,7.175
2/20/2018 3:00,10.9,8.33
2/20/2018 4:00,12.23,8.79
2/20/2018 5:00,12.65,8.69
2/20/2018 6:00,13.44,9.36
2/20/2018 7:00,13.91,8.89
2/20/2018 8:00,13.64,10.36
2/20/2018 9:00,14.77,10
2/20/2018 10:00,13.68,9.14
2/20/2018 11:00,12.85,9.27
2/20/2018 12:00,12.41,8.51
2/20/2018 13:00,12.03,8.56
2/20/2018 14:00,10.83,7.859
2/20/2018 15:00,9.68,6.88
2/20/2018 16:00,8.49,5.342
2/20/2018 17:00,8.56,5.859
2/20/2018 18:00,8.31,5.804
2/20/2018 19:00,2.487,6.049
2/20/2018 20:00,5.204,5.986
2/20/2018 21:00,8.83,5.909
2/20/2018 22:00,8.61,5.853
2/20/2018 23:00,9.32,6.043
2/21/2018 0:00,10.03,6.489
2/21/2018 1:00,10.36,6.652
2/21/2018 2:00,10.21,6.673
2/21/2018 3:00,10.63,6.486
2/21/2018 4:00,10.41,6.121
2/21/2018 5:00,10.65,6.125
2/21/2018 6:00,10.37,5.78
2/21/2018 7:00,9.74,5.328
2/21/2018 8:00,9.25,5.236
2/21/2018 9:00,7.645,4.902
2/21/2018 10:00,7.435,4.357
2/21/2018 11:00,6.321,3.219
2/21/2018 12:00,6.106,4.037
2/21/2018 13:00,6.173,3.595
2/21/2018 14:00,4.207,3.513
2/21/2018 15:00,0.394,3.626
2/21/2018 16:00,1.189,4.108
2/21/2018 17:00,0.392, 
2/21/2018 18:00,1.107,4.004
2/21/2018 19:00,4.282,4.784
2/21/2018 20:00,8.04,4.96
2/21/2018 21:00,9.08,5.07
2/21/2018 22:00,9.31,5.152
2/21/2018 23:00,10.17,5.419
2/22/2018 0:00,10.3,5.9
2/22/2018 1:00,9.99,5.631
2/22/2018 2:00,9.99,5.388
2/22/2018 3:00,9.55,5.909
2/22/2018 4:00,10.62,6.606
2/22/2018 5:00,10.23, 
2/22/2018 6:00,14.33,7.352
2/22/2018 7:00,15.15,7.257
2/22/2018 8:00,14.89,7.623
2/22/2018 9:00,15.02,7.655
2/22/2018 10:00,14.46,6.709
2/22/2018 11:00,15.05,7.134
2/22/2018 12:00,10.41, 
2/22/2018 13:00,8.82,7.612
2/22/2018 14:00,8.83,6.848
2/22/2018 15:00,8.74,6.646
2/22/2018 16:00,8.96,6.572
2/22/2018 17:00,8.1,6.521
2/22/2018 18:00,8.22,5.973
2/22/2018 19:00,9.1,6.496
2/22/2018 20:00,9.45,6.29
2/22/2018 21:00,9.47,7.112
2/22/2018 22:00,10.51,7.609
2/22/2018 23:00,10.63,8.23
2/23/2018 0:00,12.12,7.774
2/23/2018 1:00,12.44,9.07
2/23/2018 2:00,12.42,8.81
2/23/2018 3:00, ,10.16
2/23/2018 4:00,12.64,9.69
2/23/2018 5:00,14.01,10.78
2/23/2018 6:00,12.88,10.15
2/23/2018 7:00,13.68,9.88
2/23/2018 8:00,13.96,9.88
2/23/2018 9:00,13.52,8.94
2/23/2018 10:00,12.97,9.26
2/23/2018 11:00,12.46,8.94
2/23/2018 12:00,11.09,8.33
2/23/2018 13:00,10.5,7.988
2/23/2018 14:00,9.63,7.247
2/23/2018 15:00,8.9,6.381
2/23/2018 16:00,9.09, 
2/23/2018 17:00,9.83,8.17
2/23/2018 18:00,9.39,7.654
2/23/2018 19:00,9.96,8.16
2/23/2018 20:00,11.48,8.17
2/23/2018 21:00,12.22,7.261
2/23/2018 22:00,12.5,7.654
2/23/2018 23:00, ,8.23
2/24/2018 0:00,14.83,9.39
2/24/2018 1:00,15.64,9.42
2/24/2018 2:00,13.87,11.6
2/24/2018 3:00,13.33,12.07
2/24/2018 4:00,13.06,12.4
2/24/2018 5:00,13.79,12.97
2/24/2018 6:00,15.32,11.82
2/24/2018 7:00,15.61,10.83
2/24/2018 8:00,17.13,10.63
2/24/2018 9:00,14.73,9.87
2/24/2018 10:00,14.3,10.29
2/24/2018 11:00,16.64,10.78
2/24/2018 12:00,15.98,9.78
2/24/2018 13:00,14.49,9.03
2/24/2018 14:00,14.4,9.94
2/24/2018 15:00,13.45,8.23
2/24/2018 16:00,13.09,7.738
2/24/2018 17:00,12.25,7.958
2/24/2018 18:00,11.7,6.944
2/24/2018 19:00,12.96,7.68
2/24/2018 20:00,13.8,8.9
2/24/2018 21:00,14.46,8.99
2/24/2018 22:00,14.87,8.94
2/24/2018 23:00,15.86,8.78
2/25/2018 0:00,13.71,10.53
2/25/2018 1:00,15.84,11.11
2/25/2018 2:00,16.64,12.13
2/25/2018 3:00,17.17,11.57
2/25/2018 4:00,16.9,11.59
2/25/2018 5:00,17.63,11.47
2/25/2018 6:00,16.62,11.63
2/25/2018 7:00,17.41,12.11
2/25/2018 8:00,17.4,12.29
2/25/2018 9:00,16.8,12.75
2/25/2018 10:00,15.59,11.99
2/25/2018 11:00,15.23,9.92
2/25/2018 12:00,13.9,9.57
2/25/2018 13:00,12.85,9.51
2/25/2018 14:00,12.13,7.742
2/25/2018 15:00,11.91,7.5
2/25/2018 16:00,10.03,7.38
2/25/2018 17:00,10.55,7.249
2/25/2018 18:00,10.98,6.57
2/25/2018 19:00,11.28,6.837
2/25/2018 20:00,13.12,8.15
2/25/2018 21:00,13.52,8.61
2/25/2018 22:00,13.63,8.93
2/25/2018 23:00,14.59,8.5
2/26/2018 0:00,14.64,8.49
2/26/2018 1:00,15.47,9.83
2/26/2018 2:00,12.97,9.42
2/26/2018 3:00,15.18,10.64
2/26/2018 4:00,15.97,10.55
2/26/2018 5:00,16.46,10.87
2/26/2018 6:00,17.82,10.55
2/26/2018 7:00,17.46,11.78
2/26/2018 8:00,17.67,12.13
2/26/2018 9:00,17.45,11.47
2/26/2018 10:00,17.63,11.53
2/26/2018 11:00,16.53,11.69
2/26/2018 12:00,15.58,11.39
2/26/2018 13:00,15.7,10.13
2/26/2018 14:00,14.56,9.83
2/26/2018 15:00,13.94,9.14
2/26/2018 16:00,13.62,8.89
2/26/2018 17:00,13.09,8.68
2/26/2018 18:00,12.74,8.18
2/26/2018 19:00,13.43,8.76
2/26/2018 20:00,13.85,8.93
2/26/2018 21:00,14.37,8.89
2/26/2018 22:00, ,9.22
2/26/2018 23:00, , 
2/27/2018 0:00,15.37,9.51
2/27/2018 1:00,16.35,10.19
2/27/2018 2:00,16.59,10.17
2/27/2018 3:00,16,10.15
2/27/2018 4:00,15.49,10.27
2/27/2018 5:00,15.64,9.59
2/27/2018 6:00,16.17,9.51
2/27/2018 7:00,14.6,9.01
2/27/2018 8:00,14.56,8.79
2/27/2018 9:00,14.35,8.85
2/27/2018 10:00,12.23,8.23
2/27/2018 11:00,11.74,7.08
2/27/2018 12:00,9.61,5.989
2/27/2018 13:00,8.61,5.038
2/27/2018 14:00,8.24,4.577
2/27/2018 15:00,8.93,3.787
2/27/2018 16:00,8.15,4.294
2/27/2018 17:00,7.625,4.562
2/27/2018 18:00,5.197,4.358
2/27/2018 19:00,9.6,5.112
2/27/2018 20:00,10.18,5.708
2/27/2018 21:00,11.09,6.547
2/27/2018 22:00,11.29,6.796
2/27/2018 23:00,10.96,6.145
2/28/2018 0:00,10.67,6.34
2/28/2018 1:00,10.48,6.183
2/28/2018 2:00,10.42,6.212
2/28/2018 3:00,10.32,6.248
2/28/2018 4:00,10.18,6.389
2/28/2018 5:00,9.97,6.138
2/28/2018 6:00,10.62,5.904
2/28/2018 7:00,12.18,5.822
2/28/2018 8:00,12.21,6.936
2/28/2018 9:00,13.72,8.1
2/28/2018 10:00,12.95,8.24
2/28/2018 11:00,12.19,7.949
2/28/2018 12:00,11.45,7.354
2/28/2018 13:00,9.99,6.859
2/28/2018 14:00,9.92,5.419
2/28/2018 15:00,9.87,4.849
2/28/2018 16:00,8.48,4.439
2/28/2018 17:00,8.27,5.065
2/28/2018 18:00,7.334,4.167
2/28/2018 19:00,7.582,3.919
2/28/2018 20:00,9.15,4.148
2/28/2018 21:00,9.95,4.693
2/28/2018 22:00,10.53,5.108
2/28/2018 23:00,11.08,5.447
3/1/2018 0:00, , 
3/1/2018 1:00, ,5.923
3/1/2018 2:00, ,5.463
3/1/2018 3:00,9.76,6.462
3/1/2018 4:00,11.32,6.922
3/1/2018 5:00,12.39,7.739
3/1/2018 6:00,12.37,8.34
3/1/2018 7:00,12.47, 
3/1/2018 8:00,12.4,7.658
3/1/2018 9:00,11.66,7.204
3/1/2018 10:00,12.13,6.977
3/1/2018 11:00,10.36,6.059
3/1/2018 12:00,9.47,5.57
3/1/2018 13:00,9.97,4.982
3/1/2018 14:00,9.09,4.484
3/1/2018 15:00,8.49,4.473
3/1/2018 16:00,8.17,4.182
3/1/2018 17:00,8.33,3.747
3/1/2018 18:00,7.65,3.525
3/1/2018 19:00,8.35,3.738
3/1/2018 20:00,8.25,3.244
3/1/2018 21:00,8.81,4.911
3/1/2018 22:00,9.31,4.314
3/1/2018 23:00,10.51, 
3/2/2018 0:00,11.62,5.816
3/2/2018 1:00,11.4,6.582
3/2/2018 2:00,12.64,6.642
3/2/2018 3:00,13.1,7.627
3/2/2018 4:00,13.39,8.02
3/2/2018 5:00,14.11,7.931
3/2/2018 6:00,14.27,7.889
3/2/2018 7:00,14.47,7.379
3/2/2018 8:00,14.29,7.739
3/2/2018 9:00,14.16,7.849
3/2/2018 10:00,14.1,8.35
3/2/2018 11:00,14.13,9.01
3/2/2018 12:00,15.3,8.82
3/2/2018 13:00,15.81,9.36
3/2/2018 14:00,15.77,9.9
3/2/2018 15:00,15.7,9.85
3/2/2018 16:00,14.51,10.28
3/2/2018 17:00,14.87,9.54
3/2/2018 18:00,14.11,9.51
3/2/2018 19:00,13.73,9.68
3/2/2018 20:00,13.5,9.56
3/2/2018 21:00,14.4,8.48
3/2/2018 22:00,14.39, 
3/2/2018 23:00,14.03, 
3/3/2018 0:00,14.8,8.73
3/3/2018 1:00,14.65,8.3
3/3/2018 2:00,15.13,8.01
3/3/2018 3:00,14.41,8.38
3/3/2018 4:00,14.11,8.63
3/3/2018 5:00,13.55,7.705
3/3/2018 6:00,12.4,7.513
3/3/2018 7:00,12.91,8.69
3/3/2018 8:00,14.24,7.816
3/3/2018 9:00,14.52,8.42
3/3/2018 10:00,15.26,8.64
3/3/2018 11:00,13.75,7.485
3/3/2018 12:00,12.03,5.876
3/3/2018 13:00,10.53,7.162
3/3/2018 14:00,13.59,8.62
3/3/2018 15:00, ,7.49
3/3/2018 16:00,12.78,8.52
3/3/2018 17:00,11.7,9.15
3/3/2018 18:00,12.39,9.94
3/3/2018 19:00,11.35,8.24
3/3/2018 20:00,12.55,6.913
3/3/2018 21:00,13.02,8.4
3/3/2018 22:00,15.64,8.78
3/3/2018 23:00,15.14,10.45
3/4/2018 0:00,15.7,12.18
3/4/2018 1:00,17.5,12.86
3/4/2018 2:00,18.11,13.2
3/4/2018 3:00,18.31,10.98
3/4/2018 4:00,18.22,12.88
3/4/2018 5:00,15.21,11.75
3/4/2018 6:00,15.3,10.26
3/4/2018 7:00,13,9.35
3/4/2018 8:00,12.97,8.53
3/4/2018 9:00,14.74,10.07
3/4/2018 10:00,12.23,8.39
3/4/2018 11:00,12,8.04
3/4/2018 12:00,11.25,8.58
3/4/2018 13:00,11.46,8.79
3/4/2018 14:00,9.42,7.291
3/4/2018 15:00,8.28,7.182
3/4/2018 16:00,7.087,5.767
3/4/2018 17:00,6.552,5.369
3/4/2018 18:00,5.593,5.431
3/4/2018 19:00,7.848,5.025
3/4/2018 20:00, , 
3/4/2018 21:00,3.958,5.622
3/4/2018 22:00,4.783,5.212
3/4/2018 23:00, , 
3/5/2018 0:00,5.473,4.394
3/5/2018 1:00,3.899,3.553
3/5/2018 2:00,2.616,3.436
3/5/2018 3:00,5.664,4.289
3/5/2018 4:00,4.557,5.046
3/5/2018 5:00,6.175,5.494
3/5/2018 6:00,4.896,5.188
3/5/2018 7:00,3.341,4.93
3/5/2018 8:00,1.085,3.764
3/5/2018 9:00,1.589,4.416
3/5/2018 10:00,0.014,3.106
3/5/2018 11:00,0.403,3.763
3/5/2018 12:00,1.601,5.02
3/5/2018 13:00,5.837,5.327
3/5/2018 14:00,5.38,4.029
3/5/2018 15:00,5.394,3.354
3/5/2018 16:00,5.135,2.816
3/5/2018 17:00,4.003,2.807
3/5/2018 18:00,0.557,2.499
3/5/2018 19:00,4.863,3.449
3/5/2018 20:00,4.297,3.57
3/5/2018 21:00,3.792,2.68
3/5/2018 22:00,3.783,2.393
3/5/2018 23:00,3.057,2.221
3/6/2018 0:00,3.102,1.821
3/6/2018 1:00,4.923,2.324
3/6/2018 2:00,4.08,2.139
3/6/2018 3:00,3.59,2.012
3/6/2018 4:00,3.184,1.844
3/6/2018 5:00,3.577,2.448
3/6/2018 6:00,4.478,1.977
3/6/2018 7:00,7.334,2.68
3/6/2018 8:00,8.22,3.409
3/6/2018 9:00,9.19,4.007
3/6/2018 10:00,8.91,3.753
3/6/2018 11:00, ,3.954
3/6/2018 12:00,9.75, 
3/6/2018 13:00,11.12,6.366
3/6/2018 14:00,11.26,7.224
3/6/2018 15:00,12.07,7.436
3/6/2018 16:00,11.2,7.293
3/6/2018 17:00,10.8,7.492
3/6/2018 18:00,11.76,8.13
3/6/2018 19:00,11.69,8.33
3/6/2018 20:00, ,9.72
3/6/2018 21:00,12.24,10.47
3/6/2018 22:00,14,10.99
3/6/2018 23:00, ,10.77
3/7/2018 0:00,14.84,11.33
3/7/2018 1:00,15.74,9.88
3/7/2018 2:00,15.95,10.62
3/7/2018 3:00,16.14,10.2
3/7/2018 4:00,15.18,10.44
3/7/2018 5:00,15.38,10.13
3/7/2018 6:00,15.45,9.49
3/7/2018 7:00,15.68,10.3
3/7/2018 8:00,15.93,9.58
3/7/2018 9:00,15.31,9.52
3/7/2018 10:00,14.63,9.33
3/7/2018 11:00,15.03,10.14
3/7/2018 12:00,14.38,9.62
3/7/2018 13:00,13.49,8.77
3/7/2018 14:00,11.72,9.05
3/7/2018 15:00,10.8,8.01
3/7/2018 16:00,11.03,9.83
3/7/2018 17:00,10.01,8.44
3/7/2018 18:00,9.27,9.65
3/7/2018 19:00,11.01,11.33
3/7/2018 20:00, , 
3/7/2018 21:00,13.87,11.28
3/7/2018 22:00,15.67,11.16
3/7/2018 23:00,14.34,11.15
3/8/2018 0:00,14.82,10.57
3/8/2018 1:00,13.18,12.84
3/8/2018 2:00,13.94,10.33
3/8/2018 3:00,12.63,11.35
3/8/2018 4:00,14.56,11.41
3/8/2018 5:00,14.89,12.79
3/8/2018 6:00,18.81,16.11
3/8/2018 7:00,19.96,15.86
3/8/2018 8:00,21.62,14.92
3/8/2018 9:00,22.43,16.46
3/8/2018 10:00,23.29,14.32
3/8/2018 11:00,21.4,14.13
3/8/2018 12:00,19.9,13.75
3/8/2018 13:00,19.98,14.54
3/8/2018 14:00,20.24,11.32
3/8/2018 15:00,20.45,13.18
3/8/2018 16:00,20.11,14.18
3/8/2018 17:00,20.25,13.88
3/8/2018 18:00,19.4,13.16
3/8/2018 19:00,18.47,13.65
3/8/2018 20:00,18.55,13.01
3/8/2018 21:00,17.6,12.49
3/8/2018 22:00,16.99,12.85
3/8/2018 23:00,18.41,13.91
3/9/2018 0:00,19.52,13.28
3/9/2018 1:00,18.82,12.2
3/9/2018 2:00,17.9,9.82
3/9/2018 3:00,18.83,11.49
3/9/2018 4:00,19.13,12.92
3/9/2018 5:00,17.82,12.25
3/9/2018 6:00,17.82,11.18
3/9/2018 7:00,18.66,10.52
3/9/2018 8:00,18.98,12.1
3/9/2018 9:00,18.3,11.6
3/9/2018 10:00,18.56,12.06
3/9/2018 11:00,18.38,13.01
3/9/2018 12:00,17.4,10.9
3/9/2018 13:00,17.53,10.3
3/9/2018 14:00,17.83,10.09
3/9/2018 15:00,17.06,9.44
3/9/2018 16:00,16.4,10.45
3/9/2018 17:00,15.02,11.57
3/9/2018 18:00,15.61,11.29
3/9/2018 19:00,16.06,9.91
3/9/2018 20:00,15.43,10.75
3/9/2018 21:00,16.98,12.11
3/9/2018 22:00,18.13,11.32
3/9/2018 23:00,17.47,9.33
3/10/2018 0:00,18.26,10.04
3/10/2018 1:00,18.43,10.84
3/10/2018 2:00,19.33,12.49
3/10/2018 3:00,19.41,13.69
3/10/2018 4:00,19.79, 
3/10/2018 5:00, ,12.51
3/10/2018 6:00,19.28,12.22
3/10/2018 7:00,21.98,14.77
3/10/2018 8:00,22.54,15.33
3/10/2018 9:00,22.98,15.93
3/10/2018 10:00,21.87,14
3/10/2018 11:00,20.49,13.59
3/10/2018 12:00,19.78,14.44
3/10/2018 13:00,18.95,15.38
3/10/2018 14:00,19.91,12.88
3/10/2018 15:00,18.28,11.43
3/10/2018 16:00,18.23,11.66
3/10/2018 17:00,17.84,11.82
3/10/2018 18:00,19.66,13.61
3/10/2018 19:00,21.28,14.16
3/10/2018 20:00,21.95,14.9
3/10/2018 21:00,22.58,16.07
3/10/2018 22:00, ,18.76
3/10/2018 23:00,23.86,19.95
3/11/2018 0:00,25.24,19.44
3/11/2018 1:00,23.07,19.08
3/11/2018 2:00,22.69,18.32
3/11/2018 3:00,22.55,16.19
3/11/2018 4:00,20.87,17.55
3/11/2018 5:00,21.05,17.44
3/11/2018 6:00,20.4,16.6
3/11/2018 7:00,20.35,16.28
3/11/2018 8:00,20.44,16.25
3/11/2018 9:00,19.63,15.84
3/11/2018 10:00,19.54,13.96
3/11/2018 11:00,18.02,12.18
3/11/2018 12:00,16.29,10.37
3/11/2018 13:00,15.63,12.86
3/11/2018 14:00,18.09,14.03
3/11/2018 15:00,17.23,13.34
3/11/2018 16:00,16.41,12.35
3/11/2018 17:00,15.76,11.45
3/11/2018 18:00,15.31,11.61
3/11/2018 19:00,15.2,12.06
3/11/2018 20:00,15.2,13.04
3/11/2018 21:00,14.73,12.88
3/11/2018 22:00,16.12, 
3/11/2018 23:00,16.62,14.64
3/12/2018 0:00,16.09,14.54
3/12/2018 1:00,17.07,13.99
3/12/2018 2:00,20.56,14.21
3/12/2018 3:00,20.11,14.71
3/12/2018 4:00,21.34,15.46
3/12/2018 5:00,20.78,15.82
3/12/2018 6:00,20.86,15.88
3/12/2018 7:00,21.05,15.42
3/12/2018 8:00,21.76,16.42
3/12/2018 9:00,20.96,15.44
3/12/2018 10:00,20.29,14.96
3/12/2018 11:00,20.24,14.65
3/12/2018 12:00,21.04,14.53
3/12/2018 13:00,20.41,14.19
3/12/2018 14:00,20.05,13.74
3/12/2018 15:00,19.8,13.28
3/12/2018 16:00,19.63,13.4
3/12/2018 17:00,18.8,13.11
3/12/2018 18:00,18.35,12.23
3/12/2018 19:00,18.47,12.86
3/12/2018 20:00,18.06,12.42
3/12/2018 21:00,18.65,12.34
3/12/2018 22:00,19,12.62
3/12/2018 23:00,18.96,12.87
3/13/2018 0:00,18.27,12.81
3/13/2018 1:00,18.36,12.66
3/13/2018 2:00,18.17,12.27
3/13/2018 3:00,18.43,12.02
3/13/2018 4:00, , 
3/13/2018 5:00,18.27,11.9
3/13/2018 6:00,18.23,11.61
3/13/2018 7:00,17.79,11.64
3/13/2018 8:00,17.86,11.66
3/13/2018 9:00,18.01,11.26
3/13/2018 10:00,16.96,10.92
3/13/2018 11:00,16.15,9.57
3/13/2018 12:00,15.7,9.59
3/13/2018 13:00,13.48,8.28
3/13/2018 14:00,12.26,7.751
3/13/2018 15:00,12.09,7.767
3/13/2018 16:00,12.26,7.204
3/13/2018 17:00,11.63, 
3/13/2018 18:00,12.15,7.685
3/13/2018 19:00,11.12,8.39
3/13/2018 20:00,10.89,8.45
3/13/2018 21:00,14.3,8.25
3/13/2018 22:00,14.9,8.1
3/13/2018 23:00,14.81,7.978
3/14/2018 0:00,15.37,8.12
3/14/2018 1:00,15.51,8.55
3/14/2018 2:00,15.1,9.2
3/14/2018 3:00,15.45,9.41
3/14/2018 4:00,15.81,9.36
3/14/2018 5:00,16.13,9.68
3/14/2018 6:00,16.61,9.76
3/14/2018 7:00,15.67,9.67
3/14/2018 8:00,15.61,9.28
3/14/2018 9:00,15.41,9.2
3/14/2018 10:00,14.96,8.79
3/14/2018 11:00,14.19,8.72
3/14/2018 12:00,13.92,8.27
3/14/2018 13:00,13.94,7.992
3/14/2018 14:00,13.4,8.84
3/14/2018 15:00,14.11,8.45
3/14/2018 16:00,13.4,8.73
3/14/2018 17:00,12.6,9.37
3/14/2018 18:00,16.39,9.62
3/14/2018 19:00,17.65,10.72
3/14/2018 20:00,17.89,12.2
3/14/2018 21:00,18.86,12.62
3/14/2018 22:00, ,12.47
3/14/2018 23:00,18.94,13.09
3/15/2018 0:00,20.29,12.55
3/15/2018 1:00,19.65,13.01
3/15/2018 2:00,20.76,13.83
3/15/2018 3:00,22.13,13.36
3/15/2018 4:00,20.92,15.02
3/15/2018 5:00,22.58,15.08
3/15/2018 6:00,24.36,13.92
3/15/2018 7:00,24.36,14.2
3/15/2018 8:00,25.12,15.82
3/15/2018 9:00,24.42,15.84
3/15/2018 10:00,24.61,14.78
3/15/2018 11:00,24.01,15.57
3/15/2018 12:00,22.84,15.07
3/15/2018 13:00,21.03,14.81
3/15/2018 14:00,20.56,13.99
3/15/2018 15:00,16.63,12.17
3/15/2018 16:00,16.87,10.89
3/15/2018 17:00,15.3,10.89
3/15/2018 18:00,14.51,9.43
3/15/2018 19:00,13.53,7.506
3/15/2018 20:00,14.55,9.47
3/15/2018 21:00,13.18,9.74
3/15/2018 22:00,17.91,10.02
3/15/2018 23:00,17.33,11.06
3/16/2018 0:00,17.64,11.59
3/16/2018 1:00,18.96,12.2
3/16/2018 2:00,19.04,13.17
3/16/2018 3:00,19.89,13.85
3/16/2018 4:00,18.79,15.17
3/16/2018 5:00,23.06,14.42
3/16/2018 6:00,22.28,14.51
3/16/2018 7:00,22.44,14.58
3/16/2018 8:00,22.33,14.7
3/16/2018 9:00,23.41,14.5
3/16/2018 10:00,21.67,13.99
3/16/2018 11:00,21.08, 
3/16/2018 12:00,20.55,13.59
3/16/2018 13:00,20.75,14.13
3/16/2018 14:00,17.68,14.63
3/16/2018 15:00,17.64,13.7
3/16/2018 16:00,19.29,14.2
3/16/2018 17:00,18.51,14.14
3/16/2018 18:00,19.65,14.15
3/16/2018 19:00,21.54,16
3/16/2018 20:00,20.49,14.11
3/16/2018 21:00,16.4,11.82
3/16/2018 22:00,9.51,8.97
3/16/2018 23:00,12.12,10.31
3/17/2018 0:00,11.72,11
3/17/2018 1:00,11.82,11.25
3/17/2018 2:00,12.94,11.71
3/17/2018 3:00,14.13,12.44
3/17/2018 4:00,12.91,11.3
3/17/2018 5:00,12.67,10.31
3/17/2018 6:00,12.28,9.77
3/17/2018 7:00,11.93,10.02
3/17/2018 8:00,11.93,10.35
3/17/2018 9:00,10.48,9.03
3/17/2018 10:00,10.22, 
3/17/2018 11:00,9.71,5.891
3/17/2018 12:00,9.37,6.634
3/17/2018 13:00,11.81,8.65
3/17/2018 14:00,12.98,9.58
3/17/2018 15:00,11.86,9.49
3/17/2018 16:00,11.65,8.32
3/17/2018 17:00,11.39,7.118
3/17/2018 18:00, ,6.85
3/17/2018 19:00,12.06,6.985
3/17/2018 20:00, ,7.464
3/17/2018 21:00,12.56,7.659
3/17/2018 22:00,11.83,8.01
3/17/2018 23:00,11.61,6.739
3/18/2018 0:00,11.01,7.775
3/18/2018 1:00,10.63, 
3/18/2018 2:00,10.28,6.546
3/18/2018 3:00,11.18,6.491
3/18/2018 4:00,10.56,6.747
3/18/2018 5:00,11.55,8.03
3/18/2018 6:00,11.71,7.461
3/18/2018 7:00,12.97,8.64
3/18/2018 8:00,12.95,8.49
3/18/2018 9:00,12.95,7.922
3/18/2018 10:00,12.72,8.27
3/18/2018 11:00, ,9.36
3/18/2018 12:00,12.33,8.9
3/18/2018 13:00,13.97,8.92
3/18/2018 14:00,13.41,9.04
3/18/2018 15:00,13.23,9.55
3/18/2018 16:00,12.95,9.65
3/18/2018 17:00,13.37,9.49
3/18/2018 18:00,13.58,10.34
3/18/2018 19:00,15.56,9.92
3/18/2018 20:00,16.83,11.4
3/18/2018 21:00,18.77,10.16
3/18/2018 22:00,17.27,10.74
3/18/2018 23:00,18.5,11.34
3/19/2018 0:00,18.61,12.6
3/19/2018 1:00,21.34,11.92
3/19/2018 2:00,20.63,12.73
3/19/2018 3:00,21.16,13.03
3/19/2018 4:00,21.78,13.85
3/19/2018 5:00,21.9,14.86
3/19/2018 6:00,22.4,15
3/19/2018 7:00,23.32,15.71
3/19/2018 8:00,23.31,16.15
3/19/2018 9:00,23.13,16.41
3/19/2018 10:00,23.43,16.06
3/19/2018 11:00,23.96, 
3/19/2018 12:00,23.21,14.79
3/19/2018 13:00,22.92,16.49
3/19/2018 14:00,21.75,15.62
3/19/2018 15:00,19.42,14.4
3/19/2018 16:00,18.75,14.42
3/19/2018 17:00,18.7,13.16
3/19/2018 18:00,20.49,12.84
3/19/2018 19:00,19.45,13.85
3/19/2018 20:00,21.06,13.61
3/19/2018 21:00,20.46,13.61
3/19/2018 22:00,20.94,14.46
3/19/2018 23:00,20.47,14.76
3/20/2018 0:00,19.81,14.43
3/20/2018 1:00,19.82,13.95
3/20/2018 2:00,19.67,13.96
3/20/2018 3:00,17.71,14.27
3/20/2018 4:00,17.37,14.67
3/20/2018 5:00,17.07,14.18
3/20/2018 6:00,17.55,16.53
3/20/2018 7:00,17.1,16.6
3/20/2018 8:00,18.21,16.83
3/20/2018 9:00,20.55,17.31
3/20/2018 10:00,17.57,15.61
3/20/2018 11:00,18.54,15.57
3/20/2018 12:00,17.57,15.54
3/20/2018 13:00,18.98,12.94
3/20/2018 14:00,20.24,13.96
3/20/2018 15:00,19.75,12.47
3/20/2018 16:00,19.86,13.31
3/20/2018 17:00,19.15,9.85
3/20/2018 18:00, ,10.09
3/20/2018 19:00,18.67,10.13
3/20/2018 20:00,18.9,10.78
3/20/2018 21:00,17.74,12.53
3/20/2018 22:00,17.67,13.52
3/20/2018 23:00,19.18,12.15
3/21/2018 0:00,20.54,13.17
3/21/2018 1:00,20.55,14.16
3/21/2018 2:00,20.76,13.45
3/21/2018 3:00,20.16,12.72
3/21/2018 4:00,20.42,13.65
3/21/2018 5:00,22.1,12.85
3/21/2018 6:00,20.88,12.09
3/21/2018 7:00,20.4, 
3/21/2018 8:00,21.74,14.41
3/21/2018 9:00,20.95,14.61
3/21/2018 10:00,21.24,13.8
3/21/2018 11:00, , 
3/21/2018 12:00,20.61,12.94
3/21/2018 13:00,20.11,12.27
3/21/2018 14:00,19,13.36
3/21/2018 15:00,18.7,13.52
3/21/2018 16:00,19.13,13.01
3/21/2018 17:00,20.67,13.14
3/21/2018 18:00,21.71,14.9
3/21/2018 19:00,21.62,14.46
3/21/2018 20:00,19.41,16.21
3/21/2018 21:00,21.75,16.07
3/21/2018 22:00,24.91,16.47
3/21/2018 23:00,23.52,14.58
3/22/2018 0:00,22.86,15.43
3/22/2018 1:00,20.23,16.96
3/22/2018 2:00,18.11,17.72
3/22/2018 3:00,11.44,17.55
3/22/2018 4:00,15.94,17.36
3/22/2018 5:00,13.95,16.83
3/22/2018 6:00,12.47,17.5
3/22/2018 7:00,17.01, 
3/22/2018 8:00, ,16.1
3/22/2018 9:00,16.86,17.65
3/22/2018 10:00,18.35,17.64
3/22/2018 11:00,16.72,18.46
3/22/2018 12:00,16.83,17.85
3/22/2018 13:00,15.48,18.14
3/22/2018 14:00,17.08,16.39
3/22/2018 15:00,15.47,18.02
3/22/2018 16:00,17.48,18.3
3/22/2018 17:00,18.28,16.05
3/22/2018 18:00,19.76,16.88
3/22/2018 19:00,18.3,16.12
3/22/2018 20:00,17.9,15.23
3/22/2018 21:00,18.63,14.89
3/22/2018 22:00,20.69,17.01
3/22/2018 23:00,20.49,16.98
3/23/2018 0:00,21.21,17.67
3/23/2018 1:00,19.98,17.21
3/23/2018 2:00,20.36,18.05
3/23/2018 3:00,21.15,18.9
3/23/2018 4:00,22.22,17.48
3/23/2018 5:00,20.91,16.99
3/23/2018 6:00,19.67,15.91
3/23/2018 7:00,19.52,16.46
3/23/2018 8:00,18.73,16.59
3/23/2018 9:00,18.22,15.79
3/23/2018 10:00,17.25,14.1
3/23/2018 11:00,17,12.91
3/23/2018 12:00,17.37,14.31
3/23/2018 13:00,17.07,13.92
3/23/2018 14:00,19.01,14.82
3/23/2018 15:00,20.61,14.98
3/23/2018 16:00,21.58,15.75
3/23/2018 17:00,21.75,16.08
3/23/2018 18:00,24.52,16.24
3/23/2018 19:00,21.89,16.78
3/23/2018 20:00,23.34,16.71
3/23/2018 21:00,23.48,17.92
3/23/2018 22:00,23.66,19.09
3/23/2018 23:00,24.14,19.02
3/24/2018 0:00,25.08,20.02
3/24/2018 1:00, ,18.83
3/24/2018 2:00,23.53,17.84
3/24/2018 3:00,22.49,16
3/24/2018 4:00,22.35,14.77
3/24/2018 5:00, ,15.44
3/24/2018 6:00,23.06,16.2
3/24/2018 7:00,22.69,15.64
3/24/2018 8:00,22.49,15.43
3/24/2018 9:00,22.2,15.09
3/24/2018 10:00,21.27,14.84
3/24/2018 11:00, , 
3/24/2018 12:00,19.84,11.96
3/24/2018 13:00,19.61,10.93
3/24/2018 14:00,16.5,11.3
3/24/2018 15:00,14.62,9.92
3/24/2018 16:00,15.9,9.56
3/24/2018 17:00,15.91,11.49
3/24/2018 18:00,17.32,10.86
3/24/2018 19:00,18.65,11.02
3/24/2018 20:00,17.49,10.96
3/24/2018 21:00,17.68,9.69
3/24/2018 22:00,18.71,9.1
3/24/2018 23:00,18.01,8.99
3/25/2018 0:00,14.72,8.37
3/25/2018 1:00,17.28,8.91
3/25/2018 2:00,17.25, 
3/25/2018 3:00,16.51,8.08
3/25/2018 4:00,13.79,7.3
3/25/2018 5:00,12.51,8.23
3/25/2018 6:00,11.36,7.083
3/25/2018 7:00,9.38,8.18
3/25/2018 8:00,9.64,8.19
3/25/2018 9:00,8.49,6.546
3/25/2018 10:00,8.04,4.612
3/25/2018 11:00,7.99,3.904
3/25/2018 12:00,7.757,4.144
3/25/2018 13:00,8.38,5.679
3/25/2018 14:00,6.397,5.427
3/25/2018 15:00,9.43,5.407
3/25/2018 16:00,7.915,4.176
3/25/2018 17:00,7.853,3.659
3/25/2018 18:00,6.724,3.875
3/25/2018 19:00,6.973,4.706
3/25/2018 20:00,8.39,4.332
3/25/2018 21:00,8.34,3.737
3/25/2018 22:00,8.81,4.721
3/25/2018 23:00,8.52,4.694
3/26/2018 0:00,8.22,5.521
3/26/2018 1:00,7.745,4.535
3/26/2018 2:00,8.03,5.299
3/26/2018 3:00,8.01,5.295
3/26/2018 4:00,8.22,5.243
3/26/2018 5:00,8.84,5.465
3/26/2018 6:00,8.95,5.878
3/26/2018 7:00,9.92,7.32
3/26/2018 8:00,10.02,8.1
3/26/2018 9:00,9.35,8.28
3/26/2018 10:00,11.77,9.3
3/26/2018 11:00,10.64,8.35
3/26/2018 12:00,11.2,8.11
3/26/2018 13:00,11.26,9.47
3/26/2018 14:00,10.99,10.85
3/26/2018 15:00,12.7,11.92
3/26/2018 16:00,12.84,9.89
3/26/2018 17:00,13.74,10.11
3/26/2018 18:00, ,10.9
3/26/2018 19:00,15.55,10.8
3/26/2018 20:00,15.77,10.19
3/26/2018 21:00,14.83,9.59
3/26/2018 22:00,16.12,10.49
3/26/2018 23:00,17.63,7.57
3/27/2018 0:00,16.84,10.66
3/27/2018 1:00, ,9.66
3/27/2018 2:00,15.09,8.63
3/27/2018 3:00,13.45,8.1
3/27/2018 4:00, ,7.45
3/27/2018 5:00,12.9,7.311
3/27/2018 6:00,12.38,8.46
3/27/2018 7:00,12.7,8.32
3/27/2018 8:00,13.29,9.1
3/27/2018 9:00,13.98,10.42
3/27/2018 10:00,13.66,10.09
3/27/2018 11:00,15.16, 
3/27/2018 12:00, , 
3/27/2018 13:00, , 
3/27/2018 14:00, , 
3/27/2018 15:00, , 
3/27/2018 16:00, , 
3/27/2018 17:00, , 
3/27/2018 18:00, , 
3/27/2018 19:00, , 
3/27/2018 20:00, , 
3/27/2018 21:00, , 
3/27/2018 22:00, , 
3/27/2018 23:00, , 
3/28/2018 0:00, , 
3/28/2018 1:00, , 
3/28/2018 2:00, , 
3/28/2018 3:00, , 
3/28/2018 4:00, , 
3/28/2018 5:00, , 
3/28/2018 6:00, ,10.92
3/28/2018 7:00,16.85,10.73
3/28/2018 8:00,17.35,10.56
3/28/2018 9:00,16.61,10.14
3/28/2018 10:00,16.59,10.18
3/28/2018 11:00,12.82,10.27
3/28/2018 12:00,9.25,10.85
3/28/2018 13:00,10.1,10.85
3/28/2018 14:00,8.96,10.3
3/28/2018 15:00,9.6,9.86
3/28/2018 16:00,9.68,9.23
3/28/2018 17:00,10.28,9.38
3/28/2018 18:00,9.37,9.53
3/28/2018 19:00,11.7,9.94
3/28/2018 20:00, ,10.82
3/28/2018 21:00,11.81,11.03
3/28/2018 22:00, ,10.08
3/28/2018 23:00,11.35,9.19
3/29/2018 0:00,11.27,9.78
3/29/2018 1:00,13.44, 
3/29/2018 2:00,13.84,9.83
3/29/2018 3:00,14.13,9.03
3/29/2018 4:00,14.43,10.05
3/29/2018 5:00,14.81,10.31
3/29/2018 6:00,14.86,8.81
3/29/2018 7:00,14.88,9.85
3/29/2018 8:00,14.78,8.71
3/29/2018 9:00,14.78,9.05
3/29/2018 10:00,14.47,7.841
3/29/2018 11:00,13.98,8.01
3/29/2018 12:00,12.26,8.01
3/29/2018 13:00, ,7.404
3/29/2018 14:00,13.83,7.12
3/29/2018 15:00,12.48,6.703
3/29/2018 16:00,13.94,7.886
3/29/2018 17:00,15.15,9.45
3/29/2018 18:00,15.21,11.34
3/29/2018 19:00,17.81,12.43
3/29/2018 20:00,19.38,12.64
3/29/2018 21:00,19.46,13
3/29/2018 22:00,18.75,13.64
3/29/2018 23:00,18.74,13.84
3/30/2018 0:00,18.97,14.06
3/30/2018 1:00, ,14.51
3/30/2018 2:00,20.78,14.77
3/30/2018 3:00,20.75,14.85
3/30/2018 4:00,20.56,15.68
3/30/2018 5:00,21.35,14.2
3/30/2018 6:00,21.11,14.35
3/30/2018 7:00,20.65,15.94
3/30/2018 8:00,21.01,16.42
3/30/2018 9:00,25.02,16.27
3/30/2018 10:00,23.84,16.87
3/30/2018 11:00,22.85,15.3
3/30/2018 12:00,23.84, 
3/30/2018 13:00, ,15.93
3/30/2018 14:00,20.1,13.74
3/30/2018 15:00,17.67,15.68
3/30/2018 16:00,18.59,17.23
3/30/2018 17:00,16.24,14.35
3/30/2018 18:00,17.26,15.98
3/30/2018 19:00,17.84,16.53
3/30/2018 20:00,17.89,14.34
3/30/2018 21:00,17.56,13.53
3/30/2018 22:00,17.92,17.05
3/30/2018 23:00,16.93,19.13
3/31/2018 0:00,14.07,17.2
3/31/2018 1:00,11.6,14.69
3/31/2018 2:00,13.67,15.1
3/31/2018 3:00,10.11,15.79
3/31/2018 4:00,8.29,15.59
3/31/2018 5:00,8.43,13.1
3/31/2018 6:00,13.57,12.75
3/31/2018 7:00,13.13,8.87
3/31/2018 8:00,9.97,8.14
3/31/2018 9:00,4.465,3.55
3/31/2018 10:00,1.416, 
3/31/2018 11:00,1.982,1.455
3/31/2018 12:00, ,1.396
3/31/2018 13:00,7.974,7.204
3/31/2018 14:00,9.33,5.145
3/31/2018 15:00,10.89,5.964
3/31/2018 16:00,11.16,5.942
3/31/2018 17:00,9.83,4.909
3/31/2018 18:00,9.48,3.447
3/31/2018 19:00,8.97,4.731
3/31/2018 20:00,10.32,7.639
3/31/2018 21:00,12.69,7.391
3/31/2018 22:00,13.81, 
3/31/2018 23:00,15.14,10.15
4/1/2018 0:00, , 
4/1/2018 1:00, ,11.36
4/1/2018 2:00,14.23,11.21
4/1/2018 3:00,14.15,11.18
4/1/2018 4:00,14.81,11.56
4/1/2018 5:00,15.93,14
4/1/2018 6:00,14.92,11.2
4/1/2018 7:00,10.28,7.227
4/1/2018 8:00,8.65,6.297
4/1/2018 9:00,8.39,5.201
4/1/2018 10:00,10.58,8.38
4/1/2018 11:00,10.49,8.09
4/1/2018 12:00,11.03,7.17
4/1/2018 13:00,11.45,10.25
4/1/2018 14:00,10.07,7.808
4/1/2018 15:00,8.44,6.326
4/1/2018 16:00,8.44,8.02
4/1/2018 17:00,15.16,11.86
4/1/2018 18:00, ,15.48
4/1/2018 19:00,20.21,17.08
4/1/2018 20:00,20.11,16.25
4/1/2018 21:00, ,15.12
4/1/2018 22:00,18.73,14.16
4/1/2018 23:00,18.79,15.02
4/2/2018 0:00, , 
4/2/2018 1:00, ,16.81
4/2/2018 2:00,20.54,14.56
4/2/2018 3:00,21.01, 
4/2/2018 4:00,21.37,15.88
4/2/2018 5:00,22.28,15.97
4/2/2018 6:00,21.68,14.56
4/2/2018 7:00,22,13.63
4/2/2018 8:00,20.5,12.59
4/2/2018 9:00,19.85,13.97
4/2/2018 10:00,17.08,12.84
4/2/2018 11:00,13.51,10.98
4/2/2018 12:00,9.49,4.423
4/2/2018 13:00,4.293,4.308
4/2/2018 14:00,7.2,4.484
4/2/2018 15:00,10.31,5.896
4/2/2018 16:00,10.46,7.549
4/2/2018 17:00,11.53,8.69
4/2/2018 18:00,12.11,7.985
4/2/2018 19:00,13.33,8.26
4/2/2018 20:00,13.06,8.56
4/2/2018 21:00,13.92,9.52
4/2/2018 22:00,15.66,11.46
4/2/2018 23:00,16.41,13.04
4/3/2018 0:00, , 
4/3/2018 1:00, ,13.09
4/3/2018 2:00,16.25,13.71
4/3/2018 3:00,15.11,13.26
4/3/2018 4:00,16.68,15.94
4/3/2018 5:00,20.16,16.9
4/3/2018 6:00,23.28,18.78
4/3/2018 7:00,21.31,19.49
4/3/2018 8:00,22.59,18.47
4/3/2018 9:00,22.89,19.4
4/3/2018 10:00,23.32,18.94
4/3/2018 11:00,23.22,18.54
4/3/2018 12:00,21.55,18.48
4/3/2018 13:00,21.09,17.82
4/3/2018 14:00,20.4,16.55
4/3/2018 15:00,18.53,15.47
4/3/2018 16:00,18.7,14.9
4/3/2018 17:00,18.38,14.56
4/3/2018 18:00,18.36,14.36
4/3/2018 19:00,17.65,14.56
4/3/2018 20:00,17.19,13.99
4/3/2018 21:00,16.75,13.84
4/3/2018 22:00,16.36,13.32
4/3/2018 23:00,15.37,13.57
4/4/2018 0:00, , 
4/4/2018 1:00, ,12.35
4/4/2018 2:00,14.73,12.05
4/4/2018 3:00,15.56,12.19
4/4/2018 4:00,15.44,12.21
4/4/2018 5:00,14.73,11.81
4/4/2018 6:00,15.92,11.52
4/4/2018 7:00,15.6,11.29
4/4/2018 8:00,15.42,10.95
4/4/2018 9:00,15.73,11.23
4/4/2018 10:00,15.94,10.33
4/4/2018 11:00,17.15,10.73
4/4/2018 12:00,16.51, 
4/4/2018 13:00,16.09,10.05
4/4/2018 14:00,15.78,10.22
4/4/2018 15:00,15.89,10.16
4/4/2018 16:00,13.08,10.7
4/4/2018 17:00,15.02,10.86
4/4/2018 18:00,15.5,10.6
4/4/2018 19:00,14.55,10.72
4/4/2018 20:00, ,9.9
4/4/2018 21:00,14.91,9.57
4/4/2018 22:00,14.74,9.64
4/4/2018 23:00,16.32,9.74
4/5/2018 0:00, , 
4/5/2018 1:00, ,7.916
4/5/2018 2:00,14.24,8.26
4/5/2018 3:00,13.13,7.697
4/5/2018 4:00,12.83,7.204
4/5/2018 5:00,12.85,7.973
4/5/2018 6:00,13.31,7.597
4/5/2018 7:00,12.1,6.816
4/5/2018 8:00,12.61,6.288
4/5/2018 9:00,11.84,7.562
4/5/2018 10:00,12.23,7.719
4/5/2018 11:00,11.95,6.831
4/5/2018 12:00,11.76,6.791
4/5/2018 13:00,10.3, 
4/5/2018 14:00,12.54,7.662
4/5/2018 15:00,12.18,5.868
4/5/2018 16:00,11.63,6.748
4/5/2018 17:00,11.4,7.556
4/5/2018 18:00,12.69,7.814
4/5/2018 19:00,9.47,7.615
4/5/2018 20:00,10.12,8.71
4/5/2018 21:00,10.36,8.33
4/5/2018 22:00,11.38,8.77
4/5/2018 23:00,11.22,9.1
4/6/2018 0:00, , 
4/6/2018 1:00, ,10.05
4/6/2018 2:00,13.91,10.26
4/6/2018 3:00,16.41,11.3
4/6/2018 4:00,16.89,11.19
4/6/2018 5:00,16.93,12.42
4/6/2018 6:00,17.66,12.56
4/6/2018 7:00,19.21,13.06
4/6/2018 8:00,19.8,12.73
4/6/2018 9:00,18.5, 
4/6/2018 10:00,19.29, 
4/6/2018 11:00,19.94,13.49
4/6/2018 12:00,19.84,12.73
4/6/2018 13:00,19.06,13.18
4/6/2018 14:00,18.23,12.65
4/6/2018 15:00,18.46,12.24
4/6/2018 16:00,18.31,12.86
4/6/2018 17:00,18.81,13.63
4/6/2018 18:00,19.02,13.02
4/6/2018 19:00,18.66,13.19
4/6/2018 20:00,18.51,14.02
4/6/2018 21:00,20.11,14.47
4/6/2018 22:00,20.15,14.26
4/6/2018 23:00,20.31,14.59
4/7/2018 0:00, , 
4/7/2018 1:00, ,15.06
4/7/2018 2:00,21.42,14.88
4/7/2018 3:00,21.35,15.12
4/7/2018 4:00,21.43,13.44
4/7/2018 5:00,19.96,14.2
4/7/2018 6:00,21.51,14.37
4/7/2018 7:00,20.54,14.49
4/7/2018 8:00,18.78,13.38
4/7/2018 9:00,18.96,13.26
4/7/2018 10:00,19.07,13.34
4/7/2018 11:00,17.08,13.22
4/7/2018 12:00,17.95,12.66
4/7/2018 13:00,18.14,12.93
4/7/2018 14:00,19.08,12.56
4/7/2018 15:00,18,11.54
4/7/2018 16:00,18.59,11.89
4/7/2018 17:00,19.12,11.46
4/7/2018 18:00,18.12,12.12
4/7/2018 19:00,18.21,11.75
4/7/2018 20:00,18.55,11.52
4/7/2018 21:00,19.11,11.39
4/7/2018 22:00,18.98,9.82
4/7/2018 23:00,18.06,10.65
4/8/2018 0:00, , 
4/8/2018 1:00, ,10.92
4/8/2018 2:00,15.83,10.52
4/8/2018 3:00,16.75,9.46
4/8/2018 4:00,17.28,10.25
4/8/2018 5:00,17.12,11.1
4/8/2018 6:00,15.9,11.06
4/8/2018 7:00,16.1,10.88
4/8/2018 8:00,16.74,10.43
4/8/2018 9:00,16.6,10.21
4/8/2018 10:00,16.63,10.86
4/8/2018 11:00,17.66,12.24
4/8/2018 12:00,17.32, 
4/8/2018 13:00,17.7,10.9
4/8/2018 14:00,17.98,11.43
4/8/2018 15:00,17.27,11.14
4/8/2018 16:00,17.64,11.74
4/8/2018 17:00,17.3,11.37
4/8/2018 18:00,17.22,11.19
4/8/2018 19:00,17.55,11.79
4/8/2018 20:00,16.48,11.34
4/8/2018 21:00,16.3,10.8
4/8/2018 22:00,16.99,10.14
4/8/2018 23:00, ,10.73
4/9/2018 0:00, , 
4/9/2018 1:00, ,11
4/9/2018 2:00,14.89,10.59
4/9/2018 3:00,15.03,10.12
4/9/2018 4:00,14.93,9.22
4/9/2018 5:00,14.54,9.04
4/9/2018 6:00,14.69,10.05
4/9/2018 7:00,14.39,9.34
4/9/2018 8:00,13.5,9.62
4/9/2018 9:00,13.49,9.52
4/9/2018 10:00,13.1,8.52
4/9/2018 11:00,12.97,8.28
4/9/2018 12:00,12.67,8.23
4/9/2018 13:00,12.27,8.3
4/9/2018 14:00,12.63,8.3
4/9/2018 15:00,12.22,8.72
4/9/2018 16:00,11.65,8.59
4/9/2018 17:00,12.15,7.775
4/9/2018 18:00, ,7.876
4/9/2018 19:00,12.44,7.926
4/9/2018 20:00,12.23,7.503
4/9/2018 21:00,12.51,8.04
4/9/2018 22:00,12.79,8.07
4/9/2018 23:00,12.34,7.588
4/10/2018 0:00, , 
4/10/2018 1:00, ,7.86
4/10/2018 2:00,11.35,7.237
4/10/2018 3:00,11.11,7.464
4/10/2018 4:00,12.52,7.321
4/10/2018 5:00,11.08,7.078
4/10/2018 6:00,11.96,7.474
4/10/2018 7:00,10.68,7.359
4/10/2018 8:00,11.02,7.77
4/10/2018 9:00,11.03,7.316
4/10/2018 10:00,10.86,5.867
4/10/2018 11:00,9.73,5.754
4/10/2018 12:00,8.8,5.332
4/10/2018 13:00,8.75,4.525
4/10/2018 14:00,8.37,4.124
4/10/2018 15:00,9.43,4.394
4/10/2018 16:00,10.09,4.897
4/10/2018 17:00,9.82,4.488
4/10/2018 18:00,10.13,5.817
4/10/2018 19:00,10.89,7.686
4/10/2018 20:00,10.78,5.796
4/10/2018 21:00,10.93,4.504
4/10/2018 22:00,10.14,4.836
4/10/2018 23:00,7.584,3.643
4/11/2018 0:00, , 
4/11/2018 1:00, ,3.227
4/11/2018 2:00,5.224,3.714
4/11/2018 3:00,6.037, 
4/11/2018 4:00,5.446,3.493
4/11/2018 5:00,5.252,3.512
4/11/2018 6:00,4.7,5.295
4/11/2018 7:00,7.485,5.213
4/11/2018 8:00,8.17,4.852
4/11/2018 9:00,6.379,4.87
4/11/2018 10:00,6.989,5.259
4/11/2018 11:00,3.69,6.744
4/11/2018 12:00,4.376,6.558
4/11/2018 13:00,6.43,7.293
4/11/2018 14:00,4.828,6.138
4/11/2018 15:00,3.528,4.401
4/11/2018 16:00,2.886,4.153
4/11/2018 17:00,4.316,4.479
4/11/2018 18:00,4.393,4.149
4/11/2018 19:00,5.696,4.479
4/11/2018 20:00,5.077,4.336
4/11/2018 21:00,5.058,3.333
4/11/2018 22:00,7.569,3.679
4/11/2018 23:00,8.67,4.083
4/12/2018 0:00, , 
4/12/2018 1:00, ,5.602
4/12/2018 2:00,11.02,4.789
4/12/2018 3:00,11.17,5.147
4/12/2018 4:00,11.14,5.717
4/12/2018 5:00,12.33,6.247
4/12/2018 6:00,12.25,5.334
4/12/2018 7:00,12.86,6.8
4/12/2018 8:00,13.61,7.496
4/12/2018 9:00,14.4,8.41
4/12/2018 10:00,15.55, 
4/12/2018 11:00,16.11,9.22
4/12/2018 12:00,16.7,9.45
4/12/2018 13:00,16.63,10.54
4/12/2018 14:00,18.14,11.57
4/12/2018 15:00,16.85,10.36
4/12/2018 16:00,17.64,10.91
4/12/2018 17:00,16.85, 
4/12/2018 18:00,16.96,12.27
4/12/2018 19:00,17.09,13.02
4/12/2018 20:00,16.86,13.41
4/12/2018 21:00,16.91,12.78
4/12/2018 22:00,16.78,13.01
4/12/2018 23:00,16.69,12.63
4/13/2018 0:00, , 
4/13/2018 1:00, ,15.11
4/13/2018 2:00, ,15.31
4/13/2018 3:00,21.15,14.75
4/13/2018 4:00,19.31,15.72
4/13/2018 5:00,20.14,15.59
4/13/2018 6:00,19.79,17.16
4/13/2018 7:00,19.78,17.16
4/13/2018 8:00,18.85,16.97
4/13/2018 9:00,19.07,17.49
4/13/2018 10:00,20.6,17.05
4/13/2018 11:00,22.27,18.38
4/13/2018 12:00,22.25,19.32
4/13/2018 13:00,22.84,19.92
4/13/2018 14:00,23.14,20.63
4/13/2018 15:00,24.39,19.62
4/13/2018 16:00,24.03,19.95
4/13/2018 17:00,23.57,20.22
4/13/2018 18:00,23.14,20.46
4/13/2018 19:00,22.37,18.84
4/13/2018 20:00,21.36,17.25
4/13/2018 21:00,19.19,15.68
4/13/2018 22:00,18.87,15.25
4/13/2018 23:00,19.17,13.99
4/14/2018 0:00, , 
4/14/2018 1:00, ,13.05
4/14/2018 2:00,17.24,14.15
4/14/2018 3:00,17.23,13.82
4/14/2018 4:00,16.85,14.17
4/14/2018 5:00,16.16,12.59
4/14/2018 6:00,16.05,12.58
4/14/2018 7:00, ,13.7
4/14/2018 8:00,18.46,13.63
4/14/2018 9:00,18.95,14.06
4/14/2018 10:00,18.04,13.63
4/14/2018 11:00,17.61,13.13
4/14/2018 12:00,17.37,12.85
4/14/2018 13:00,17.71,13.15
4/14/2018 14:00,17.94,12.91
4/14/2018 15:00,17.52,13.96
4/14/2018 16:00,16.99,14.03
4/14/2018 17:00,17.01,14.13
4/14/2018 18:00,15.46,12.55
4/14/2018 19:00,14.81,12.77
4/14/2018 20:00,14.06,12.56
4/14/2018 21:00,15.13,13.04
4/14/2018 22:00,13.11,11.65
4/14/2018 23:00,13.24,11.32
4/15/2018 0:00, , 
4/15/2018 1:00, ,11.92
4/15/2018 2:00,12.8,11.9
4/15/2018 3:00,11.56,12.2
4/15/2018 4:00,15.83,10.7
4/15/2018 5:00,17.72,11.18
4/15/2018 6:00,18.98,10.98
4/15/2018 7:00,19.48,9.61
4/15/2018 8:00,3.868,11.46
4/15/2018 9:00,7.36,11.72
4/15/2018 10:00,9.08,11.18
4/15/2018 11:00,8.67,9.37
4/15/2018 12:00, ,7.901
4/15/2018 13:00,7.27,7.976
4/15/2018 14:00,8.3,9.26
4/15/2018 15:00,8.95,8.47
4/15/2018 16:00,11.8,9.93
4/15/2018 17:00,11.06,9.71
4/15/2018 18:00,16.12,10.92
4/15/2018 19:00,16.76,9.97
4/15/2018 20:00,12.22,10.35
4/15/2018 21:00,15.66,10.69
4/15/2018 22:00,11.34,9.97
4/15/2018 23:00,9.07,8.99
4/16/2018 0:00, , 
4/16/2018 1:00, ,8.9
4/16/2018 2:00,11.8,8.3
4/16/2018 3:00,13.89,7.532
4/16/2018 4:00,13.97,7.166
4/16/2018 5:00,13.48,6.257
4/16/2018 6:00,12.75,7.79
4/16/2018 7:00,11.03,6.777
4/16/2018 8:00,10.65,5.545
4/16/2018 9:00,10.53,5.441
4/16/2018 10:00,11.76,4.836
4/16/2018 11:00,12.18,6.076
4/16/2018 12:00,11.61,6.703
4/16/2018 13:00, ,6.31
4/16/2018 14:00,12.61,7.256
4/16/2018 15:00,12.06,6.127
4/16/2018 16:00,11.91,6.124
4/16/2018 17:00,11.9,6.063
4/16/2018 18:00,12.22,6.978
4/16/2018 19:00,12.49,8.15
4/16/2018 20:00,14.29,8.34
4/16/2018 21:00,14.92,9.29
4/16/2018 22:00,15.78,9.59
4/16/2018 23:00,14.78,8.94
4/17/2018 0:00, , 
4/17/2018 1:00, ,8.75
4/17/2018 2:00,14.51,8.96
4/17/2018 3:00,14.91,8.01
4/17/2018 4:00,16.07,8.55
4/17/2018 5:00,15.29,7.753
4/17/2018 6:00,16.01,7.426
4/17/2018 7:00, ,9.03
4/17/2018 8:00,15.79,8.91
4/17/2018 9:00,16.26,9.61
4/17/2018 10:00,16.25,9.01
4/17/2018 11:00, ,9.82
4/17/2018 12:00,14.81,10.49
4/17/2018 13:00,14.72,10.87
4/17/2018 14:00,12.06,11.03
4/17/2018 15:00,12.77,11.23
4/17/2018 16:00,13,10.35
4/17/2018 17:00,16.88,12.2
4/17/2018 18:00,19.62,12.68
4/17/2018 19:00,19.45,13.11
4/17/2018 20:00,20.02,13.73
4/17/2018 21:00,21.65,12.91
4/17/2018 22:00,22.14,11.34
4/17/2018 23:00,22.21,13.4
4/18/2018 0:00, , 
4/18/2018 1:00, ,14.05
4/18/2018 2:00,22.72,12.85
4/18/2018 3:00,22.72,13.92
4/18/2018 4:00,23.27,14.23
4/18/2018 5:00,22.83,14.35
4/18/2018 6:00,20.75,14.72
4/18/2018 7:00,15.02,13.32
4/18/2018 8:00,13.42,12.97
4/18/2018 9:00,13.24,11.49
4/18/2018 10:00,11.93,9.93
4/18/2018 11:00,12.89,10.1
4/18/2018 12:00,13.32,10.1
4/18/2018 13:00,13.07,9.87
4/18/2018 14:00,11.38,8.47
4/18/2018 15:00,12.18,9.14
4/18/2018 16:00,11.26,10.43
4/18/2018 17:00,12,8.88
4/18/2018 18:00,12.28,8.96
4/18/2018 19:00,13.43,7.769
4/18/2018 20:00,13.9,8.23
4/18/2018 21:00,12.39,7.583
4/18/2018 22:00,10.52,8.12
4/18/2018 23:00,11.69,7.537
4/19/2018 0:00, , 
4/19/2018 1:00, ,9.07
4/19/2018 2:00,14.15,9.17
4/19/2018 3:00,13.91,8.63
4/19/2018 4:00,15.44,10.1
4/19/2018 5:00,14.96,9.18
4/19/2018 6:00,14.2,8.78
4/19/2018 7:00,13.75,8.11
4/19/2018 8:00,13.8,7.439
4/19/2018 9:00,12.81,6.753
4/19/2018 10:00,12.53,6.137
4/19/2018 11:00,11.91,7.096
4/19/2018 12:00,10.86,6.846
4/19/2018 13:00,11.43,6.298
4/19/2018 14:00,10.93,9.2
4/19/2018 15:00,11.51,8.41
4/19/2018 16:00, ,7.454
4/19/2018 17:00,11.84,8.83
4/19/2018 18:00,12.87,9.02
4/19/2018 19:00,13.54,10.35
4/19/2018 20:00,12.15,9.84
4/19/2018 21:00,11.9, 
4/19/2018 22:00,13.76,10.75
4/19/2018 23:00,12.7,11.48
4/20/2018 0:00, , 
4/20/2018 1:00, ,8.75
4/20/2018 2:00,11.2,7.927
4/20/2018 3:00,11.79,7.659
4/20/2018 4:00,11.46,6.464
4/20/2018 5:00,10.61,6.13
4/20/2018 6:00,10.48,6.171
4/20/2018 7:00,9.75,5.34
4/20/2018 8:00,10.08,5.317
4/20/2018 9:00,10.56,6.15
4/20/2018 10:00,10.16,4.902
4/20/2018 11:00,10,4.218
4/20/2018 12:00,10.99,6.502
4/20/2018 13:00,11.03,6.178
4/20/2018 14:00, ,6.044
4/20/2018 15:00,10.1,5.349
4/20/2018 16:00,9.96,6.267
4/20/2018 17:00,9.63,6.574
4/20/2018 18:00,9.05,5.958
4/20/2018 19:00,8.51,5.802
4/20/2018 20:00,8.12,5.025
4/20/2018 21:00,7.789,4.901
4/20/2018 22:00,8.38,4.81
4/20/2018 23:00, ,5.798
4/21/2018 0:00, , 
4/21/2018 1:00, ,7.894
4/21/2018 2:00,12.48,8.1
4/21/2018 3:00,12.56,7.348
4/21/2018 4:00,12.76,8.53
4/21/2018 5:00,12.86,9.8
4/21/2018 6:00,14.58,8.69
4/21/2018 7:00,14.01,8.36
4/21/2018 8:00,11.88,8.81
4/21/2018 9:00,10.52,8.55
4/21/2018 10:00,10.79,9.16
4/21/2018 11:00,11.27,9.79
4/21/2018 12:00,12.85,9.55
4/21/2018 13:00,12.77, 
4/21/2018 14:00,13.22,9.02
4/21/2018 15:00,11.52,7.671
4/21/2018 16:00,9.45,7.161
4/21/2018 17:00,8.25,6.707
4/21/2018 18:00,10.36,7.796
4/21/2018 19:00,9.61,6.727
4/21/2018 20:00,10.19,8.08
4/21/2018 21:00,11.03,7.067
4/21/2018 22:00,10.84,7.339
4/21/2018 23:00,10.91,7.175
4/22/2018 0:00, , 
4/22/2018 1:00, ,7.344
4/22/2018 2:00,11.4,7.424
4/22/2018 3:00,11.37,6.933
4/22/2018 4:00,11.06,6.631
4/22/2018 5:00,9.75,6.499
4/22/2018 6:00,8.57,7.243
4/22/2018 7:00,12.73,7.766
4/22/2018 8:00,11.76,7.82
4/22/2018 9:00,11.46,8.1
4/22/2018 10:00,12.46,8.14
4/22/2018 11:00,12.01,7.211
4/22/2018 12:00,11.68, 
4/22/2018 13:00,10.26,8.06
4/22/2018 14:00,10.68,8.54
4/22/2018 15:00,10.42,8.53
4/22/2018 16:00,11.71,8.37
4/22/2018 17:00,11.62,7.483
4/22/2018 18:00,11.86,8.36
4/22/2018 19:00,11.78,8.75
4/22/2018 20:00,12.56,8.65
4/22/2018 21:00,12.56,8.43
4/22/2018 22:00,13.36,8.66
4/22/2018 23:00, , 
4/23/2018 0:00, , 
4/23/2018 1:00, ,9.64
4/23/2018 2:00,14.47,10.23
4/23/2018 3:00,15.86,10.83
4/23/2018 4:00,16.34,10.63
4/23/2018 5:00,15.68,10.55
4/23/2018 6:00,18.23,11.8
4/23/2018 7:00,20.32,12.12
